0 verbose cli C:\Program Files\nodejs\node.exe C:\Program Files\nodejs\node_modules\npm\bin\npm-cli.js
1 info using npm@10.9.4
2 info using node@v22.22.0
3 silly config load:file:C:\Program Files\nodejs\node_modules\npm\npmrc
4 silly config load:file:C:\Users\USUARIO\OneDrive - Unicamacho-academico\Documentos\New project\ProyectoIA\.npmrc
5 silly config load:file:C:\Users\USUARIO\.npmrc
6 silly config load:file:C:\Users\USUARIO\AppData\Roaming\npm\etc\npmrc
7 verbose title npm i qrcode
8 verbose argv "i" "qrcode" "--no-audit" "--no-fund" "--fetch-retries" "5" "--fetch-retry-mintimeout" "20000" "--fetch-retry-maxtimeout" "120000"
9 verbose logfile logs-max:10 dir:C:\Users\USUARIO\OneDrive - Unicamacho-academico\Documentos\New project\ProyectoIA\.npm-cache\_logs\2026-05-17T04_48_34_532Z-
10 verbose logfile C:\Users\USUARIO\OneDrive - Unicamacho-academico\Documentos\New project\ProyectoIA\.npm-cache\_logs\2026-05-17T04_48_34_532Z-debug-0.log
11 silly logfile done cleaning log files
12 silly packumentCache heap:4345298944 maxSize:1086324736 maxEntrySize:543162368
13 silly idealTree buildDeps
14 silly fetch manifest qrcode@*
15 silly packumentCache full:https://registry.npmjs.org/qrcode cache-miss
16 http fetch GET 200 https://registry.npmjs.org/qrcode 6115ms (cache revalidated)
17 silly packumentCache full:https://registry.npmjs.org/qrcode set size:131489 disposed:false
18 silly placeDep ROOT qrcode@1.5.4 REPLACE for: proyectia@1.0.0 want: *
19 silly reify mark retired [
19 silly reify   'C:\\Users\\USUARIO\\OneDrive - Unicamacho-academico\\Documentos\\New project\\ProyectoIA\\node_modules\\expo-camera'
19 silly reify ]
20 silly reify mark retired [
20 silly reify   'C:\\Users\\USUARIO\\OneDrive - Unicamacho-academico\\Documentos\\New project\\ProyectoIA\\node_modules\\expo-file-system'
20 silly reify ]
21 silly reify mark retired [
21 silly reify   'C:\\Users\\USUARIO\\OneDrive - Unicamacho-academico\\Documentos\\New project\\ProyectoIA\\node_modules\\expo-media-library'
21 silly reify ]
22 silly reify mark retired [
22 silly reify   'C:\\Users\\USUARIO\\OneDrive - Unicamacho-academico\\Documentos\\New project\\ProyectoIA\\node_modules\\expo-modules-core'
22 silly reify ]
23 silly reify mark retired [
23 silly reify   'C:\\Users\\USUARIO\\OneDrive - Unicamacho-academico\\Documentos\\New project\\ProyectoIA\\node_modules\\fb-dotslash'
23 silly reify ]
24 silly reify mark retired [
24 silly reify   'C:\\Users\\USUARIO\\OneDrive - Unicamacho-academico\\Documentos\\New project\\ProyectoIA\\node_modules\\fsevents'
24 silly reify ]
25 silly reify mark retired [
25 silly reify   'C:\\Users\\USUARIO\\OneDrive - Unicamacho-academico\\Documentos\\New project\\ProyectoIA\\node_modules\\hermes-compiler'
25 silly reify ]
26 silly reify mark retired [
26 silly reify   'C:\\Users\\USUARIO\\OneDrive - Unicamacho-academico\\Documentos\\New project\\ProyectoIA\\node_modules\\lightningcss-android-arm64'
26 silly reify ]
27 silly reify mark retired [
27 silly reify   'C:\\Users\\USUARIO\\OneDrive - Unicamacho-academico\\Documentos\\New project\\ProyectoIA\\node_modules\\lightningcss-darwin-arm64'
27 silly reify ]
28 silly reify mark retired [
28 silly reify   'C:\\Users\\USUARIO\\OneDrive - Unicamacho-academico\\Documentos\\New project\\ProyectoIA\\node_modules\\lightningcss-darwin-x64'
28 silly reify ]
29 silly reify mark retired [
29 silly reify   'C:\\Users\\USUARIO\\OneDrive - Unicamacho-academico\\Documentos\\New project\\ProyectoIA\\node_modules\\lightningcss-freebsd-x64'
29 silly reify ]
30 silly reify mark retired [
30 silly reify   'C:\\Users\\USUARIO\\OneDrive - Unicamacho-academico\\Documentos\\New project\\ProyectoIA\\node_modules\\lightningcss-linux-arm-gnueabihf'
30 silly reify ]
31 silly reify mark retired [
31 silly reify   'C:\\Users\\USUARIO\\OneDrive - Unicamacho-academico\\Documentos\\New project\\ProyectoIA\\node_modules\\lightningcss-linux-arm64-gnu'
31 silly reify ]
32 silly reify mark retired [
32 silly reify   'C:\\Users\\USUARIO\\OneDrive - Unicamacho-academico\\Documentos\\New project\\ProyectoIA\\node_modules\\lightningcss-linux-arm64-musl'
32 silly reify ]
33 silly reify mark retired [
33 silly reify   'C:\\Users\\USUARIO\\OneDrive - Unicamacho-academico\\Documentos\\New project\\ProyectoIA\\node_modules\\lightningcss-linux-x64-gnu'
33 silly reify ]
34 silly reify mark retired [
34 silly reify   'C:\\Users\\USUARIO\\OneDrive - Unicamacho-academico\\Documentos\\New project\\ProyectoIA\\node_modules\\lightningcss-linux-x64-musl'
34 silly reify ]
35 silly reify mark retired [
35 silly reify   'C:\\Users\\USUARIO\\OneDrive - Unicamacho-academico\\Documentos\\New project\\ProyectoIA\\node_modules\\lightningcss-win32-arm64-msvc'
35 silly reify ]
36 silly reify mark retired [
36 silly reify   'C:\\Users\\USUARIO\\OneDrive - Unicamacho-academico\\Documentos\\New project\\ProyectoIA\\node_modules\\@babel\\code-frame'
36 silly reify ]
37 silly reify mark retired [
37 silly reify   'C:\\Users\\USUARIO\\OneDrive - Unicamacho-academico\\Documentos\\New project\\ProyectoIA\\node_modules\\@babel\\compat-data'
37 silly reify ]
38 silly reify mark retired [
38 silly reify   'C:\\Users\\USUARIO\\OneDrive - Unicamacho-academico\\Documentos\\New project\\ProyectoIA\\node_modules\\@babel\\core'
38 silly reify ]
39 silly reify mark retired [
39 silly reify   'C:\\Users\\USUARIO\\OneDrive - Unicamacho-academico\\Documentos\\New project\\ProyectoIA\\node_modules\\@babel\\generator'
39 silly reify ]
40 silly reify mark retired [
40 silly reify   'C:\\Users\\USUARIO\\OneDrive - Unicamacho-academico\\Documentos\\New project\\ProyectoIA\\node_modules\\@babel\\helper-annotate-as-pure'
40 silly reify ]
41 silly reify mark retired [
41 silly reify   'C:\\Users\\USUARIO\\OneDrive - Unicamacho-academico\\Documentos\\New project\\ProyectoIA\\node_modules\\@babel\\helper-compilation-targets'
41 silly reify ]
42 silly reify mark retired [
42 silly reify   'C:\\Users\\USUARIO\\OneDrive - Unicamacho-academico\\Documentos\\New project\\ProyectoIA\\node_modules\\@babel\\helper-create-class-features-plugin'
42 silly reify ]
43 silly reify mark retired [
43 silly reify   'C:\\Users\\USUARIO\\OneDrive - Unicamacho-academico\\Documentos\\New project\\ProyectoIA\\node_modules\\@babel\\helper-create-regexp-features-plugin'
43 silly reify ]
44 silly reify mark retired [
44 silly reify   'C:\\Users\\USUARIO\\OneDrive - Unicamacho-academico\\Documentos\\New project\\ProyectoIA\\node_modules\\@babel\\helper-define-polyfill-provider'
44 silly reify ]
45 silly reify mark retired [
45 silly reify   'C:\\Users\\USUARIO\\OneDrive - Unicamacho-academico\\Documentos\\New project\\ProyectoIA\\node_modules\\@babel\\helper-globals'
45 silly reify ]
46 silly reify mark retired [
46 silly reify   'C:\\Users\\USUARIO\\OneDrive - Unicamacho-academico\\Documentos\\New project\\ProyectoIA\\node_modules\\@babel\\helper-member-expression-to-functions'
46 silly reify ]
47 silly reify mark retired [
47 silly reify   'C:\\Users\\USUARIO\\OneDrive - Unicamacho-academico\\Documentos\\New project\\ProyectoIA\\node_modules\\@babel\\helper-module-imports'
47 silly reify ]
48 silly reify mark retired [
48 silly reify   'C:\\Users\\USUARIO\\OneDrive - Unicamacho-academico\\Documentos\\New project\\ProyectoIA\\node_modules\\@babel\\helper-module-transforms'
48 silly reify ]
49 silly reify mark retired [
49 silly reify   'C:\\Users\\USUARIO\\OneDrive - Unicamacho-academico\\Documentos\\New project\\ProyectoIA\\node_modules\\@babel\\helper-optimise-call-expression'
49 silly reify ]
50 silly reify mark retired [
50 silly reify   'C:\\Users\\USUARIO\\OneDrive - Unicamacho-academico\\Documentos\\New project\\ProyectoIA\\node_modules\\@babel\\helper-plugin-utils'
50 silly reify ]
51 silly reify mark retired [
51 silly reify   'C:\\Users\\USUARIO\\OneDrive - Unicamacho-academico\\Documentos\\New project\\ProyectoIA\\node_modules\\@babel\\helper-remap-async-to-generator'
51 silly reify ]
52 silly reify mark retired [
52 silly reify   'C:\\Users\\USUARIO\\OneDrive - Unicamacho-academico\\Documentos\\New project\\ProyectoIA\\node_modules\\@babel\\helper-replace-supers'
52 silly reify ]
53 silly reify mark retired [
53 silly reify   'C:\\Users\\USUARIO\\OneDrive - Unicamacho-academico\\Documentos\\New project\\ProyectoIA\\node_modules\\@babel\\helper-skip-transparent-expression-wrappers'
53 silly reify ]
54 silly reify mark retired [
54 silly reify   'C:\\Users\\USUARIO\\OneDrive - Unicamacho-academico\\Documentos\\New project\\ProyectoIA\\node_modules\\@babel\\helper-string-parser'
54 silly reify ]
55 silly reify mark retired [
55 silly reify   'C:\\Users\\USUARIO\\OneDrive - Unicamacho-academico\\Documentos\\New project\\ProyectoIA\\node_modules\\@babel\\helper-validator-identifier'
55 silly reify ]
56 silly reify mark retired [
56 silly reify   'C:\\Users\\USUARIO\\OneDrive - Unicamacho-academico\\Documentos\\New project\\ProyectoIA\\node_modules\\@babel\\helper-validator-option'
56 silly reify ]
57 silly reify mark retired [
57 silly reify   'C:\\Users\\USUARIO\\OneDrive - Unicamacho-academico\\Documentos\\New project\\ProyectoIA\\node_modules\\@babel\\helper-wrap-function'
57 silly reify ]
58 silly reify mark retired [
58 silly reify   'C:\\Users\\USUARIO\\OneDrive - Unicamacho-academico\\Documentos\\New project\\ProyectoIA\\node_modules\\@babel\\helpers'
58 silly reify ]
59 silly reify mark retired [
59 silly reify   'C:\\Users\\USUARIO\\OneDrive - Unicamacho-academico\\Documentos\\New project\\ProyectoIA\\node_modules\\@babel\\parser'
59 silly reify ]
60 silly reify mark retired [
60 silly reify   'C:\\Users\\USUARIO\\OneDrive - Unicamacho-academico\\Documentos\\New project\\ProyectoIA\\node_modules\\@babel\\plugin-proposal-decorators'
60 silly reify ]
61 silly reify mark retired [
61 silly reify   'C:\\Users\\USUARIO\\OneDrive - Unicamacho-academico\\Documentos\\New project\\ProyectoIA\\node_modules\\@babel\\plugin-proposal-export-default-from'
61 silly reify ]
62 silly reify mark retired [
62 silly reify   'C:\\Users\\USUARIO\\OneDrive - Unicamacho-academico\\Documentos\\New project\\ProyectoIA\\node_modules\\@babel\\plugin-syntax-async-generators'
62 silly reify ]
63 silly reify mark retired [
63 silly reify   'C:\\Users\\USUARIO\\OneDrive - Unicamacho-academico\\Documentos\\New project\\ProyectoIA\\node_modules\\@babel\\plugin-syntax-bigint'
63 silly reify ]
64 silly reify mark retired [
64 silly reify   'C:\\Users\\USUARIO\\OneDrive - Unicamacho-academico\\Documentos\\New project\\ProyectoIA\\node_modules\\@babel\\plugin-syntax-class-properties'
64 silly reify ]
65 silly reify mark retired [
65 silly reify   'C:\\Users\\USUARIO\\OneDrive - Unicamacho-academico\\Documentos\\New project\\ProyectoIA\\node_modules\\@babel\\plugin-syntax-class-static-block'
65 silly reify ]
66 silly reify mark retired [
66 silly reify   'C:\\Users\\USUARIO\\OneDrive - Unicamacho-academico\\Documentos\\New project\\ProyectoIA\\node_modules\\@babel\\plugin-syntax-decorators'
66 silly reify ]
67 silly reify mark retired [
67 silly reify   'C:\\Users\\USUARIO\\OneDrive - Unicamacho-academico\\Documentos\\New project\\ProyectoIA\\node_modules\\@babel\\plugin-syntax-dynamic-import'
67 silly reify ]
68 silly reify mark retired [
68 silly reify   'C:\\Users\\USUARIO\\OneDrive - Unicamacho-academico\\Documentos\\New project\\ProyectoIA\\node_modules\\@babel\\plugin-syntax-export-default-from'
68 silly reify ]
69 silly reify mark retired [
69 silly reify   'C:\\Users\\USUARIO\\OneDrive - Unicamacho-academico\\Documentos\\New project\\ProyectoIA\\node_modules\\@babel\\plugin-syntax-flow'
69 silly reify ]
70 silly reify mark retired [
70 silly reify   'C:\\Users\\USUARIO\\OneDrive - Unicamacho-academico\\Documentos\\New project\\ProyectoIA\\node_modules\\@babel\\plugin-syntax-import-meta'
70 silly reify ]
71 silly reify mark retired [
71 silly reify   'C:\\Users\\USUARIO\\OneDrive - Unicamacho-academico\\Documentos\\New project\\ProyectoIA\\node_modules\\@babel\\plugin-syntax-json-strings'
71 silly reify ]
72 silly reify mark retired [
72 silly reify   'C:\\Users\\USUARIO\\OneDrive - Unicamacho-academico\\Documentos\\New project\\ProyectoIA\\node_modules\\@babel\\plugin-syntax-import-attributes'
72 silly reify ]
73 silly reify mark retired [
73 silly reify   'C:\\Users\\USUARIO\\OneDrive - Unicamacho-academico\\Documentos\\New project\\ProyectoIA\\node_modules\\@babel\\plugin-syntax-jsx'
73 silly reify ]
74 silly reify mark retired [
74 silly reify   'C:\\Users\\USUARIO\\OneDrive - Unicamacho-academico\\Documentos\\New project\\ProyectoIA\\node_modules\\@babel\\plugin-syntax-logical-assignment-operators'
74 silly reify ]
75 silly reify mark retired [
75 silly reify   'C:\\Users\\USUARIO\\OneDrive - Unicamacho-academico\\Documentos\\New project\\ProyectoIA\\node_modules\\@babel\\plugin-syntax-nullish-coalescing-operator'
75 silly reify ]
76 silly reify mark retired [
76 silly reify   'C:\\Users\\USUARIO\\OneDrive - Unicamacho-academico\\Documentos\\New project\\ProyectoIA\\node_modules\\@babel\\plugin-syntax-numeric-separator'
76 silly reify ]
77 silly reify mark retired [
77 silly reify   'C:\\Users\\USUARIO\\OneDrive - Unicamacho-academico\\Documentos\\New project\\ProyectoIA\\node_modules\\@babel\\plugin-syntax-object-rest-spread'
77 silly reify ]
78 silly reify mark retired [
78 silly reify   'C:\\Users\\USUARIO\\OneDrive - Unicamacho-academico\\Documentos\\New project\\ProyectoIA\\node_modules\\@babel\\plugin-syntax-optional-catch-binding'
78 silly reify ]
79 silly reify mark retired [
79 silly reify   'C:\\Users\\USUARIO\\OneDrive - Unicamacho-academico\\Documentos\\New project\\ProyectoIA\\node_modules\\@babel\\plugin-syntax-optional-chaining'
79 silly reify ]
80 silly reify mark retired [
80 silly reify   'C:\\Users\\USUARIO\\OneDrive - Unicamacho-academico\\Documentos\\New project\\ProyectoIA\\node_modules\\@babel\\plugin-syntax-private-property-in-object'
80 silly reify ]
81 silly reify mark retired [
81 silly reify   'C:\\Users\\USUARIO\\OneDrive - Unicamacho-academico\\Documentos\\New project\\ProyectoIA\\node_modules\\@babel\\plugin-syntax-top-level-await'
81 silly reify ]
82 silly reify mark retired [
82 silly reify   'C:\\Users\\USUARIO\\OneDrive - Unicamacho-academico\\Documentos\\New project\\ProyectoIA\\node_modules\\@babel\\plugin-syntax-typescript'
82 silly reify ]
83 silly reify mark retired [
83 silly reify   'C:\\Users\\USUARIO\\OneDrive - Unicamacho-academico\\Documentos\\New project\\ProyectoIA\\node_modules\\@babel\\plugin-transform-arrow-functions'
83 silly reify ]
84 silly reify mark retired [
84 silly reify   'C:\\Users\\USUARIO\\OneDrive - Unicamacho-academico\\Documentos\\New project\\ProyectoIA\\node_modules\\@babel\\plugin-transform-async-generator-functions'
84 silly reify ]
85 silly reify mark retired [
85 silly reify   'C:\\Users\\USUARIO\\OneDrive - Unicamacho-academico\\Documentos\\New project\\ProyectoIA\\node_modules\\@babel\\plugin-transform-async-to-generator'
85 silly reify ]
86 silly reify mark retired [
86 silly reify   'C:\\Users\\USUARIO\\OneDrive - Unicamacho-academico\\Documentos\\New project\\ProyectoIA\\node_modules\\@babel\\plugin-transform-class-properties'
86 silly reify ]
87 silly reify mark retired [
87 silly reify   'C:\\Users\\USUARIO\\OneDrive - Unicamacho-academico\\Documentos\\New project\\ProyectoIA\\node_modules\\@babel\\plugin-transform-class-static-block'
87 silly reify ]
88 silly reify mark retired [
88 silly reify   'C:\\Users\\USUARIO\\OneDrive - Unicamacho-academico\\Documentos\\New project\\ProyectoIA\\node_modules\\@babel\\plugin-transform-block-scoping'
88 silly reify ]
89 silly reify mark retired [
89 silly reify   'C:\\Users\\USUARIO\\OneDrive - Unicamacho-academico\\Documentos\\New project\\ProyectoIA\\node_modules\\@babel\\plugin-transform-classes'
89 silly reify ]
90 silly reify mark retired [
90 silly reify   'C:\\Users\\USUARIO\\OneDrive - Unicamacho-academico\\Documentos\\New project\\ProyectoIA\\node_modules\\@babel\\plugin-transform-computed-properties'
90 silly reify ]
91 silly reify mark retired [
91 silly reify   'C:\\Users\\USUARIO\\OneDrive - Unicamacho-academico\\Documentos\\New project\\ProyectoIA\\node_modules\\@babel\\plugin-transform-destructuring'
91 silly reify ]
92 silly reify mark retired [
92 silly reify   'C:\\Users\\USUARIO\\OneDrive - Unicamacho-academico\\Documentos\\New project\\ProyectoIA\\node_modules\\@babel\\plugin-transform-export-namespace-from'
92 silly reify ]
93 silly reify mark retired [
93 silly reify   'C:\\Users\\USUARIO\\OneDrive - Unicamacho-academico\\Documentos\\New project\\ProyectoIA\\node_modules\\@babel\\plugin-transform-flow-strip-types'
93 silly reify ]
94 silly reify mark retired [
94 silly reify   'C:\\Users\\USUARIO\\OneDrive - Unicamacho-academico\\Documentos\\New project\\ProyectoIA\\node_modules\\@babel\\plugin-transform-for-of'
94 silly reify ]
95 silly reify mark retired [
95 silly reify   'C:\\Users\\USUARIO\\OneDrive - Unicamacho-academico\\Documentos\\New project\\ProyectoIA\\node_modules\\@babel\\plugin-transform-function-name'
95 silly reify ]
96 silly reify mark retired [
96 silly reify   'C:\\Users\\USUARIO\\OneDrive - Unicamacho-academico\\Documentos\\New project\\ProyectoIA\\node_modules\\@babel\\plugin-transform-literals'
96 silly reify ]
97 silly reify mark retired [
97 silly reify   'C:\\Users\\USUARIO\\OneDrive - Unicamacho-academico\\Documentos\\New project\\ProyectoIA\\node_modules\\@babel\\plugin-transform-logical-assignment-operators'
97 silly reify ]
98 silly reify mark retired [
98 silly reify   'C:\\Users\\USUARIO\\OneDrive - Unicamacho-academico\\Documentos\\New project\\ProyectoIA\\node_modules\\@babel\\plugin-transform-modules-commonjs'
98 silly reify ]
99 silly reify mark retired [
99 silly reify   'C:\\Users\\USUARIO\\OneDrive - Unicamacho-academico\\Documentos\\New project\\ProyectoIA\\node_modules\\@babel\\plugin-transform-named-capturing-groups-regex'
99 silly reify ]
100 silly reify mark retired [
100 silly reify   'C:\\Users\\USUARIO\\OneDrive - Unicamacho-academico\\Documentos\\New project\\ProyectoIA\\node_modules\\@babel\\plugin-transform-nullish-coalescing-operator'
100 silly reify ]
101 silly reify mark retired [
101 silly reify   'C:\\Users\\USUARIO\\OneDrive - Unicamacho-academico\\Documentos\\New project\\ProyectoIA\\node_modules\\@babel\\plugin-transform-numeric-separator'
101 silly reify ]
102 silly reify mark retired [
102 silly reify   'C:\\Users\\USUARIO\\OneDrive - Unicamacho-academico\\Documentos\\New project\\ProyectoIA\\node_modules\\@babel\\plugin-transform-object-rest-spread'
102 silly reify ]
103 silly reify mark retired [
103 silly reify   'C:\\Users\\USUARIO\\OneDrive - Unicamacho-academico\\Documentos\\New project\\ProyectoIA\\node_modules\\@babel\\plugin-transform-optional-catch-binding'
103 silly reify ]
104 silly reify mark retired [
104 silly reify   'C:\\Users\\USUARIO\\OneDrive - Unicamacho-academico\\Documentos\\New project\\ProyectoIA\\node_modules\\@babel\\plugin-transform-optional-chaining'
104 silly reify ]
105 silly reify mark retired [
105 silly reify   'C:\\Users\\USUARIO\\OneDrive - Unicamacho-academico\\Documentos\\New project\\ProyectoIA\\node_modules\\@babel\\plugin-transform-private-methods'
105 silly reify ]
106 silly reify mark retired [
106 silly reify   'C:\\Users\\USUARIO\\OneDrive - Unicamacho-academico\\Documentos\\New project\\ProyectoIA\\node_modules\\@babel\\plugin-transform-parameters'
106 silly reify ]
107 silly reify mark retired [
107 silly reify   'C:\\Users\\USUARIO\\OneDrive - Unicamacho-academico\\Documentos\\New project\\ProyectoIA\\node_modules\\@babel\\plugin-transform-private-property-in-object'
107 silly reify ]
108 silly reify mark retired [
108 silly reify   'C:\\Users\\USUARIO\\OneDrive - Unicamacho-academico\\Documentos\\New project\\ProyectoIA\\node_modules\\@babel\\plugin-transform-react-display-name'
108 silly reify ]
109 silly reify mark retired [
109 silly reify   'C:\\Users\\USUARIO\\OneDrive - Unicamacho-academico\\Documentos\\New project\\ProyectoIA\\node_modules\\@babel\\plugin-transform-react-jsx'
109 silly reify ]
110 silly reify mark retired [
110 silly reify   'C:\\Users\\USUARIO\\OneDrive - Unicamacho-academico\\Documentos\\New project\\ProyectoIA\\node_modules\\@babel\\plugin-transform-react-jsx-development'
110 silly reify ]
111 silly reify mark retired [
111 silly reify   'C:\\Users\\USUARIO\\OneDrive - Unicamacho-academico\\Documentos\\New project\\ProyectoIA\\node_modules\\@babel\\plugin-transform-react-jsx-self'
111 silly reify ]
112 silly reify mark retired [
112 silly reify   'C:\\Users\\USUARIO\\OneDrive - Unicamacho-academico\\Documentos\\New project\\ProyectoIA\\node_modules\\@babel\\plugin-transform-react-jsx-source'
112 silly reify ]
113 silly reify mark retired [
113 silly reify   'C:\\Users\\USUARIO\\OneDrive - Unicamacho-academico\\Documentos\\New project\\ProyectoIA\\node_modules\\@babel\\plugin-transform-react-pure-annotations'
113 silly reify ]
114 silly reify mark retired [
114 silly reify   'C:\\Users\\USUARIO\\OneDrive - Unicamacho-academico\\Documentos\\New project\\ProyectoIA\\node_modules\\@babel\\plugin-transform-regenerator'
114 silly reify ]
115 silly reify mark retired [
115 silly reify   'C:\\Users\\USUARIO\\OneDrive - Unicamacho-academico\\Documentos\\New project\\ProyectoIA\\node_modules\\@babel\\plugin-transform-runtime'
115 silly reify ]
116 silly reify mark retired [
116 silly reify   'C:\\Users\\USUARIO\\OneDrive - Unicamacho-academico\\Documentos\\New project\\ProyectoIA\\node_modules\\@babel\\plugin-transform-shorthand-properties'
116 silly reify ]
117 silly reify mark retired [
117 silly reify   'C:\\Users\\USUARIO\\OneDrive - Unicamacho-academico\\Documentos\\New project\\ProyectoIA\\node_modules\\@babel\\plugin-transform-spread'
117 silly reify ]
118 silly reify mark retired [
118 silly reify   'C:\\Users\\USUARIO\\OneDrive - Unicamacho-academico\\Documentos\\New project\\ProyectoIA\\node_modules\\@babel\\plugin-transform-sticky-regex'
118 silly reify ]
119 silly reify mark retired [
119 silly reify   'C:\\Users\\USUARIO\\OneDrive - Unicamacho-academico\\Documentos\\New project\\ProyectoIA\\node_modules\\@babel\\plugin-transform-template-literals'
119 silly reify ]
120 silly reify mark retired [
120 silly reify   'C:\\Users\\USUARIO\\OneDrive - Unicamacho-academico\\Documentos\\New project\\ProyectoIA\\node_modules\\@babel\\plugin-transform-typescript'
120 silly reify ]
121 silly reify mark retired [
121 silly reify   'C:\\Users\\USUARIO\\OneDrive - Unicamacho-academico\\Documentos\\New project\\ProyectoIA\\node_modules\\@babel\\preset-react'
121 silly reify ]
122 silly reify mark retired [
122 silly reify   'C:\\Users\\USUARIO\\OneDrive - Unicamacho-academico\\Documentos\\New project\\ProyectoIA\\node_modules\\@babel\\preset-typescript'
122 silly reify ]
123 silly reify mark retired [
123 silly reify   'C:\\Users\\USUARIO\\OneDrive - Unicamacho-academico\\Documentos\\New project\\ProyectoIA\\node_modules\\@babel\\plugin-transform-unicode-regex'
123 silly reify ]
124 silly reify mark retired [
124 silly reify   'C:\\Users\\USUARIO\\OneDrive - Unicamacho-academico\\Documentos\\New project\\ProyectoIA\\node_modules\\@babel\\runtime'
124 silly reify ]
125 silly reify mark retired [
125 silly reify   'C:\\Users\\USUARIO\\OneDrive - Unicamacho-academico\\Documentos\\New project\\ProyectoIA\\node_modules\\@babel\\template'
125 silly reify ]
126 silly reify mark retired [
126 silly reify   'C:\\Users\\USUARIO\\OneDrive - Unicamacho-academico\\Documentos\\New project\\ProyectoIA\\node_modules\\@babel\\types'
126 silly reify ]
127 silly reify mark retired [
127 silly reify   'C:\\Users\\USUARIO\\OneDrive - Unicamacho-academico\\Documentos\\New project\\ProyectoIA\\node_modules\\@babel\\traverse'
127 silly reify ]
128 silly reify mark retired [
128 silly reify   'C:\\Users\\USUARIO\\OneDrive - Unicamacho-academico\\Documentos\\New project\\ProyectoIA\\node_modules\\@egjs\\hammerjs'
128 silly reify ]
129 silly reify mark retired [
129 silly reify   'C:\\Users\\USUARIO\\OneDrive - Unicamacho-academico\\Documentos\\New project\\ProyectoIA\\node_modules\\@expo\\config'
129 silly reify ]
130 silly reify mark retired [
130 silly reify   'C:\\Users\\USUARIO\\OneDrive - Unicamacho-academico\\Documentos\\New project\\ProyectoIA\\node_modules\\@expo\\config-plugins'
130 silly reify ]
131 silly reify mark retired [
131 silly reify   'C:\\Users\\USUARIO\\OneDrive - Unicamacho-academico\\Documentos\\New project\\ProyectoIA\\node_modules\\@expo\\code-signing-certificates'
131 silly reify ]
132 silly reify mark retired [
132 silly reify   'C:\\Users\\USUARIO\\OneDrive - Unicamacho-academico\\Documentos\\New project\\ProyectoIA\\node_modules\\@expo\\config-types'
132 silly reify ]
133 silly reify mark retired [
133 silly reify   'C:\\Users\\USUARIO\\OneDrive - Unicamacho-academico\\Documentos\\New project\\ProyectoIA\\node_modules\\@expo\\devtools'
133 silly reify ]
134 silly reify mark retired [
134 silly reify   'C:\\Users\\USUARIO\\OneDrive - Unicamacho-academico\\Documentos\\New project\\ProyectoIA\\node_modules\\@expo\\dom-webview'
134 silly reify ]
135 silly reify mark retired [
135 silly reify   'C:\\Users\\USUARIO\\OneDrive - Unicamacho-academico\\Documentos\\New project\\ProyectoIA\\node_modules\\@expo\\devcert'
135 silly reify ]
136 silly reify mark retired [
136 silly reify   'C:\\Users\\USUARIO\\OneDrive - Unicamacho-academico\\Documentos\\New project\\ProyectoIA\\node_modules\\@expo\\env'
136 silly reify ]
137 silly reify mark retired [
137 silly reify   'C:\\Users\\USUARIO\\OneDrive - Unicamacho-academico\\Documentos\\New project\\ProyectoIA\\node_modules\\@expo\\fingerprint'
137 silly reify ]
138 silly reify mark retired [
138 silly reify   'C:\\Users\\USUARIO\\OneDrive - Unicamacho-academico\\Documentos\\New project\\ProyectoIA\\node_modules\\@expo\\json-file'
138 silly reify ]
139 silly reify mark retired [
139 silly reify   'C:\\Users\\USUARIO\\OneDrive - Unicamacho-academico\\Documentos\\New project\\ProyectoIA\\node_modules\\@expo\\image-utils'
139 silly reify ]
140 silly reify mark retired [
140 silly reify   'C:\\Users\\USUARIO\\OneDrive - Unicamacho-academico\\Documentos\\New project\\ProyectoIA\\node_modules\\@expo\\local-build-cache-provider'
140 silly reify ]
141 silly reify mark retired [
141 silly reify   'C:\\Users\\USUARIO\\OneDrive - Unicamacho-academico\\Documentos\\New project\\ProyectoIA\\node_modules\\@expo\\log-box'
141 silly reify ]
142 silly reify mark retired [
142 silly reify   'C:\\Users\\USUARIO\\OneDrive - Unicamacho-academico\\Documentos\\New project\\ProyectoIA\\node_modules\\@expo\\metro'
142 silly reify ]
143 silly reify mark retired [
143 silly reify   'C:\\Users\\USUARIO\\OneDrive - Unicamacho-academico\\Documentos\\New project\\ProyectoIA\\node_modules\\@expo\\metro-config'
143 silly reify ]
144 silly reify mark retired [
144 silly reify   'C:\\Users\\USUARIO\\OneDrive - Unicamacho-academico\\Documentos\\New project\\ProyectoIA\\node_modules\\@expo\\osascript'
144 silly reify ]
145 silly reify mark retired [
145 silly reify   'C:\\Users\\USUARIO\\OneDrive - Unicamacho-academico\\Documentos\\New project\\ProyectoIA\\node_modules\\@expo\\package-manager'
145 silly reify ]
146 silly reify mark retired [
146 silly reify   'C:\\Users\\USUARIO\\OneDrive - Unicamacho-academico\\Documentos\\New project\\ProyectoIA\\node_modules\\@expo\\plist'
146 silly reify ]
147 silly reify mark retired [
147 silly reify   'C:\\Users\\USUARIO\\OneDrive - Unicamacho-academico\\Documentos\\New project\\ProyectoIA\\node_modules\\@expo\\prebuild-config'
147 silly reify ]
148 silly reify mark retired [
148 silly reify   'C:\\Users\\USUARIO\\OneDrive - Unicamacho-academico\\Documentos\\New project\\ProyectoIA\\node_modules\\@expo\\schema-utils'
148 silly reify ]
149 silly reify mark retired [
149 silly reify   'C:\\Users\\USUARIO\\OneDrive - Unicamacho-academico\\Documentos\\New project\\ProyectoIA\\node_modules\\@expo\\vector-icons'
149 silly reify ]
150 silly reify mark retired [
150 silly reify   'C:\\Users\\USUARIO\\OneDrive - Unicamacho-academico\\Documentos\\New project\\ProyectoIA\\node_modules\\@react-native\\assets-registry'
150 silly reify ]
151 silly reify mark retired [
151 silly reify   'C:\\Users\\USUARIO\\OneDrive - Unicamacho-academico\\Documentos\\New project\\ProyectoIA\\node_modules\\@react-native\\babel-preset'
151 silly reify ]
152 silly reify mark retired [
152 silly reify   'C:\\Users\\USUARIO\\OneDrive - Unicamacho-academico\\Documentos\\New project\\ProyectoIA\\node_modules\\@react-native\\codegen'
152 silly reify ]
153 silly reify mark retired [
153 silly reify   'C:\\Users\\USUARIO\\OneDrive - Unicamacho-academico\\Documentos\\New project\\ProyectoIA\\node_modules\\@react-native\\debugger-frontend'
153 silly reify ]
154 silly reify mark retired [
154 silly reify   'C:\\Users\\USUARIO\\OneDrive - Unicamacho-academico\\Documentos\\New project\\ProyectoIA\\node_modules\\@react-native\\debugger-shell'
154 silly reify ]
155 silly reify mark retired [
155 silly reify   'C:\\Users\\USUARIO\\OneDrive - Unicamacho-academico\\Documentos\\New project\\ProyectoIA\\node_modules\\acorn',
155 silly reify   'C:\\Users\\USUARIO\\OneDrive - Unicamacho-academico\\Documentos\\New project\\ProyectoIA\\node_modules\\.bin\\acorn',
155 silly reify   'C:\\Users\\USUARIO\\OneDrive - Unicamacho-academico\\Documentos\\New project\\ProyectoIA\\node_modules\\.bin\\acorn.cmd',
155 silly reify   'C:\\Users\\USUARIO\\OneDrive - Unicamacho-academico\\Documentos\\New project\\ProyectoIA\\node_modules\\.bin\\acorn.ps1'
155 silly reify ]
156 silly reify mark retired [
156 silly reify   'C:\\Users\\USUARIO\\OneDrive - Unicamacho-academico\\Documentos\\New project\\ProyectoIA\\node_modules\\ansi-escapes\\node_modules\\type-fest'
156 silly reify ]
157 silly reify mark retired [
157 silly reify   'C:\\Users\\USUARIO\\OneDrive - Unicamacho-academico\\Documentos\\New project\\ProyectoIA\\node_modules\\babel-preset-expo\\node_modules\\babel-plugin-syntax-hermes-parser'
157 silly reify ]
158 silly reify mark retired [
158 silly reify   'C:\\Users\\USUARIO\\OneDrive - Unicamacho-academico\\Documentos\\New project\\ProyectoIA\\node_modules\\babel-preset-expo\\node_modules\\brace-expansion'
158 silly reify ]
159 silly reify mark retired [
159 silly reify   'C:\\Users\\USUARIO\\OneDrive - Unicamacho-academico\\Documentos\\New project\\ProyectoIA\\node_modules\\babel-preset-expo\\node_modules\\glob'
159 silly reify ]
160 silly reify mark retired [
160 silly reify   'C:\\Users\\USUARIO\\OneDrive - Unicamacho-academico\\Documentos\\New project\\ProyectoIA\\node_modules\\babel-preset-expo\\node_modules\\hermes-estree'
160 silly reify ]
161 silly reify mark retired [
161 silly reify   'C:\\Users\\USUARIO\\OneDrive - Unicamacho-academico\\Documentos\\New project\\ProyectoIA\\node_modules\\babel-preset-expo\\node_modules\\hermes-parser'
161 silly reify ]
162 silly reify mark retired [
162 silly reify   'C:\\Users\\USUARIO\\OneDrive - Unicamacho-academico\\Documentos\\New project\\ProyectoIA\\node_modules\\babel-preset-expo\\node_modules\\minimatch'
162 silly reify ]
163 silly reify mark retired [
163 silly reify   'C:\\Users\\USUARIO\\OneDrive - Unicamacho-academico\\Documentos\\New project\\ProyectoIA\\node_modules\\babel-preset-expo\\node_modules\\@react-native\\babel-plugin-codegen'
163 silly reify ]
164 silly reify mark retired [
164 silly reify   'C:\\Users\\USUARIO\\OneDrive - Unicamacho-academico\\Documentos\\New project\\ProyectoIA\\node_modules\\babel-preset-expo\\node_modules\\@react-native\\babel-preset'
164 silly reify ]
165 silly reify mark retired [
165 silly reify   'C:\\Users\\USUARIO\\OneDrive - Unicamacho-academico\\Documentos\\New project\\ProyectoIA\\node_modules\\babel-preset-expo\\node_modules\\@react-native\\codegen'
165 silly reify ]
166 silly reify mark retired [
166 silly reify   'C:\\Users\\USUARIO\\OneDrive - Unicamacho-academico\\Documentos\\New project\\ProyectoIA\\node_modules\\baseline-browser-mapping',
166 silly reify   'C:\\Users\\USUARIO\\OneDrive - Unicamacho-academico\\Documentos\\New project\\ProyectoIA\\node_modules\\.bin\\baseline-browser-mapping',
166 silly reify   'C:\\Users\\USUARIO\\OneDrive - Unicamacho-academico\\Documentos\\New project\\ProyectoIA\\node_modules\\.bin\\baseline-browser-mapping.cmd',
166 silly reify   'C:\\Users\\USUARIO\\OneDrive - Unicamacho-academico\\Documentos\\New project\\ProyectoIA\\node_modules\\.bin\\baseline-browser-mapping.ps1'
166 silly reify ]
167 silly reify mark retired [
167 silly reify   'C:\\Users\\USUARIO\\OneDrive - Unicamacho-academico\\Documentos\\New project\\ProyectoIA\\node_modules\\better-opn\\node_modules\\open'
167 silly reify ]
168 silly reify mark retired [
168 silly reify   'C:\\Users\\USUARIO\\OneDrive - Unicamacho-academico\\Documentos\\New project\\ProyectoIA\\node_modules\\brace-expansion\\node_modules\\balanced-match'
168 silly reify ]
169 silly reify mark retired [
169 silly reify   'C:\\Users\\USUARIO\\OneDrive - Unicamacho-academico\\Documentos\\New project\\ProyectoIA\\node_modules\\browserslist',
169 silly reify   'C:\\Users\\USUARIO\\OneDrive - Unicamacho-academico\\Documentos\\New project\\ProyectoIA\\node_modules\\.bin\\browserslist',
169 silly reify   'C:\\Users\\USUARIO\\OneDrive - Unicamacho-academico\\Documentos\\New project\\ProyectoIA\\node_modules\\.bin\\browserslist.cmd',
169 silly reify   'C:\\Users\\USUARIO\\OneDrive - Unicamacho-academico\\Documentos\\New project\\ProyectoIA\\node_modules\\.bin\\browserslist.ps1'
169 silly reify ]
170 silly reify mark retired [
170 silly reify   'C:\\Users\\USUARIO\\OneDrive - Unicamacho-academico\\Documentos\\New project\\ProyectoIA\\node_modules\\chrome-launcher',
170 silly reify   'C:\\Users\\USUARIO\\OneDrive - Unicamacho-academico\\Documentos\\New project\\ProyectoIA\\node_modules\\.bin\\print-chrome-path',
170 silly reify   'C:\\Users\\USUARIO\\OneDrive - Unicamacho-academico\\Documentos\\New project\\ProyectoIA\\node_modules\\.bin\\print-chrome-path.cmd',
170 silly reify   'C:\\Users\\USUARIO\\OneDrive - Unicamacho-academico\\Documentos\\New project\\ProyectoIA\\node_modules\\.bin\\print-chrome-path.ps1'
170 silly reify ]
171 silly reify mark retired [
171 silly reify   'C:\\Users\\USUARIO\\OneDrive - Unicamacho-academico\\Documentos\\New project\\ProyectoIA\\node_modules\\compression\\node_modules\\debug'
171 silly reify ]
172 silly reify mark retired [
172 silly reify   'C:\\Users\\USUARIO\\OneDrive - Unicamacho-academico\\Documentos\\New project\\ProyectoIA\\node_modules\\compression\\node_modules\\ms'
172 silly reify ]
173 silly reify mark retired [
173 silly reify   'C:\\Users\\USUARIO\\OneDrive - Unicamacho-academico\\Documentos\\New project\\ProyectoIA\\node_modules\\compression\\node_modules\\negotiator'
173 silly reify ]
174 silly reify mark retired [
174 silly reify   'C:\\Users\\USUARIO\\OneDrive - Unicamacho-academico\\Documentos\\New project\\ProyectoIA\\node_modules\\connect\\node_modules\\debug'
174 silly reify ]
175 silly reify mark retired [
175 silly reify   'C:\\Users\\USUARIO\\OneDrive - Unicamacho-academico\\Documentos\\New project\\ProyectoIA\\node_modules\\connect\\node_modules\\ms'
175 silly reify ]
176 silly reify mark retired [
176 silly reify   'C:\\Users\\USUARIO\\OneDrive - Unicamacho-academico\\Documentos\\New project\\ProyectoIA\\node_modules\\css-tree\\node_modules\\source-map'
176 silly reify ]
177 silly reify mark retired [
177 silly reify   'C:\\Users\\USUARIO\\OneDrive - Unicamacho-academico\\Documentos\\New project\\ProyectoIA\\node_modules\\esprima',
177 silly reify   'C:\\Users\\USUARIO\\OneDrive - Unicamacho-academico\\Documentos\\New project\\ProyectoIA\\node_modules\\.bin\\esparse',
177 silly reify   'C:\\Users\\USUARIO\\OneDrive - Unicamacho-academico\\Documentos\\New project\\ProyectoIA\\node_modules\\.bin\\esparse.cmd',
177 silly reify   'C:\\Users\\USUARIO\\OneDrive - Unicamacho-academico\\Documentos\\New project\\ProyectoIA\\node_modules\\.bin\\esparse.ps1',
177 silly reify   'C:\\Users\\USUARIO\\OneDrive - Unicamacho-academico\\Documentos\\New project\\ProyectoIA\\node_modules\\.bin\\esvalidate',
177 silly reify   'C:\\Users\\USUARIO\\OneDrive - Unicamacho-academico\\Documentos\\New project\\ProyectoIA\\node_modules\\.bin\\esvalidate.cmd',
177 silly reify   'C:\\Users\\USUARIO\\OneDrive - Unicamacho-academico\\Documentos\\New project\\ProyectoIA\\node_modules\\.bin\\esvalidate.ps1'
177 silly reify ]
178 silly reify mark retired [
178 silly reify   'C:\\Users\\USUARIO\\OneDrive - Unicamacho-academico\\Documentos\\New project\\ProyectoIA\\node_modules\\expo',
178 silly reify   'C:\\Users\\USUARIO\\OneDrive - Unicamacho-academico\\Documentos\\New project\\ProyectoIA\\node_modules\\.bin\\expo',
178 silly reify   'C:\\Users\\USUARIO\\OneDrive - Unicamacho-academico\\Documentos\\New project\\ProyectoIA\\node_modules\\.bin\\expo.cmd',
178 silly reify   'C:\\Users\\USUARIO\\OneDrive - Unicamacho-academico\\Documentos\\New project\\ProyectoIA\\node_modules\\.bin\\expo.ps1',
178 silly reify   'C:\\Users\\USUARIO\\OneDrive - Unicamacho-academico\\Documentos\\New project\\ProyectoIA\\node_modules\\.bin\\expo-modules-autolinking',
178 silly reify   'C:\\Users\\USUARIO\\OneDrive - Unicamacho-academico\\Documentos\\New project\\ProyectoIA\\node_modules\\.bin\\expo-modules-autolinking.cmd',
178 silly reify   'C:\\Users\\USUARIO\\OneDrive - Unicamacho-academico\\Documentos\\New project\\ProyectoIA\\node_modules\\.bin\\expo-modules-autolinking.ps1',
178 silly reify   'C:\\Users\\USUARIO\\OneDrive - Unicamacho-academico\\Documentos\\New project\\ProyectoIA\\node_modules\\.bin\\fingerprint',
178 silly reify   'C:\\Users\\USUARIO\\OneDrive - Unicamacho-academico\\Documentos\\New project\\ProyectoIA\\node_modules\\.bin\\fingerprint.cmd',
178 silly reify   'C:\\Users\\USUARIO\\OneDrive - Unicamacho-academico\\Documentos\\New project\\ProyectoIA\\node_modules\\.bin\\fingerprint.ps1'
178 silly reify ]
179 silly reify mark retired [
179 silly reify   'C:\\Users\\USUARIO\\OneDrive - Unicamacho-academico\\Documentos\\New project\\ProyectoIA\\node_modules\\expo-modules-autolinking',
179 silly reify   'C:\\Users\\USUARIO\\OneDrive - Unicamacho-academico\\Documentos\\New project\\ProyectoIA\\node_modules\\.bin\\expo-modules-autolinking',
179 silly reify   'C:\\Users\\USUARIO\\OneDrive - Unicamacho-academico\\Documentos\\New project\\ProyectoIA\\node_modules\\.bin\\expo-modules-autolinking.cmd',
179 silly reify   'C:\\Users\\USUARIO\\OneDrive - Unicamacho-academico\\Documentos\\New project\\ProyectoIA\\node_modules\\.bin\\expo-modules-autolinking.ps1'
179 silly reify ]
180 silly reify mark retired [
180 silly reify   'C:\\Users\\USUARIO\\OneDrive - Unicamacho-academico\\Documentos\\New project\\ProyectoIA\\node_modules\\fbjs\\node_modules\\promise'
180 silly reify ]
181 silly reify mark retired [
181 silly reify   'C:\\Users\\USUARIO\\OneDrive - Unicamacho-academico\\Documentos\\New project\\ProyectoIA\\node_modules\\finalhandler\\node_modules\\debug'
181 silly reify ]
182 silly reify mark retired [
182 silly reify   'C:\\Users\\USUARIO\\OneDrive - Unicamacho-academico\\Documentos\\New project\\ProyectoIA\\node_modules\\finalhandler\\node_modules\\ms'
182 silly reify ]
183 silly reify mark retired [
183 silly reify   'C:\\Users\\USUARIO\\OneDrive - Unicamacho-academico\\Documentos\\New project\\ProyectoIA\\node_modules\\hoist-non-react-statics\\node_modules\\react-is'
183 silly reify ]
184 silly reify mark retired [
184 silly reify   'C:\\Users\\USUARIO\\OneDrive - Unicamacho-academico\\Documentos\\New project\\ProyectoIA\\node_modules\\hosted-git-info\\node_modules\\lru-cache'
184 silly reify ]
185 silly reify mark retired [
185 silly reify   'C:\\Users\\USUARIO\\OneDrive - Unicamacho-academico\\Documentos\\New project\\ProyectoIA\\node_modules\\http-errors\\node_modules\\statuses'
185 silly reify ]
186 silly reify mark retired [
186 silly reify   'C:\\Users\\USUARIO\\OneDrive - Unicamacho-academico\\Documentos\\New project\\ProyectoIA\\node_modules\\image-size',
186 silly reify   'C:\\Users\\USUARIO\\OneDrive - Unicamacho-academico\\Documentos\\New project\\ProyectoIA\\node_modules\\.bin\\image-size',
186 silly reify   'C:\\Users\\USUARIO\\OneDrive - Unicamacho-academico\\Documentos\\New project\\ProyectoIA\\node_modules\\.bin\\image-size.cmd',
186 silly reify   'C:\\Users\\USUARIO\\OneDrive - Unicamacho-academico\\Documentos\\New project\\ProyectoIA\\node_modules\\.bin\\image-size.ps1'
186 silly reify ]
187 silly reify mark retired [
187 silly reify   'C:\\Users\\USUARIO\\OneDrive - Unicamacho-academico\\Documentos\\New project\\ProyectoIA\\node_modules\\is-docker',
187 silly reify   'C:\\Users\\USUARIO\\OneDrive - Unicamacho-academico\\Documentos\\New project\\ProyectoIA\\node_modules\\.bin\\is-docker',
187 silly reify   'C:\\Users\\USUARIO\\OneDrive - Unicamacho-academico\\Documentos\\New project\\ProyectoIA\\node_modules\\.bin\\is-docker.cmd',
187 silly reify   'C:\\Users\\USUARIO\\OneDrive - Unicamacho-academico\\Documentos\\New project\\ProyectoIA\\node_modules\\.bin\\is-docker.ps1'
187 silly reify ]
188 silly reify mark retired [
188 silly reify   'C:\\Users\\USUARIO\\OneDrive - Unicamacho-academico\\Documentos\\New project\\ProyectoIA\\node_modules\\jest-util\\node_modules\\ci-info'
188 silly reify ]
189 silly reify mark retired [
189 silly reify   'C:\\Users\\USUARIO\\OneDrive - Unicamacho-academico\\Documentos\\New project\\ProyectoIA\\node_modules\\jest-worker\\node_modules\\supports-color'
189 silly reify ]
190 silly reify mark retired [
190 silly reify   'C:\\Users\\USUARIO\\OneDrive - Unicamacho-academico\\Documentos\\New project\\ProyectoIA\\node_modules\\js-yaml',
190 silly reify   'C:\\Users\\USUARIO\\OneDrive - Unicamacho-academico\\Documentos\\New project\\ProyectoIA\\node_modules\\.bin\\js-yaml',
190 silly reify   'C:\\Users\\USUARIO\\OneDrive - Unicamacho-academico\\Documentos\\New project\\ProyectoIA\\node_modules\\.bin\\js-yaml.cmd',
190 silly reify   'C:\\Users\\USUARIO\\OneDrive - Unicamacho-academico\\Documentos\\New project\\ProyectoIA\\node_modules\\.bin\\js-yaml.ps1'
190 silly reify ]
191 silly reify mark retired [
191 silly reify   'C:\\Users\\USUARIO\\OneDrive - Unicamacho-academico\\Documentos\\New project\\ProyectoIA\\node_modules\\jsesc',
191 silly reify   'C:\\Users\\USUARIO\\OneDrive - Unicamacho-academico\\Documentos\\New project\\ProyectoIA\\node_modules\\.bin\\jsesc',
191 silly reify   'C:\\Users\\USUARIO\\OneDrive - Unicamacho-academico\\Documentos\\New project\\ProyectoIA\\node_modules\\.bin\\jsesc.cmd',
191 silly reify   'C:\\Users\\USUARIO\\OneDrive - Unicamacho-academico\\Documentos\\New project\\ProyectoIA\\node_modules\\.bin\\jsesc.ps1'
191 silly reify ]
192 silly reify mark retired [
192 silly reify   'C:\\Users\\USUARIO\\OneDrive - Unicamacho-academico\\Documentos\\New project\\ProyectoIA\\node_modules\\json5',
192 silly reify   'C:\\Users\\USUARIO\\OneDrive - Unicamacho-academico\\Documentos\\New project\\ProyectoIA\\node_modules\\.bin\\json5',
192 silly reify   'C:\\Users\\USUARIO\\OneDrive - Unicamacho-academico\\Documentos\\New project\\ProyectoIA\\node_modules\\.bin\\json5.cmd',
192 silly reify   'C:\\Users\\USUARIO\\OneDrive - Unicamacho-academico\\Documentos\\New project\\ProyectoIA\\node_modules\\.bin\\json5.ps1'
192 silly reify ]
193 silly reify mark retired [
193 silly reify   'C:\\Users\\USUARIO\\OneDrive - Unicamacho-academico\\Documentos\\New project\\ProyectoIA\\node_modules\\lan-network',
193 silly reify   'C:\\Users\\USUARIO\\OneDrive - Unicamacho-academico\\Documentos\\New project\\ProyectoIA\\node_modules\\.bin\\lan-network',
193 silly reify   'C:\\Users\\USUARIO\\OneDrive - Unicamacho-academico\\Documentos\\New project\\ProyectoIA\\node_modules\\.bin\\lan-network.cmd',
193 silly reify   'C:\\Users\\USUARIO\\OneDrive - Unicamacho-academico\\Documentos\\New project\\ProyectoIA\\node_modules\\.bin\\lan-network.ps1'
193 silly reify ]
194 silly reify mark retired [
194 silly reify   'C:\\Users\\USUARIO\\OneDrive - Unicamacho-academico\\Documentos\\New project\\ProyectoIA\\node_modules\\lighthouse-logger\\node_modules\\debug'
194 silly reify ]
195 silly reify mark retired [
195 silly reify   'C:\\Users\\USUARIO\\OneDrive - Unicamacho-academico\\Documentos\\New project\\ProyectoIA\\node_modules\\lighthouse-logger\\node_modules\\ms'
195 silly reify ]
196 silly reify mark retired [
196 silly reify   'C:\\Users\\USUARIO\\OneDrive - Unicamacho-academico\\Documentos\\New project\\ProyectoIA\\node_modules\\log-symbols\\node_modules\\ansi-styles'
196 silly reify ]
197 silly reify mark retired [
197 silly reify   'C:\\Users\\USUARIO\\OneDrive - Unicamacho-academico\\Documentos\\New project\\ProyectoIA\\node_modules\\log-symbols\\node_modules\\chalk'
197 silly reify ]
198 silly reify mark retired [
198 silly reify   'C:\\Users\\USUARIO\\OneDrive - Unicamacho-academico\\Documentos\\New project\\ProyectoIA\\node_modules\\log-symbols\\node_modules\\color-convert'
198 silly reify ]
199 silly reify mark retired [
199 silly reify   'C:\\Users\\USUARIO\\OneDrive - Unicamacho-academico\\Documentos\\New project\\ProyectoIA\\node_modules\\log-symbols\\node_modules\\color-name'
199 silly reify ]
200 silly reify mark retired [
200 silly reify   'C:\\Users\\USUARIO\\OneDrive - Unicamacho-academico\\Documentos\\New project\\ProyectoIA\\node_modules\\log-symbols\\node_modules\\escape-string-regexp'
200 silly reify ]
201 silly reify mark retired [
201 silly reify   'C:\\Users\\USUARIO\\OneDrive - Unicamacho-academico\\Documentos\\New project\\ProyectoIA\\node_modules\\log-symbols\\node_modules\\has-flag'
201 silly reify ]
202 silly reify mark retired [
202 silly reify   'C:\\Users\\USUARIO\\OneDrive - Unicamacho-academico\\Documentos\\New project\\ProyectoIA\\node_modules\\log-symbols\\node_modules\\supports-color'
202 silly reify ]
203 silly reify mark retired [
203 silly reify   'C:\\Users\\USUARIO\\OneDrive - Unicamacho-academico\\Documentos\\New project\\ProyectoIA\\node_modules\\loose-envify',
203 silly reify   'C:\\Users\\USUARIO\\OneDrive - Unicamacho-academico\\Documentos\\New project\\ProyectoIA\\node_modules\\.bin\\loose-envify',
203 silly reify   'C:\\Users\\USUARIO\\OneDrive - Unicamacho-academico\\Documentos\\New project\\ProyectoIA\\node_modules\\.bin\\loose-envify.cmd',
203 silly reify   'C:\\Users\\USUARIO\\OneDrive - Unicamacho-academico\\Documentos\\New project\\ProyectoIA\\node_modules\\.bin\\loose-envify.ps1'
203 silly reify ]
204 silly reify mark retired [
204 silly reify   'C:\\Users\\USUARIO\\OneDrive - Unicamacho-academico\\Documentos\\New project\\ProyectoIA\\node_modules\\metro',
204 silly reify   'C:\\Users\\USUARIO\\OneDrive - Unicamacho-academico\\Documentos\\New project\\ProyectoIA\\node_modules\\.bin\\metro',
204 silly reify   'C:\\Users\\USUARIO\\OneDrive - Unicamacho-academico\\Documentos\\New project\\ProyectoIA\\node_modules\\.bin\\metro.cmd',
204 silly reify   'C:\\Users\\USUARIO\\OneDrive - Unicamacho-academico\\Documentos\\New project\\ProyectoIA\\node_modules\\.bin\\metro.ps1'
204 silly reify ]
205 silly reify mark retired [
205 silly reify   'C:\\Users\\USUARIO\\OneDrive - Unicamacho-academico\\Documentos\\New project\\ProyectoIA\\node_modules\\metro-babel-transformer\\node_modules\\hermes-estree'
205 silly reify ]
206 silly reify mark retired [
206 silly reify   'C:\\Users\\USUARIO\\OneDrive - Unicamacho-academico\\Documentos\\New project\\ProyectoIA\\node_modules\\metro-babel-transformer\\node_modules\\hermes-parser'
206 silly reify ]
207 silly reify mark retired [
207 silly reify   'C:\\Users\\USUARIO\\OneDrive - Unicamacho-academico\\Documentos\\New project\\ProyectoIA\\node_modules\\metro-config\\node_modules\\hermes-estree'
207 silly reify ]
208 silly reify mark retired [
208 silly reify   'C:\\Users\\USUARIO\\OneDrive - Unicamacho-academico\\Documentos\\New project\\ProyectoIA\\node_modules\\metro-config\\node_modules\\hermes-parser'
208 silly reify ]
209 silly reify mark retired [
209 silly reify   'C:\\Users\\USUARIO\\OneDrive - Unicamacho-academico\\Documentos\\New project\\ProyectoIA\\node_modules\\metro-config\\node_modules\\metro'
209 silly reify ]
210 silly reify mark retired [
210 silly reify   'C:\\Users\\USUARIO\\OneDrive - Unicamacho-academico\\Documentos\\New project\\ProyectoIA\\node_modules\\metro-config\\node_modules\\metro-babel-transformer'
210 silly reify ]
211 silly reify mark retired [
211 silly reify   'C:\\Users\\USUARIO\\OneDrive - Unicamacho-academico\\Documentos\\New project\\ProyectoIA\\node_modules\\metro-config\\node_modules\\metro-cache'
211 silly reify ]
212 silly reify mark retired [
212 silly reify   'C:\\Users\\USUARIO\\OneDrive - Unicamacho-academico\\Documentos\\New project\\ProyectoIA\\node_modules\\metro-config\\node_modules\\metro-cache-key'
212 silly reify ]
213 silly reify mark retired [
213 silly reify   'C:\\Users\\USUARIO\\OneDrive - Unicamacho-academico\\Documentos\\New project\\ProyectoIA\\node_modules\\metro-config\\node_modules\\metro-core'
213 silly reify ]
214 silly reify mark retired [
214 silly reify   'C:\\Users\\USUARIO\\OneDrive - Unicamacho-academico\\Documentos\\New project\\ProyectoIA\\node_modules\\metro-config\\node_modules\\metro-file-map'
214 silly reify ]
215 silly reify mark retired [
215 silly reify   'C:\\Users\\USUARIO\\OneDrive - Unicamacho-academico\\Documentos\\New project\\ProyectoIA\\node_modules\\metro-config\\node_modules\\metro-minify-terser'
215 silly reify ]
216 silly reify mark retired [
216 silly reify   'C:\\Users\\USUARIO\\OneDrive - Unicamacho-academico\\Documentos\\New project\\ProyectoIA\\node_modules\\metro-config\\node_modules\\metro-resolver'
216 silly reify ]
217 silly reify mark retired [
217 silly reify   'C:\\Users\\USUARIO\\OneDrive - Unicamacho-academico\\Documentos\\New project\\ProyectoIA\\node_modules\\metro-config\\node_modules\\metro-source-map'
217 silly reify ]
218 silly reify mark retired [
218 silly reify   'C:\\Users\\USUARIO\\OneDrive - Unicamacho-academico\\Documentos\\New project\\ProyectoIA\\node_modules\\metro-config\\node_modules\\metro-symbolicate'
218 silly reify ]
219 silly reify mark retired [
219 silly reify   'C:\\Users\\USUARIO\\OneDrive - Unicamacho-academico\\Documentos\\New project\\ProyectoIA\\node_modules\\metro-config\\node_modules\\metro-transform-plugins'
219 silly reify ]
220 silly reify mark retired [
220 silly reify   'C:\\Users\\USUARIO\\OneDrive - Unicamacho-academico\\Documentos\\New project\\ProyectoIA\\node_modules\\metro-config\\node_modules\\metro-transform-worker'
220 silly reify ]
221 silly reify mark retired [
221 silly reify   'C:\\Users\\USUARIO\\OneDrive - Unicamacho-academico\\Documentos\\New project\\ProyectoIA\\node_modules\\metro-config\\node_modules\\ob1'
221 silly reify ]
222 silly reify mark retired [
222 silly reify   'C:\\Users\\USUARIO\\OneDrive - Unicamacho-academico\\Documentos\\New project\\ProyectoIA\\node_modules\\metro-symbolicate',
222 silly reify   'C:\\Users\\USUARIO\\OneDrive - Unicamacho-academico\\Documentos\\New project\\ProyectoIA\\node_modules\\.bin\\metro-symbolicate',
222 silly reify   'C:\\Users\\USUARIO\\OneDrive - Unicamacho-academico\\Documentos\\New project\\ProyectoIA\\node_modules\\.bin\\metro-symbolicate.cmd',
222 silly reify   'C:\\Users\\USUARIO\\OneDrive - Unicamacho-academico\\Documentos\\New project\\ProyectoIA\\node_modules\\.bin\\metro-symbolicate.ps1'
222 silly reify ]
223 silly reify mark retired [
223 silly reify   'C:\\Users\\USUARIO\\OneDrive - Unicamacho-academico\\Documentos\\New project\\ProyectoIA\\node_modules\\mime',
223 silly reify   'C:\\Users\\USUARIO\\OneDrive - Unicamacho-academico\\Documentos\\New project\\ProyectoIA\\node_modules\\.bin\\mime',
223 silly reify   'C:\\Users\\USUARIO\\OneDrive - Unicamacho-academico\\Documentos\\New project\\ProyectoIA\\node_modules\\.bin\\mime.cmd',
223 silly reify   'C:\\Users\\USUARIO\\OneDrive - Unicamacho-academico\\Documentos\\New project\\ProyectoIA\\node_modules\\.bin\\mime.ps1'
223 silly reify ]
224 silly reify mark retired [
224 silly reify   'C:\\Users\\USUARIO\\OneDrive - Unicamacho-academico\\Documentos\\New project\\ProyectoIA\\node_modules\\mkdirp',
224 silly reify   'C:\\Users\\USUARIO\\OneDrive - Unicamacho-academico\\Documentos\\New project\\ProyectoIA\\node_modules\\.bin\\mkdirp',
224 silly reify   'C:\\Users\\USUARIO\\OneDrive - Unicamacho-academico\\Documentos\\New project\\ProyectoIA\\node_modules\\.bin\\mkdirp.cmd',
224 silly reify   'C:\\Users\\USUARIO\\OneDrive - Unicamacho-academico\\Documentos\\New project\\ProyectoIA\\node_modules\\.bin\\mkdirp.ps1'
224 silly reify ]
225 silly reify mark retired [
225 silly reify   'C:\\Users\\USUARIO\\OneDrive - Unicamacho-academico\\Documentos\\New project\\ProyectoIA\\node_modules\\nanoid',
225 silly reify   'C:\\Users\\USUARIO\\OneDrive - Unicamacho-academico\\Documentos\\New project\\ProyectoIA\\node_modules\\.bin\\nanoid',
225 silly reify   'C:\\Users\\USUARIO\\OneDrive - Unicamacho-academico\\Documentos\\New project\\ProyectoIA\\node_modules\\.bin\\nanoid.cmd',
225 silly reify   'C:\\Users\\USUARIO\\OneDrive - Unicamacho-academico\\Documentos\\New project\\ProyectoIA\\node_modules\\.bin\\nanoid.ps1'
225 silly reify ]
226 silly reify mark retired [
226 silly reify   'C:\\Users\\USUARIO\\OneDrive - Unicamacho-academico\\Documentos\\New project\\ProyectoIA\\node_modules\\npm-package-arg\\node_modules\\semver'
226 silly reify ]
227 silly reify mark retired [
227 silly reify   'C:\\Users\\USUARIO\\OneDrive - Unicamacho-academico\\Documentos\\New project\\ProyectoIA\\node_modules\\ora\\node_modules\\ansi-regex'
227 silly reify ]
228 silly reify mark retired [
228 silly reify   'C:\\Users\\USUARIO\\OneDrive - Unicamacho-academico\\Documentos\\New project\\ProyectoIA\\node_modules\\ora\\node_modules\\ansi-styles'
228 silly reify ]
229 silly reify mark retired [
229 silly reify   'C:\\Users\\USUARIO\\OneDrive - Unicamacho-academico\\Documentos\\New project\\ProyectoIA\\node_modules\\ora\\node_modules\\chalk'
229 silly reify ]
230 silly reify mark retired [
230 silly reify   'C:\\Users\\USUARIO\\OneDrive - Unicamacho-academico\\Documentos\\New project\\ProyectoIA\\node_modules\\ora\\node_modules\\color-convert'
230 silly reify ]
231 silly reify mark retired [
231 silly reify   'C:\\Users\\USUARIO\\OneDrive - Unicamacho-academico\\Documentos\\New project\\ProyectoIA\\node_modules\\ora\\node_modules\\color-name'
231 silly reify ]
232 silly reify mark retired [
232 silly reify   'C:\\Users\\USUARIO\\OneDrive - Unicamacho-academico\\Documentos\\New project\\ProyectoIA\\node_modules\\ora\\node_modules\\escape-string-regexp'
232 silly reify ]
233 silly reify mark retired [
233 silly reify   'C:\\Users\\USUARIO\\OneDrive - Unicamacho-academico\\Documentos\\New project\\ProyectoIA\\node_modules\\ora\\node_modules\\has-flag'
233 silly reify ]
234 silly reify mark retired [
234 silly reify   'C:\\Users\\USUARIO\\OneDrive - Unicamacho-academico\\Documentos\\New project\\ProyectoIA\\node_modules\\ora\\node_modules\\strip-ansi'
234 silly reify ]
235 silly reify mark retired [
235 silly reify   'C:\\Users\\USUARIO\\OneDrive - Unicamacho-academico\\Documentos\\New project\\ProyectoIA\\node_modules\\ora\\node_modules\\supports-color'
235 silly reify ]
236 silly reify mark retired [
236 silly reify   'C:\\Users\\USUARIO\\OneDrive - Unicamacho-academico\\Documentos\\New project\\ProyectoIA\\node_modules\\p-locate\\node_modules\\p-limit'
236 silly reify ]
237 silly reify mark retired [
237 silly reify   'C:\\Users\\USUARIO\\OneDrive - Unicamacho-academico\\Documentos\\New project\\ProyectoIA\\node_modules\\path-scurry\\node_modules\\lru-cache'
237 silly reify ]
238 silly reify mark retired [
238 silly reify   'C:\\Users\\USUARIO\\OneDrive - Unicamacho-academico\\Documentos\\New project\\ProyectoIA\\node_modules\\pretty-format\\node_modules\\ansi-styles'
238 silly reify ]
239 silly reify mark retired [
239 silly reify   'C:\\Users\\USUARIO\\OneDrive - Unicamacho-academico\\Documentos\\New project\\ProyectoIA\\node_modules\\pretty-format\\node_modules\\react-is'
239 silly reify ]
240 silly reify mark retired [
240 silly reify   'C:\\Users\\USUARIO\\OneDrive - Unicamacho-academico\\Documentos\\New project\\ProyectoIA\\node_modules\\prop-types\\node_modules\\react-is'
240 silly reify ]
241 silly reify mark retired [
241 silly reify   'C:\\Users\\USUARIO\\OneDrive - Unicamacho-academico\\Documentos\\New project\\ProyectoIA\\node_modules\\qrcode',
241 silly reify   'C:\\Users\\USUARIO\\OneDrive - Unicamacho-academico\\Documentos\\New project\\ProyectoIA\\node_modules\\.bin\\qrcode',
241 silly reify   'C:\\Users\\USUARIO\\OneDrive - Unicamacho-academico\\Documentos\\New project\\ProyectoIA\\node_modules\\.bin\\qrcode.cmd',
241 silly reify   'C:\\Users\\USUARIO\\OneDrive - Unicamacho-academico\\Documentos\\New project\\ProyectoIA\\node_modules\\.bin\\qrcode.ps1'
241 silly reify ]
242 silly reify mark retired [
242 silly reify   'C:\\Users\\USUARIO\\OneDrive - Unicamacho-academico\\Documentos\\New project\\ProyectoIA\\node_modules\\react-native',
242 silly reify   'C:\\Users\\USUARIO\\OneDrive - Unicamacho-academico\\Documentos\\New project\\ProyectoIA\\node_modules\\.bin\\react-native',
242 silly reify   'C:\\Users\\USUARIO\\OneDrive - Unicamacho-academico\\Documentos\\New project\\ProyectoIA\\node_modules\\.bin\\react-native.cmd',
242 silly reify   'C:\\Users\\USUARIO\\OneDrive - Unicamacho-academico\\Documentos\\New project\\ProyectoIA\\node_modules\\.bin\\react-native.ps1'
242 silly reify ]
243 silly reify mark retired [
243 silly reify   'C:\\Users\\USUARIO\\OneDrive - Unicamacho-academico\\Documentos\\New project\\ProyectoIA\\node_modules\\react-native-reanimated\\node_modules\\react-native-is-edge-to-edge'
243 silly reify ]
244 silly reify mark retired [
244 silly reify   'C:\\Users\\USUARIO\\OneDrive - Unicamacho-academico\\Documentos\\New project\\ProyectoIA\\node_modules\\react-native-reanimated\\node_modules\\semver'
244 silly reify ]
245 silly reify mark retired [
245 silly reify   'C:\\Users\\USUARIO\\OneDrive - Unicamacho-academico\\Documentos\\New project\\ProyectoIA\\node_modules\\react-native-web\\node_modules\\memoize-one'
245 silly reify ]
246 silly reify mark retired [
246 silly reify   'C:\\Users\\USUARIO\\OneDrive - Unicamacho-academico\\Documentos\\New project\\ProyectoIA\\node_modules\\react-native-web\\node_modules\\@react-native\\normalize-colors'
246 silly reify ]
247 silly reify mark retired [
247 silly reify   'C:\\Users\\USUARIO\\OneDrive - Unicamacho-academico\\Documentos\\New project\\ProyectoIA\\node_modules\\react-native-worklets\\node_modules\\semver'
247 silly reify ]
248 silly reify mark retired [
248 silly reify   'C:\\Users\\USUARIO\\OneDrive - Unicamacho-academico\\Documentos\\New project\\ProyectoIA\\node_modules\\regjsparser',
248 silly reify   'C:\\Users\\USUARIO\\OneDrive - Unicamacho-academico\\Documentos\\New project\\ProyectoIA\\node_modules\\.bin\\regjsparser',
248 silly reify   'C:\\Users\\USUARIO\\OneDrive - Unicamacho-academico\\Documentos\\New project\\ProyectoIA\\node_modules\\.bin\\regjsparser.cmd',
248 silly reify   'C:\\Users\\USUARIO\\OneDrive - Unicamacho-academico\\Documentos\\New project\\ProyectoIA\\node_modules\\.bin\\regjsparser.ps1'
248 silly reify ]
249 silly reify mark retired [
249 silly reify   'C:\\Users\\USUARIO\\OneDrive - Unicamacho-academico\\Documentos\\New project\\ProyectoIA\\node_modules\\resolve',
249 silly reify   'C:\\Users\\USUARIO\\OneDrive - Unicamacho-academico\\Documentos\\New project\\ProyectoIA\\node_modules\\.bin\\resolve',
249 silly reify   'C:\\Users\\USUARIO\\OneDrive - Unicamacho-academico\\Documentos\\New project\\ProyectoIA\\node_modules\\.bin\\resolve.cmd',
249 silly reify   'C:\\Users\\USUARIO\\OneDrive - Unicamacho-academico\\Documentos\\New project\\ProyectoIA\\node_modules\\.bin\\resolve.ps1'
249 silly reify ]
250 silly reify mark retired [
250 silly reify   'C:\\Users\\USUARIO\\OneDrive - Unicamacho-academico\\Documentos\\New project\\ProyectoIA\\node_modules\\rimraf',
250 silly reify   'C:\\Users\\USUARIO\\OneDrive - Unicamacho-academico\\Documentos\\New project\\ProyectoIA\\node_modules\\.bin\\rimraf',
250 silly reify   'C:\\Users\\USUARIO\\OneDrive - Unicamacho-academico\\Documentos\\New project\\ProyectoIA\\node_modules\\.bin\\rimraf.cmd',
250 silly reify   'C:\\Users\\USUARIO\\OneDrive - Unicamacho-academico\\Documentos\\New project\\ProyectoIA\\node_modules\\.bin\\rimraf.ps1'
250 silly reify ]
251 silly reify mark retired [
251 silly reify   'C:\\Users\\USUARIO\\OneDrive - Unicamacho-academico\\Documentos\\New project\\ProyectoIA\\node_modules\\semver',
251 silly reify   'C:\\Users\\USUARIO\\OneDrive - Unicamacho-academico\\Documentos\\New project\\ProyectoIA\\node_modules\\.bin\\semver',
251 silly reify   'C:\\Users\\USUARIO\\OneDrive - Unicamacho-academico\\Documentos\\New project\\ProyectoIA\\node_modules\\.bin\\semver.cmd',
251 silly reify   'C:\\Users\\USUARIO\\OneDrive - Unicamacho-academico\\Documentos\\New project\\ProyectoIA\\node_modules\\.bin\\semver.ps1'
251 silly reify ]
252 silly reify mark retired [
252 silly reify   'C:\\Users\\USUARIO\\OneDrive - Unicamacho-academico\\Documentos\\New project\\ProyectoIA\\node_modules\\send\\node_modules\\debug'
252 silly reify ]
253 silly reify mark retired [
253 silly reify   'C:\\Users\\USUARIO\\OneDrive - Unicamacho-academico\\Documentos\\New project\\ProyectoIA\\node_modules\\send\\node_modules\\encodeurl'
253 silly reify ]
254 silly reify mark retired [
254 silly reify   'C:\\Users\\USUARIO\\OneDrive - Unicamacho-academico\\Documentos\\New project\\ProyectoIA\\node_modules\\send\\node_modules\\on-finished'
254 silly reify ]
255 silly reify mark retired [
255 silly reify   'C:\\Users\\USUARIO\\OneDrive - Unicamacho-academico\\Documentos\\New project\\ProyectoIA\\node_modules\\send\\node_modules\\statuses'
255 silly reify ]
256 silly reify mark retired [
256 silly reify   'C:\\Users\\USUARIO\\OneDrive - Unicamacho-academico\\Documentos\\New project\\ProyectoIA\\node_modules\\serve-static\\node_modules\\encodeurl'
256 silly reify ]
257 silly reify mark retired [
257 silly reify   'C:\\Users\\USUARIO\\OneDrive - Unicamacho-academico\\Documentos\\New project\\ProyectoIA\\node_modules\\source-map-support\\node_modules\\source-map'
257 silly reify ]
258 silly reify mark retired [
258 silly reify   'C:\\Users\\USUARIO\\OneDrive - Unicamacho-academico\\Documentos\\New project\\ProyectoIA\\node_modules\\stack-utils\\node_modules\\escape-string-regexp'
258 silly reify ]
259 silly reify mark retired [
259 silly reify   'C:\\Users\\USUARIO\\OneDrive - Unicamacho-academico\\Documentos\\New project\\ProyectoIA\\node_modules\\terser',
259 silly reify   'C:\\Users\\USUARIO\\OneDrive - Unicamacho-academico\\Documentos\\New project\\ProyectoIA\\node_modules\\.bin\\terser',
259 silly reify   'C:\\Users\\USUARIO\\OneDrive - Unicamacho-academico\\Documentos\\New project\\ProyectoIA\\node_modules\\.bin\\terser.cmd',
259 silly reify   'C:\\Users\\USUARIO\\OneDrive - Unicamacho-academico\\Documentos\\New project\\ProyectoIA\\node_modules\\.bin\\terser.ps1'
259 silly reify ]
260 silly reify mark retired [
260 silly reify   'C:\\Users\\USUARIO\\OneDrive - Unicamacho-academico\\Documentos\\New project\\ProyectoIA\\node_modules\\test-exclude\\node_modules\\brace-expansion'
260 silly reify ]
261 silly reify mark retired [
261 silly reify   'C:\\Users\\USUARIO\\OneDrive - Unicamacho-academico\\Documentos\\New project\\ProyectoIA\\node_modules\\test-exclude\\node_modules\\glob'
261 silly reify ]
262 silly reify mark retired [
262 silly reify   'C:\\Users\\USUARIO\\OneDrive - Unicamacho-academico\\Documentos\\New project\\ProyectoIA\\node_modules\\test-exclude\\node_modules\\minimatch'
262 silly reify ]
263 silly reify mark retired [
263 silly reify   'C:\\Users\\USUARIO\\OneDrive - Unicamacho-academico\\Documentos\\New project\\ProyectoIA\\node_modules\\tinyglobby\\node_modules\\fdir'
263 silly reify ]
264 silly reify mark retired [
264 silly reify   'C:\\Users\\USUARIO\\OneDrive - Unicamacho-academico\\Documentos\\New project\\ProyectoIA\\node_modules\\tinyglobby\\node_modules\\picomatch'
264 silly reify ]
265 silly reify mark retired [
265 silly reify   'C:\\Users\\USUARIO\\OneDrive - Unicamacho-academico\\Documentos\\New project\\ProyectoIA\\node_modules\\ua-parser-js',
265 silly reify   'C:\\Users\\USUARIO\\OneDrive - Unicamacho-academico\\Documentos\\New project\\ProyectoIA\\node_modules\\.bin\\ua-parser-js',
265 silly reify   'C:\\Users\\USUARIO\\OneDrive - Unicamacho-academico\\Documentos\\New project\\ProyectoIA\\node_modules\\.bin\\ua-parser-js.cmd',
265 silly reify   'C:\\Users\\USUARIO\\OneDrive - Unicamacho-academico\\Documentos\\New project\\ProyectoIA\\node_modules\\.bin\\ua-parser-js.ps1'
265 silly reify ]
266 silly reify mark retired [
266 silly reify   'C:\\Users\\USUARIO\\OneDrive - Unicamacho-academico\\Documentos\\New project\\ProyectoIA\\node_modules\\update-browserslist-db',
266 silly reify   'C:\\Users\\USUARIO\\OneDrive - Unicamacho-academico\\Documentos\\New project\\ProyectoIA\\node_modules\\.bin\\update-browserslist-db',
266 silly reify   'C:\\Users\\USUARIO\\OneDrive - Unicamacho-academico\\Documentos\\New project\\ProyectoIA\\node_modules\\.bin\\update-browserslist-db.cmd',
266 silly reify   'C:\\Users\\USUARIO\\OneDrive - Unicamacho-academico\\Documentos\\New project\\ProyectoIA\\node_modules\\.bin\\update-browserslist-db.ps1'
266 silly reify ]
267 silly reify mark retired [
267 silly reify   'C:\\Users\\USUARIO\\OneDrive - Unicamacho-academico\\Documentos\\New project\\ProyectoIA\\node_modules\\uuid',
267 silly reify   'C:\\Users\\USUARIO\\OneDrive - Unicamacho-academico\\Documentos\\New project\\ProyectoIA\\node_modules\\.bin\\uuid',
267 silly reify   'C:\\Users\\USUARIO\\OneDrive - Unicamacho-academico\\Documentos\\New project\\ProyectoIA\\node_modules\\.bin\\uuid.cmd',
267 silly reify   'C:\\Users\\USUARIO\\OneDrive - Unicamacho-academico\\Documentos\\New project\\ProyectoIA\\node_modules\\.bin\\uuid.ps1'
267 silly reify ]
268 silly reify mark retired [
268 silly reify   'C:\\Users\\USUARIO\\OneDrive - Unicamacho-academico\\Documentos\\New project\\ProyectoIA\\node_modules\\which',
268 silly reify   'C:\\Users\\USUARIO\\OneDrive - Unicamacho-academico\\Documentos\\New project\\ProyectoIA\\node_modules\\.bin\\node-which',
268 silly reify   'C:\\Users\\USUARIO\\OneDrive - Unicamacho-academico\\Documentos\\New project\\ProyectoIA\\node_modules\\.bin\\node-which.cmd',
268 silly reify   'C:\\Users\\USUARIO\\OneDrive - Unicamacho-academico\\Documentos\\New project\\ProyectoIA\\node_modules\\.bin\\node-which.ps1'
268 silly reify ]
269 silly reify mark retired [
269 silly reify   'C:\\Users\\USUARIO\\OneDrive - Unicamacho-academico\\Documentos\\New project\\ProyectoIA\\node_modules\\xml2js\\node_modules\\xmlbuilder'
269 silly reify ]
270 silly reify mark retired [
270 silly reify   'C:\\Users\\USUARIO\\OneDrive - Unicamacho-academico\\Documentos\\New project\\ProyectoIA\\node_modules\\yaml',
270 silly reify   'C:\\Users\\USUARIO\\OneDrive - Unicamacho-academico\\Documentos\\New project\\ProyectoIA\\node_modules\\.bin\\yaml',
270 silly reify   'C:\\Users\\USUARIO\\OneDrive - Unicamacho-academico\\Documentos\\New project\\ProyectoIA\\node_modules\\.bin\\yaml.cmd',
270 silly reify   'C:\\Users\\USUARIO\\OneDrive - Unicamacho-academico\\Documentos\\New project\\ProyectoIA\\node_modules\\.bin\\yaml.ps1'
270 silly reify ]
271 silly reify mark retired [
271 silly reify   'C:\\Users\\USUARIO\\OneDrive - Unicamacho-academico\\Documentos\\New project\\ProyectoIA\\node_modules\\zxing-wasm\\node_modules\\type-fest'
271 silly reify ]
272 silly reify mark retired [
272 silly reify   'C:\\Users\\USUARIO\\OneDrive - Unicamacho-academico\\Documentos\\New project\\ProyectoIA\\node_modules\\@expo\\xcpretty',
272 silly reify   'C:\\Users\\USUARIO\\OneDrive - Unicamacho-academico\\Documentos\\New project\\ProyectoIA\\node_modules\\.bin\\excpretty',
272 silly reify   'C:\\Users\\USUARIO\\OneDrive - Unicamacho-academico\\Documentos\\New project\\ProyectoIA\\node_modules\\.bin\\excpretty.cmd',
272 silly reify   'C:\\Users\\USUARIO\\OneDrive - Unicamacho-academico\\Documentos\\New project\\ProyectoIA\\node_modules\\.bin\\excpretty.ps1'
272 silly reify ]
273 silly reify mark retired [
273 silly reify   'C:\\Users\\USUARIO\\OneDrive - Unicamacho-academico\\Documentos\\New project\\ProyectoIA\\node_modules\\@istanbuljs\\load-nyc-config\\node_modules\\camelcase'
273 silly reify ]
274 silly reify mark retired [
274 silly reify   'C:\\Users\\USUARIO\\OneDrive - Unicamacho-academico\\Documentos\\New project\\ProyectoIA\\node_modules\\@react-native\\community-cli-plugin\\node_modules\\metro-config'
274 silly reify ]
275 silly reify mark retired [
275 silly reify   'C:\\Users\\USUARIO\\OneDrive - Unicamacho-academico\\Documentos\\New project\\ProyectoIA\\node_modules\\@react-native\\community-cli-plugin\\node_modules\\metro-runtime'
275 silly reify ]
276 silly reify mark retired [
276 silly reify   'C:\\Users\\USUARIO\\OneDrive - Unicamacho-academico\\Documentos\\New project\\ProyectoIA\\node_modules\\@react-native\\community-cli-plugin\\node_modules\\semver'
276 silly reify ]
277 silly reify moves {
277 silly reify   'C:\\Users\\USUARIO\\OneDrive - Unicamacho-academico\\Documentos\\New project\\ProyectoIA\\node_modules\\expo-camera': 'C:\\Users\\USUARIO\\OneDrive - Unicamacho-academico\\Documentos\\New project\\ProyectoIA\\node_modules\\.expo-camera-3q4yvOoI',
277 silly reify   'C:\\Users\\USUARIO\\OneDrive - Unicamacho-academico\\Documentos\\New project\\ProyectoIA\\node_modules\\expo-file-system': 'C:\\Users\\USUARIO\\OneDrive - Unicamacho-academico\\Documentos\\New project\\ProyectoIA\\node_modules\\.expo-file-system-EUbg1AIn',
277 silly reify   'C:\\Users\\USUARIO\\OneDrive - Unicamacho-academico\\Documentos\\New project\\ProyectoIA\\node_modules\\expo-media-library': 'C:\\Users\\USUARIO\\OneDrive - Unicamacho-academico\\Documentos\\New project\\ProyectoIA\\node_modules\\.expo-media-library-T9wf9gQ9',
277 silly reify   'C:\\Users\\USUARIO\\OneDrive - Unicamacho-academico\\Documentos\\New project\\ProyectoIA\\node_modules\\expo-modules-core': 'C:\\Users\\USUARIO\\OneDrive - Unicamacho-academico\\Documentos\\New project\\ProyectoIA\\node_modules\\.expo-modules-core-yvn5eV6b',
277 silly reify   'C:\\Users\\USUARIO\\OneDrive - Unicamacho-academico\\Documentos\\New project\\ProyectoIA\\node_modules\\fb-dotslash': 'C:\\Users\\USUARIO\\OneDrive - Unicamacho-academico\\Documentos\\New project\\ProyectoIA\\node_modules\\.fb-dotslash-8ZtCicSl',
277 silly reify   'C:\\Users\\USUARIO\\OneDrive - Unicamacho-academico\\Documentos\\New project\\ProyectoIA\\node_modules\\fsevents': 'C:\\Users\\USUARIO\\OneDrive - Unicamacho-academico\\Documentos\\New project\\ProyectoIA\\node_modules\\.fsevents-zAaHVwJj',
277 silly reify   'C:\\Users\\USUARIO\\OneDrive - Unicamacho-academico\\Documentos\\New project\\ProyectoIA\\node_modules\\hermes-compiler': 'C:\\Users\\USUARIO\\OneDrive - Unicamacho-academico\\Documentos\\New project\\ProyectoIA\\node_modules\\.hermes-compiler-xRKTCD1G',
277 silly reify   'C:\\Users\\USUARIO\\OneDrive - Unicamacho-academico\\Documentos\\New project\\ProyectoIA\\node_modules\\lightningcss-android-arm64': 'C:\\Users\\USUARIO\\OneDrive - Unicamacho-academico\\Documentos\\New project\\ProyectoIA\\node_modules\\.lightningcss-android-arm64-Nvyfg01z',
277 silly reify   'C:\\Users\\USUARIO\\OneDrive - Unicamacho-academico\\Documentos\\New project\\ProyectoIA\\node_modules\\lightningcss-darwin-arm64': 'C:\\Users\\USUARIO\\OneDrive - Unicamacho-academico\\Documentos\\New project\\ProyectoIA\\node_modules\\.lightningcss-darwin-arm64-samjVFUV',
277 silly reify   'C:\\Users\\USUARIO\\OneDrive - Unicamacho-academico\\Documentos\\New project\\ProyectoIA\\node_modules\\lightningcss-darwin-x64': 'C:\\Users\\USUARIO\\OneDrive - Unicamacho-academico\\Documentos\\New project\\ProyectoIA\\node_modules\\.lightningcss-darwin-x64-gg1dXEu7',
277 silly reify   'C:\\Users\\USUARIO\\OneDrive - Unicamacho-academico\\Documentos\\New project\\ProyectoIA\\node_modules\\lightningcss-freebsd-x64': 'C:\\Users\\USUARIO\\OneDrive - Unicamacho-academico\\Documentos\\New project\\ProyectoIA\\node_modules\\.lightningcss-freebsd-x64-6JL6zMsX',
277 silly reify   'C:\\Users\\USUARIO\\OneDrive - Unicamacho-academico\\Documentos\\New project\\ProyectoIA\\node_modules\\lightningcss-linux-arm-gnueabihf': 'C:\\Users\\USUARIO\\OneDrive - Unicamacho-academico\\Documentos\\New project\\ProyectoIA\\node_modules\\.lightningcss-linux-arm-gnueabihf-kc8D5Fqf',
277 silly reify   'C:\\Users\\USUARIO\\OneDrive - Unicamacho-academico\\Documentos\\New project\\ProyectoIA\\node_modules\\lightningcss-linux-arm64-gnu': 'C:\\Users\\USUARIO\\OneDrive - Unicamacho-academico\\Documentos\\New project\\ProyectoIA\\node_modules\\.lightningcss-linux-arm64-gnu-MPGqXhCT',
277 silly reify   'C:\\Users\\USUARIO\\OneDrive - Unicamacho-academico\\Documentos\\New project\\ProyectoIA\\node_modules\\lightningcss-linux-arm64-musl': 'C:\\Users\\USUARIO\\OneDrive - Unicamacho-academico\\Documentos\\New project\\ProyectoIA\\node_modules\\.lightningcss-linux-arm64-musl-XCc2BR9Z',
277 silly reify   'C:\\Users\\USUARIO\\OneDrive - Unicamacho-academico\\Documentos\\New project\\ProyectoIA\\node_modules\\lightningcss-linux-x64-gnu': 'C:\\Users\\USUARIO\\OneDrive - Unicamacho-academico\\Documentos\\New project\\ProyectoIA\\node_modules\\.lightningcss-linux-x64-gnu-NSeeGzaY',
277 silly reify   'C:\\Users\\USUARIO\\OneDrive - Unicamacho-academico\\Documentos\\New project\\ProyectoIA\\node_modules\\lightningcss-linux-x64-musl': 'C:\\Users\\USUARIO\\OneDrive - Unicamacho-academico\\Documentos\\New project\\ProyectoIA\\node_modules\\.lightningcss-linux-x64-musl-uM5TIcpO',
277 silly reify   'C:\\Users\\USUARIO\\OneDrive - Unicamacho-academico\\Documentos\\New project\\ProyectoIA\\node_modules\\lightningcss-win32-arm64-msvc': 'C:\\Users\\USUARIO\\OneDrive - Unicamacho-academico\\Documentos\\New project\\ProyectoIA\\node_modules\\.lightningcss-win32-arm64-msvc-kVSxDJzW',
277 silly reify   'C:\\Users\\USUARIO\\OneDrive - Unicamacho-academico\\Documentos\\New project\\ProyectoIA\\node_modules\\@babel\\code-frame': 'C:\\Users\\USUARIO\\OneDrive - Unicamacho-academico\\Documentos\\New project\\ProyectoIA\\node_modules\\@babel\\.code-frame-EvT3JOcY',
277 silly reify   'C:\\Users\\USUARIO\\OneDrive - Unicamacho-academico\\Documentos\\New project\\ProyectoIA\\node_modules\\@babel\\compat-data': 'C:\\Users\\USUARIO\\OneDrive - Unicamacho-academico\\Documentos\\New project\\ProyectoIA\\node_modules\\@babel\\.compat-data-fvhDNlZJ',
277 silly reify   'C:\\Users\\USUARIO\\OneDrive - Unicamacho-academico\\Documentos\\New project\\ProyectoIA\\node_modules\\@babel\\core': 'C:\\Users\\USUARIO\\OneDrive - Unicamacho-academico\\Documentos\\New project\\ProyectoIA\\node_modules\\@babel\\.core-aDEzHDr9',
277 silly reify   'C:\\Users\\USUARIO\\OneDrive - Unicamacho-academico\\Documentos\\New project\\ProyectoIA\\node_modules\\@babel\\generator': 'C:\\Users\\USUARIO\\OneDrive - Unicamacho-academico\\Documentos\\New project\\ProyectoIA\\node_modules\\@babel\\.generator-zEpeacXs',
277 silly reify   'C:\\Users\\USUARIO\\OneDrive - Unicamacho-academico\\Documentos\\New project\\ProyectoIA\\node_modules\\@babel\\helper-annotate-as-pure': 'C:\\Users\\USUARIO\\OneDrive - Unicamacho-academico\\Documentos\\New project\\ProyectoIA\\node_modules\\@babel\\.helper-annotate-as-pure-K0l2Bon8',
277 silly reify   'C:\\Users\\USUARIO\\OneDrive - Unicamacho-academico\\Documentos\\New project\\ProyectoIA\\node_modules\\@babel\\helper-compilation-targets': 'C:\\Users\\USUARIO\\OneDrive - Unicamacho-academico\\Documentos\\New project\\ProyectoIA\\node_modules\\@babel\\.helper-compilation-targets-0HY6IlIu',
277 silly reify   'C:\\Users\\USUARIO\\OneDrive - Unicamacho-academico\\Documentos\\New project\\ProyectoIA\\node_modules\\@babel\\helper-create-class-features-plugin': 'C:\\Users\\USUARIO\\OneDrive - Unicamacho-academico\\Documentos\\New project\\ProyectoIA\\node_modules\\@babel\\.helper-create-class-features-plugin-xn46QTni',
277 silly reify   'C:\\Users\\USUARIO\\OneDrive - Unicamacho-academico\\Documentos\\New project\\ProyectoIA\\node_modules\\@babel\\helper-create-regexp-features-plugin': 'C:\\Users\\USUARIO\\OneDrive - Unicamacho-academico\\Documentos\\New project\\ProyectoIA\\node_modules\\@babel\\.helper-create-regexp-features-plugin-MkpUaxPd',
277 silly reify   'C:\\Users\\USUARIO\\OneDrive - Unicamacho-academico\\Documentos\\New project\\ProyectoIA\\node_modules\\@babel\\helper-define-polyfill-provider': 'C:\\Users\\USUARIO\\OneDrive - Unicamacho-academico\\Documentos\\New project\\ProyectoIA\\node_modules\\@babel\\.helper-define-polyfill-provider-sqoFsMcP',
277 silly reify   'C:\\Users\\USUARIO\\OneDrive - Unicamacho-academico\\Documentos\\New project\\ProyectoIA\\node_modules\\@babel\\helper-globals': 'C:\\Users\\USUARIO\\OneDrive - Unicamacho-academico\\Documentos\\New project\\ProyectoIA\\node_modules\\@babel\\.helper-globals-igfzeZjd',
277 silly reify   'C:\\Users\\USUARIO\\OneDrive - Unicamacho-academico\\Documentos\\New project\\ProyectoIA\\node_modules\\@babel\\helper-member-expression-to-functions': 'C:\\Users\\USUARIO\\OneDrive - Unicamacho-academico\\Documentos\\New project\\ProyectoIA\\node_modules\\@babel\\.helper-member-expression-to-functions-ytNJPZGc',
277 silly reify   'C:\\Users\\USUARIO\\OneDrive - Unicamacho-academico\\Documentos\\New project\\ProyectoIA\\node_modules\\@babel\\helper-module-imports': 'C:\\Users\\USUARIO\\OneDrive - Unicamacho-academico\\Documentos\\New project\\ProyectoIA\\node_modules\\@babel\\.helper-module-imports-KEcllxvk',
277 silly reify   'C:\\Users\\USUARIO\\OneDrive - Unicamacho-academico\\Documentos\\New project\\ProyectoIA\\node_modules\\@babel\\helper-module-transforms': 'C:\\Users\\USUARIO\\OneDrive - Unicamacho-academico\\Documentos\\New project\\ProyectoIA\\node_modules\\@babel\\.helper-module-transforms-8qDpaMqy',
277 silly reify   'C:\\Users\\USUARIO\\OneDrive - Unicamacho-academico\\Documentos\\New project\\ProyectoIA\\node_modules\\@babel\\helper-optimise-call-expression': 'C:\\Users\\USUARIO\\OneDrive - Unicamacho-academico\\Documentos\\New project\\ProyectoIA\\node_modules\\@babel\\.helper-optimise-call-expression-fs9nxcW7',
277 silly reify   'C:\\Users\\USUARIO\\OneDrive - Unicamacho-academico\\Documentos\\New project\\ProyectoIA\\node_modules\\@babel\\helper-plugin-utils': 'C:\\Users\\USUARIO\\OneDrive - Unicamacho-academico\\Documentos\\New project\\ProyectoIA\\node_modules\\@babel\\.helper-plugin-utils-yAhO6Ebv',
277 silly reify   'C:\\Users\\USUARIO\\OneDrive - Unicamacho-academico\\Documentos\\New project\\ProyectoIA\\node_modules\\@babel\\helper-remap-async-to-generator': 'C:\\Users\\USUARIO\\OneDrive - Unicamacho-academico\\Documentos\\New project\\ProyectoIA\\node_modules\\@babel\\.helper-remap-async-to-generator-J4MqSr7K',
277 silly reify   'C:\\Users\\USUARIO\\OneDrive - Unicamacho-academico\\Documentos\\New project\\ProyectoIA\\node_modules\\@babel\\helper-replace-supers': 'C:\\Users\\USUARIO\\OneDrive - Unicamacho-academico\\Documentos\\New project\\ProyectoIA\\node_modules\\@babel\\.helper-replace-supers-z9aCaLsW',
277 silly reify   'C:\\Users\\USUARIO\\OneDrive - Unicamacho-academico\\Documentos\\New project\\ProyectoIA\\node_modules\\@babel\\helper-skip-transparent-expression-wrappers': 'C:\\Users\\USUARIO\\OneDrive - Unicamacho-academico\\Documentos\\New project\\ProyectoIA\\node_modules\\@babel\\.helper-skip-transparent-expression-wrappers-bsKiSk0U',
277 silly reify   'C:\\Users\\USUARIO\\OneDrive - Unicamacho-academico\\Documentos\\New project\\ProyectoIA\\node_modules\\@babel\\helper-string-parser': 'C:\\Users\\USUARIO\\OneDrive - Unicamacho-academico\\Documentos\\New project\\ProyectoIA\\node_modules\\@babel\\.helper-string-parser-oZxhNX9f',
277 silly reify   'C:\\Users\\USUARIO\\OneDrive - Unicamacho-academico\\Documentos\\New project\\ProyectoIA\\node_modules\\@babel\\helper-validator-identifier': 'C:\\Users\\USUARIO\\OneDrive - Unicamacho-academico\\Documentos\\New project\\ProyectoIA\\node_modules\\@babel\\.helper-validator-identifier-UUR5gCCc',
277 silly reify   'C:\\Users\\USUARIO\\OneDrive - Unicamacho-academico\\Documentos\\New project\\ProyectoIA\\node_modules\\@babel\\helper-validator-option': 'C:\\Users\\USUARIO\\OneDrive - Unicamacho-academico\\Documentos\\New project\\ProyectoIA\\node_modules\\@babel\\.helper-validator-option-eOWtJllf',
277 silly reify   'C:\\Users\\USUARIO\\OneDrive - Unicamacho-academico\\Documentos\\New project\\ProyectoIA\\node_modules\\@babel\\helper-wrap-function': 'C:\\Users\\USUARIO\\OneDrive - Unicamacho-academico\\Documentos\\New project\\ProyectoIA\\node_modules\\@babel\\.helper-wrap-function-cMZ4beKK',
277 silly reify   'C:\\Users\\USUARIO\\OneDrive - Unicamacho-academico\\Documentos\\New project\\ProyectoIA\\node_modules\\@babel\\helpers': 'C:\\Users\\USUARIO\\OneDrive - Unicamacho-academico\\Documentos\\New project\\ProyectoIA\\node_modules\\@babel\\.helpers-aKclYsb9',
277 silly reify   'C:\\Users\\USUARIO\\OneDrive - Unicamacho-academico\\Documentos\\New project\\ProyectoIA\\node_modules\\@babel\\parser': 'C:\\Users\\USUARIO\\OneDrive - Unicamacho-academico\\Documentos\\New project\\ProyectoIA\\node_modules\\@babel\\.parser-VAra8wwi',
277 silly reify   'C:\\Users\\USUARIO\\OneDrive - Unicamacho-academico\\Documentos\\New project\\ProyectoIA\\node_modules\\@babel\\plugin-proposal-decorators': 'C:\\Users\\USUARIO\\OneDrive - Unicamacho-academico\\Documentos\\New project\\ProyectoIA\\node_modules\\@babel\\.plugin-proposal-decorators-UpB8rQtq',
277 silly reify   'C:\\Users\\USUARIO\\OneDrive - Unicamacho-academico\\Documentos\\New project\\ProyectoIA\\node_modules\\@babel\\plugin-proposal-export-default-from': 'C:\\Users\\USUARIO\\OneDrive - Unicamacho-academico\\Documentos\\New project\\ProyectoIA\\node_modules\\@babel\\.plugin-proposal-export-default-from-1h6dGH38',
277 silly reify   'C:\\Users\\USUARIO\\OneDrive - Unicamacho-academico\\Documentos\\New project\\ProyectoIA\\node_modules\\@babel\\plugin-syntax-async-generators': 'C:\\Users\\USUARIO\\OneDrive - Unicamacho-academico\\Documentos\\New project\\ProyectoIA\\node_modules\\@babel\\.plugin-syntax-async-generators-4sHTxUF5',
277 silly reify   'C:\\Users\\USUARIO\\OneDrive - Unicamacho-academico\\Documentos\\New project\\ProyectoIA\\node_modules\\@babel\\plugin-syntax-bigint': 'C:\\Users\\USUARIO\\OneDrive - Unicamacho-academico\\Documentos\\New project\\ProyectoIA\\node_modules\\@babel\\.plugin-syntax-bigint-GPEOsvju',
277 silly reify   'C:\\Users\\USUARIO\\OneDrive - Unicamacho-academico\\Documentos\\New project\\ProyectoIA\\node_modules\\@babel\\plugin-syntax-class-properties': 'C:\\Users\\USUARIO\\OneDrive - Unicamacho-academico\\Documentos\\New project\\ProyectoIA\\node_modules\\@babel\\.plugin-syntax-class-properties-uPeZ2izn',
277 silly reify   'C:\\Users\\USUARIO\\OneDrive - Unicamacho-academico\\Documentos\\New project\\ProyectoIA\\node_modules\\@babel\\plugin-syntax-class-static-block': 'C:\\Users\\USUARIO\\OneDrive - Unicamacho-academico\\Documentos\\New project\\ProyectoIA\\node_modules\\@babel\\.plugin-syntax-class-static-block-iF2IR4Lv',
277 silly reify   'C:\\Users\\USUARIO\\OneDrive - Unicamacho-academico\\Documentos\\New project\\ProyectoIA\\node_modules\\@babel\\plugin-syntax-decorators': 'C:\\Users\\USUARIO\\OneDrive - Unicamacho-academico\\Documentos\\New project\\ProyectoIA\\node_modules\\@babel\\.plugin-syntax-decorators-xB9gmnXe',
277 silly reify   'C:\\Users\\USUARIO\\OneDrive - Unicamacho-academico\\Documentos\\New project\\ProyectoIA\\node_modules\\@babel\\plugin-syntax-dynamic-import': 'C:\\Users\\USUARIO\\OneDrive - Unicamacho-academico\\Documentos\\New project\\ProyectoIA\\node_modules\\@babel\\.plugin-syntax-dynamic-import-17zhoIFS',
277 silly reify   'C:\\Users\\USUARIO\\OneDrive - Unicamacho-academico\\Documentos\\New project\\ProyectoIA\\node_modules\\@babel\\plugin-syntax-export-default-from': 'C:\\Users\\USUARIO\\OneDrive - Unicamacho-academico\\Documentos\\New project\\ProyectoIA\\node_modules\\@babel\\.plugin-syntax-export-default-from-UTW1P3WM',
277 silly reify   'C:\\Users\\USUARIO\\OneDrive - Unicamacho-academico\\Documentos\\New project\\ProyectoIA\\node_modules\\@babel\\plugin-syntax-flow': 'C:\\Users\\USUARIO\\OneDrive - Unicamacho-academico\\Documentos\\New project\\ProyectoIA\\node_modules\\@babel\\.plugin-syntax-flow-onMC4qrn',
277 silly reify   'C:\\Users\\USUARIO\\OneDrive - Unicamacho-academico\\Documentos\\New project\\ProyectoIA\\node_modules\\@babel\\plugin-syntax-import-meta': 'C:\\Users\\USUARIO\\OneDrive - Unicamacho-academico\\Documentos\\New project\\ProyectoIA\\node_modules\\@babel\\.plugin-syntax-import-meta-j49gTDvw',
277 silly reify   'C:\\Users\\USUARIO\\OneDrive - Unicamacho-academico\\Documentos\\New project\\ProyectoIA\\node_modules\\@babel\\plugin-syntax-json-strings': 'C:\\Users\\USUARIO\\OneDrive - Unicamacho-academico\\Documentos\\New project\\ProyectoIA\\node_modules\\@babel\\.plugin-syntax-json-strings-ZgGEyYSC',
277 silly reify   'C:\\Users\\USUARIO\\OneDrive - Unicamacho-academico\\Documentos\\New project\\ProyectoIA\\node_modules\\@babel\\plugin-syntax-import-attributes': 'C:\\Users\\USUARIO\\OneDrive - Unicamacho-academico\\Documentos\\New project\\ProyectoIA\\node_modules\\@babel\\.plugin-syntax-import-attributes-FDK5Rrbm',
277 silly reify   'C:\\Users\\USUARIO\\OneDrive - Unicamacho-academico\\Documentos\\New project\\ProyectoIA\\node_modules\\@babel\\plugin-syntax-jsx': 'C:\\Users\\USUARIO\\OneDrive - Unicamacho-academico\\Documentos\\New project\\ProyectoIA\\node_modules\\@babel\\.plugin-syntax-jsx-JmkMUEon',
277 silly reify   'C:\\Users\\USUARIO\\OneDrive - Unicamacho-academico\\Documentos\\New project\\ProyectoIA\\node_modules\\@babel\\plugin-syntax-logical-assignment-operators': 'C:\\Users\\USUARIO\\OneDrive - Unicamacho-academico\\Documentos\\New project\\ProyectoIA\\node_modules\\@babel\\.plugin-syntax-logical-assignment-operators-EjPRg4Ih',
277 silly reify   'C:\\Users\\USUARIO\\OneDrive - Unicamacho-academico\\Documentos\\New project\\ProyectoIA\\node_modules\\@babel\\plugin-syntax-nullish-coalescing-operator': 'C:\\Users\\USUARIO\\OneDrive - Unicamacho-academico\\Documentos\\New project\\ProyectoIA\\node_modules\\@babel\\.plugin-syntax-nullish-coalescing-operator-cEV2Wo6K',
277 silly reify   'C:\\Users\\USUARIO\\OneDrive - Unicamacho-academico\\Documentos\\New project\\ProyectoIA\\node_modules\\@babel\\plugin-syntax-numeric-separator': 'C:\\Users\\USUARIO\\OneDrive - Unicamacho-academico\\Documentos\\New project\\ProyectoIA\\node_modules\\@babel\\.plugin-syntax-numeric-separator-AMLXvCwd',
277 silly reify   'C:\\Users\\USUARIO\\OneDrive - Unicamacho-academico\\Documentos\\New project\\ProyectoIA\\node_modules\\@babel\\plugin-syntax-object-rest-spread': 'C:\\Users\\USUARIO\\OneDrive - Unicamacho-academico\\Documentos\\New project\\ProyectoIA\\node_modules\\@babel\\.plugin-syntax-object-rest-spread-i6sOXcJB',
277 silly reify   'C:\\Users\\USUARIO\\OneDrive - Unicamacho-academico\\Documentos\\New project\\ProyectoIA\\node_modules\\@babel\\plugin-syntax-optional-catch-binding': 'C:\\Users\\USUARIO\\OneDrive - Unicamacho-academico\\Documentos\\New project\\ProyectoIA\\node_modules\\@babel\\.plugin-syntax-optional-catch-binding-1oCmNyPI',
277 silly reify   'C:\\Users\\USUARIO\\OneDrive - Unicamacho-academico\\Documentos\\New project\\ProyectoIA\\node_modules\\@babel\\plugin-syntax-optional-chaining': 'C:\\Users\\USUARIO\\OneDrive - Unicamacho-academico\\Documentos\\New project\\ProyectoIA\\node_modules\\@babel\\.plugin-syntax-optional-chaining-Re6yLNJ0',
277 silly reify   'C:\\Users\\USUARIO\\OneDrive - Unicamacho-academico\\Documentos\\New project\\ProyectoIA\\node_modules\\@babel\\plugin-syntax-private-property-in-object': 'C:\\Users\\USUARIO\\OneDrive - Unicamacho-academico\\Documentos\\New project\\ProyectoIA\\node_modules\\@babel\\.plugin-syntax-private-property-in-object-jvCyHZjn',
277 silly reify   'C:\\Users\\USUARIO\\OneDrive - Unicamacho-academico\\Documentos\\New project\\ProyectoIA\\node_modules\\@babel\\plugin-syntax-top-level-await': 'C:\\Users\\USUARIO\\OneDrive - Unicamacho-academico\\Documentos\\New project\\ProyectoIA\\node_modules\\@babel\\.plugin-syntax-top-level-await-caugLasC',
277 silly reify   'C:\\Users\\USUARIO\\OneDrive - Unicamacho-academico\\Documentos\\New project\\ProyectoIA\\node_modules\\@babel\\plugin-syntax-typescript': 'C:\\Users\\USUARIO\\OneDrive - Unicamacho-academico\\Documentos\\New project\\ProyectoIA\\node_modules\\@babel\\.plugin-syntax-typescript-zqYdWQSV',
277 silly reify   'C:\\Users\\USUARIO\\OneDrive - Unicamacho-academico\\Documentos\\New project\\ProyectoIA\\node_modules\\@babel\\plugin-transform-arrow-functions': 'C:\\Users\\USUARIO\\OneDrive - Unicamacho-academico\\Documentos\\New project\\ProyectoIA\\node_modules\\@babel\\.plugin-transform-arrow-functions-Uovz085z',
277 silly reify   'C:\\Users\\USUARIO\\OneDrive - Unicamacho-academico\\Documentos\\New project\\ProyectoIA\\node_modules\\@babel\\plugin-transform-async-generator-functions': 'C:\\Users\\USUARIO\\OneDrive - Unicamacho-academico\\Documentos\\New project\\ProyectoIA\\node_modules\\@babel\\.plugin-transform-async-generator-functions-GPFe13MV',
277 silly reify   'C:\\Users\\USUARIO\\OneDrive - Unicamacho-academico\\Documentos\\New project\\ProyectoIA\\node_modules\\@babel\\plugin-transform-async-to-generator': 'C:\\Users\\USUARIO\\OneDrive - Unicamacho-academico\\Documentos\\New project\\ProyectoIA\\node_modules\\@babel\\.plugin-transform-async-to-generator-bf5rfFlN',
277 silly reify   'C:\\Users\\USUARIO\\OneDrive - Unicamacho-academico\\Documentos\\New project\\ProyectoIA\\node_modules\\@babel\\plugin-transform-class-properties': 'C:\\Users\\USUARIO\\OneDrive - Unicamacho-academico\\Documentos\\New project\\ProyectoIA\\node_modules\\@babel\\.plugin-transform-class-properties-wa51pR8r',
277 silly reify   'C:\\Users\\USUARIO\\OneDrive - Unicamacho-academico\\Documentos\\New project\\ProyectoIA\\node_modules\\@babel\\plugin-transform-class-static-block': 'C:\\Users\\USUARIO\\OneDrive - Unicamacho-academico\\Documentos\\New project\\ProyectoIA\\node_modules\\@babel\\.plugin-transform-class-static-block-t1BnlHPD',
277 silly reify   'C:\\Users\\USUARIO\\OneDrive - Unicamacho-academico\\Documentos\\New project\\ProyectoIA\\node_modules\\@babel\\plugin-transform-block-scoping': 'C:\\Users\\USUARIO\\OneDrive - Unicamacho-academico\\Documentos\\New project\\ProyectoIA\\node_modules\\@babel\\.plugin-transform-block-scoping-iZ0g5uVC',
277 silly reify   'C:\\Users\\USUARIO\\OneDrive - Unicamacho-academico\\Documentos\\New project\\ProyectoIA\\node_modules\\@babel\\plugin-transform-classes': 'C:\\Users\\USUARIO\\OneDrive - Unicamacho-academico\\Documentos\\New project\\ProyectoIA\\node_modules\\@babel\\.plugin-transform-classes-ChFR7QyG',
277 silly reify   'C:\\Users\\USUARIO\\OneDrive - Unicamacho-academico\\Documentos\\New project\\ProyectoIA\\node_modules\\@babel\\plugin-transform-computed-properties': 'C:\\Users\\USUARIO\\OneDrive - Unicamacho-academico\\Documentos\\New project\\ProyectoIA\\node_modules\\@babel\\.plugin-transform-computed-properties-KGzIB9Td',
277 silly reify   'C:\\Users\\USUARIO\\OneDrive - Unicamacho-academico\\Documentos\\New project\\ProyectoIA\\node_modules\\@babel\\plugin-transform-destructuring': 'C:\\Users\\USUARIO\\OneDrive - Unicamacho-academico\\Documentos\\New project\\ProyectoIA\\node_modules\\@babel\\.plugin-transform-destructuring-KzVu3Wnv',
277 silly reify   'C:\\Users\\USUARIO\\OneDrive - Unicamacho-academico\\Documentos\\New project\\ProyectoIA\\node_modules\\@babel\\plugin-transform-export-namespace-from': 'C:\\Users\\USUARIO\\OneDrive - Unicamacho-academico\\Documentos\\New project\\ProyectoIA\\node_modules\\@babel\\.plugin-transform-export-namespace-from-j41QGYou',
277 silly reify   'C:\\Users\\USUARIO\\OneDrive - Unicamacho-academico\\Documentos\\New project\\ProyectoIA\\node_modules\\@babel\\plugin-transform-flow-strip-types': 'C:\\Users\\USUARIO\\OneDrive - Unicamacho-academico\\Documentos\\New project\\ProyectoIA\\node_modules\\@babel\\.plugin-transform-flow-strip-types-UyrG2PPM',
277 silly reify   'C:\\Users\\USUARIO\\OneDrive - Unicamacho-academico\\Documentos\\New project\\ProyectoIA\\node_modules\\@babel\\plugin-transform-for-of': 'C:\\Users\\USUARIO\\OneDrive - Unicamacho-academico\\Documentos\\New project\\ProyectoIA\\node_modules\\@babel\\.plugin-transform-for-of-GZhWgNCG',
277 silly reify   'C:\\Users\\USUARIO\\OneDrive - Unicamacho-academico\\Documentos\\New project\\ProyectoIA\\node_modules\\@babel\\plugin-transform-function-name': 'C:\\Users\\USUARIO\\OneDrive - Unicamacho-academico\\Documentos\\New project\\ProyectoIA\\node_modules\\@babel\\.plugin-transform-function-name-qyx2iRAU',
277 silly reify   'C:\\Users\\USUARIO\\OneDrive - Unicamacho-academico\\Documentos\\New project\\ProyectoIA\\node_modules\\@babel\\plugin-transform-literals': 'C:\\Users\\USUARIO\\OneDrive - Unicamacho-academico\\Documentos\\New project\\ProyectoIA\\node_modules\\@babel\\.plugin-transform-literals-dEqwAaoW',
277 silly reify   'C:\\Users\\USUARIO\\OneDrive - Unicamacho-academico\\Documentos\\New project\\ProyectoIA\\node_modules\\@babel\\plugin-transform-logical-assignment-operators': 'C:\\Users\\USUARIO\\OneDrive - Unicamacho-academico\\Documentos\\New project\\ProyectoIA\\node_modules\\@babel\\.plugin-transform-logical-assignment-operators-86yP3zZc',
277 silly reify   'C:\\Users\\USUARIO\\OneDrive - Unicamacho-academico\\Documentos\\New project\\ProyectoIA\\node_modules\\@babel\\plugin-transform-modules-commonjs': 'C:\\Users\\USUARIO\\OneDrive - Unicamacho-academico\\Documentos\\New project\\ProyectoIA\\node_modules\\@babel\\.plugin-transform-modules-commonjs-KiF7KXMt',
277 silly reify   'C:\\Users\\USUARIO\\OneDrive - Unicamacho-academico\\Documentos\\New project\\ProyectoIA\\node_modules\\@babel\\plugin-transform-named-capturing-groups-regex': 'C:\\Users\\USUARIO\\OneDrive - Unicamacho-academico\\Documentos\\New project\\ProyectoIA\\node_modules\\@babel\\.plugin-transform-named-capturing-groups-regex-K8K7mjUK',
277 silly reify   'C:\\Users\\USUARIO\\OneDrive - Unicamacho-academico\\Documentos\\New project\\ProyectoIA\\node_modules\\@babel\\plugin-transform-nullish-coalescing-operator': 'C:\\Users\\USUARIO\\OneDrive - Unicamacho-academico\\Documentos\\New project\\ProyectoIA\\node_modules\\@babel\\.plugin-transform-nullish-coalescing-operator-ZAZQXaMr',
277 silly reify   'C:\\Users\\USUARIO\\OneDrive - Unicamacho-academico\\Documentos\\New project\\ProyectoIA\\node_modules\\@babel\\plugin-transform-numeric-separator': 'C:\\Users\\USUARIO\\OneDrive - Unicamacho-academico\\Documentos\\New project\\ProyectoIA\\node_modules\\@babel\\.plugin-transform-numeric-separator-8kJCUJt1',
277 silly reify   'C:\\Users\\USUARIO\\OneDrive - Unicamacho-academico\\Documentos\\New project\\ProyectoIA\\node_modules\\@babel\\plugin-transform-object-rest-spread': 'C:\\Users\\USUARIO\\OneDrive - Unicamacho-academico\\Documentos\\New project\\ProyectoIA\\node_modules\\@babel\\.plugin-transform-object-rest-spread-ggBcQBG1',
277 silly reify   'C:\\Users\\USUARIO\\OneDrive - Unicamacho-academico\\Documentos\\New project\\ProyectoIA\\node_modules\\@babel\\plugin-transform-optional-catch-binding': 'C:\\Users\\USUARIO\\OneDrive - Unicamacho-academico\\Documentos\\New project\\ProyectoIA\\node_modules\\@babel\\.plugin-transform-optional-catch-binding-mpfwlsW3',
277 silly reify   'C:\\Users\\USUARIO\\OneDrive - Unicamacho-academico\\Documentos\\New project\\ProyectoIA\\node_modules\\@babel\\plugin-transform-optional-chaining': 'C:\\Users\\USUARIO\\OneDrive - Unicamacho-academico\\Documentos\\New project\\ProyectoIA\\node_modules\\@babel\\.plugin-transform-optional-chaining-JJrI2PHR',
277 silly reify   'C:\\Users\\USUARIO\\OneDrive - Unicamacho-academico\\Documentos\\New project\\ProyectoIA\\node_modules\\@babel\\plugin-transform-private-methods': 'C:\\Users\\USUARIO\\OneDrive - Unicamacho-academico\\Documentos\\New project\\ProyectoIA\\node_modules\\@babel\\.plugin-transform-private-methods-yu8ucsAn',
277 silly reify   'C:\\Users\\USUARIO\\OneDrive - Unicamacho-academico\\Documentos\\New project\\ProyectoIA\\node_modules\\@babel\\plugin-transform-parameters': 'C:\\Users\\USUARIO\\OneDrive - Unicamacho-academico\\Documentos\\New project\\ProyectoIA\\node_modules\\@babel\\.plugin-transform-parameters-dmJiTtva',
277 silly reify   'C:\\Users\\USUARIO\\OneDrive - Unicamacho-academico\\Documentos\\New project\\ProyectoIA\\node_modules\\@babel\\plugin-transform-private-property-in-object': 'C:\\Users\\USUARIO\\OneDrive - Unicamacho-academico\\Documentos\\New project\\ProyectoIA\\node_modules\\@babel\\.plugin-transform-private-property-in-object-QPufGrs4',
277 silly reify   'C:\\Users\\USUARIO\\OneDrive - Unicamacho-academico\\Documentos\\New project\\ProyectoIA\\node_modules\\@babel\\plugin-transform-react-display-name': 'C:\\Users\\USUARIO\\OneDrive - Unicamacho-academico\\Documentos\\New project\\ProyectoIA\\node_modules\\@babel\\.plugin-transform-react-display-name-Hz7oBgnU',
277 silly reify   'C:\\Users\\USUARIO\\OneDrive - Unicamacho-academico\\Documentos\\New project\\ProyectoIA\\node_modules\\@babel\\plugin-transform-react-jsx': 'C:\\Users\\USUARIO\\OneDrive - Unicamacho-academico\\Documentos\\New project\\ProyectoIA\\node_modules\\@babel\\.plugin-transform-react-jsx-uobeFvNI',
277 silly reify   'C:\\Users\\USUARIO\\OneDrive - Unicamacho-academico\\Documentos\\New project\\ProyectoIA\\node_modules\\@babel\\plugin-transform-react-jsx-development': 'C:\\Users\\USUARIO\\OneDrive - Unicamacho-academico\\Documentos\\New project\\ProyectoIA\\node_modules\\@babel\\.plugin-transform-react-jsx-development-8FSlTnf6',
277 silly reify   'C:\\Users\\USUARIO\\OneDrive - Unicamacho-academico\\Documentos\\New project\\ProyectoIA\\node_modules\\@babel\\plugin-transform-react-jsx-self': 'C:\\Users\\USUARIO\\OneDrive - Unicamacho-academico\\Documentos\\New project\\ProyectoIA\\node_modules\\@babel\\.plugin-transform-react-jsx-self-FccIOquT',
277 silly reify   'C:\\Users\\USUARIO\\OneDrive - Unicamacho-academico\\Documentos\\New project\\ProyectoIA\\node_modules\\@babel\\plugin-transform-react-jsx-source': 'C:\\Users\\USUARIO\\OneDrive - Unicamacho-academico\\Documentos\\New project\\ProyectoIA\\node_modules\\@babel\\.plugin-transform-react-jsx-source-qXLA7Qzv',
277 silly reify   'C:\\Users\\USUARIO\\OneDrive - Unicamacho-academico\\Documentos\\New project\\ProyectoIA\\node_modules\\@babel\\plugin-transform-react-pure-annotations': 'C:\\Users\\USUARIO\\OneDrive - Unicamacho-academico\\Documentos\\New project\\ProyectoIA\\node_modules\\@babel\\.plugin-transform-react-pure-annotations-8khFEtfz',
277 silly reify   'C:\\Users\\USUARIO\\OneDrive - Unicamacho-academico\\Documentos\\New project\\ProyectoIA\\node_modules\\@babel\\plugin-transform-regenerator': 'C:\\Users\\USUARIO\\OneDrive - Unicamacho-academico\\Documentos\\New project\\ProyectoIA\\node_modules\\@babel\\.plugin-transform-regenerator-CkQVuZ1J',
277 silly reify   'C:\\Users\\USUARIO\\OneDrive - Unicamacho-academico\\Documentos\\New project\\ProyectoIA\\node_modules\\@babel\\plugin-transform-runtime': 'C:\\Users\\USUARIO\\OneDrive - Unicamacho-academico\\Documentos\\New project\\ProyectoIA\\node_modules\\@babel\\.plugin-transform-runtime-QLg50WAM',
277 silly reify   'C:\\Users\\USUARIO\\OneDrive - Unicamacho-academico\\Documentos\\New project\\ProyectoIA\\node_modules\\@babel\\plugin-transform-shorthand-properties': 'C:\\Users\\USUARIO\\OneDrive - Unicamacho-academico\\Documentos\\New project\\ProyectoIA\\node_modules\\@babel\\.plugin-transform-shorthand-properties-X4cfdcJo',
277 silly reify   'C:\\Users\\USUARIO\\OneDrive - Unicamacho-academico\\Documentos\\New project\\ProyectoIA\\node_modules\\@babel\\plugin-transform-spread': 'C:\\Users\\USUARIO\\OneDrive - Unicamacho-academico\\Documentos\\New project\\ProyectoIA\\node_modules\\@babel\\.plugin-transform-spread-MeUbVW13',
277 silly reify   'C:\\Users\\USUARIO\\OneDrive - Unicamacho-academico\\Documentos\\New project\\ProyectoIA\\node_modules\\@babel\\plugin-transform-sticky-regex': 'C:\\Users\\USUARIO\\OneDrive - Unicamacho-academico\\Documentos\\New project\\ProyectoIA\\node_modules\\@babel\\.plugin-transform-sticky-regex-nJTkUCzG',
277 silly reify   'C:\\Users\\USUARIO\\OneDrive - Unicamacho-academico\\Documentos\\New project\\ProyectoIA\\node_modules\\@babel\\plugin-transform-template-literals': 'C:\\Users\\USUARIO\\OneDrive - Unicamacho-academico\\Documentos\\New project\\ProyectoIA\\node_modules\\@babel\\.plugin-transform-template-literals-SFaGfqRA',
277 silly reify   'C:\\Users\\USUARIO\\OneDrive - Unicamacho-academico\\Documentos\\New project\\ProyectoIA\\node_modules\\@babel\\plugin-transform-typescript': 'C:\\Users\\USUARIO\\OneDrive - Unicamacho-academico\\Documentos\\New project\\ProyectoIA\\node_modules\\@babel\\.plugin-transform-typescript-4SUJMOif',
277 silly reify   'C:\\Users\\USUARIO\\OneDrive - Unicamacho-academico\\Documentos\\New project\\ProyectoIA\\node_modules\\@babel\\preset-react': 'C:\\Users\\USUARIO\\OneDrive - Unicamacho-academico\\Documentos\\New project\\ProyectoIA\\node_modules\\@babel\\.preset-react-EPuGvXnn',
277 silly reify   'C:\\Users\\USUARIO\\OneDrive - Unicamacho-academico\\Documentos\\New project\\ProyectoIA\\node_modules\\@babel\\preset-typescript': 'C:\\Users\\USUARIO\\OneDrive - Unicamacho-academico\\Documentos\\New project\\ProyectoIA\\node_modules\\@babel\\.preset-typescript-ectVAIaM',
277 silly reify   'C:\\Users\\USUARIO\\OneDrive - Unicamacho-academico\\Documentos\\New project\\ProyectoIA\\node_modules\\@babel\\plugin-transform-unicode-regex': 'C:\\Users\\USUARIO\\OneDrive - Unicamacho-academico\\Documentos\\New project\\ProyectoIA\\node_modules\\@babel\\.plugin-transform-unicode-regex-1b9pzj6o',
277 silly reify   'C:\\Users\\USUARIO\\OneDrive - Unicamacho-academico\\Documentos\\New project\\ProyectoIA\\node_modules\\@babel\\runtime': 'C:\\Users\\USUARIO\\OneDrive - Unicamacho-academico\\Documentos\\New project\\ProyectoIA\\node_modules\\@babel\\.runtime-NIdXrBu7',
277 silly reify   'C:\\Users\\USUARIO\\OneDrive - Unicamacho-academico\\Documentos\\New project\\ProyectoIA\\node_modules\\@babel\\template': 'C:\\Users\\USUARIO\\OneDrive - Unicamacho-academico\\Documentos\\New project\\ProyectoIA\\node_modules\\@babel\\.template-Q6YB6Rvn',
277 silly reify   'C:\\Users\\USUARIO\\OneDrive - Unicamacho-academico\\Documentos\\New project\\ProyectoIA\\node_modules\\@babel\\types': 'C:\\Users\\USUARIO\\OneDrive - Unicamacho-academico\\Documentos\\New project\\ProyectoIA\\node_modules\\@babel\\.types-RRkuthTH',
277 silly reify   'C:\\Users\\USUARIO\\OneDrive - Unicamacho-academico\\Documentos\\New project\\ProyectoIA\\node_modules\\@babel\\traverse': 'C:\\Users\\USUARIO\\OneDrive - Unicamacho-academico\\Documentos\\New project\\ProyectoIA\\node_modules\\@babel\\.traverse-7Y1aaTFl',
277 silly reify   'C:\\Users\\USUARIO\\OneDrive - Unicamacho-academico\\Documentos\\New project\\ProyectoIA\\node_modules\\@egjs\\hammerjs': 'C:\\Users\\USUARIO\\OneDrive - Unicamacho-academico\\Documentos\\New project\\ProyectoIA\\node_modules\\@egjs\\.hammerjs-0ew5iNb8',
277 silly reify   'C:\\Users\\USUARIO\\OneDrive - Unicamacho-academico\\Documentos\\New project\\ProyectoIA\\node_modules\\@expo\\config': 'C:\\Users\\USUARIO\\OneDrive - Unicamacho-academico\\Documentos\\New project\\ProyectoIA\\node_modules\\@expo\\.config-NpFD8HUj',
277 silly reify   'C:\\Users\\USUARIO\\OneDrive - Unicamacho-academico\\Documentos\\New project\\ProyectoIA\\node_modules\\@expo\\config-plugins': 'C:\\Users\\USUARIO\\OneDrive - Unicamacho-academico\\Documentos\\New project\\ProyectoIA\\node_modules\\@expo\\.config-plugins-s2nhGneG',
277 silly reify   'C:\\Users\\USUARIO\\OneDrive - Unicamacho-academico\\Documentos\\New project\\ProyectoIA\\node_modules\\@expo\\code-signing-certificates': 'C:\\Users\\USUARIO\\OneDrive - Unicamacho-academico\\Documentos\\New project\\ProyectoIA\\node_modules\\@expo\\.code-signing-certificates-987k62wk',
277 silly reify   'C:\\Users\\USUARIO\\OneDrive - Unicamacho-academico\\Documentos\\New project\\ProyectoIA\\node_modules\\@expo\\config-types': 'C:\\Users\\USUARIO\\OneDrive - Unicamacho-academico\\Documentos\\New project\\ProyectoIA\\node_modules\\@expo\\.config-types-DGnaNulh',
277 silly reify   'C:\\Users\\USUARIO\\OneDrive - Unicamacho-academico\\Documentos\\New project\\ProyectoIA\\node_modules\\@expo\\devtools': 'C:\\Users\\USUARIO\\OneDrive - Unicamacho-academico\\Documentos\\New project\\ProyectoIA\\node_modules\\@expo\\.devtools-UBSZwZR8',
277 silly reify   'C:\\Users\\USUARIO\\OneDrive - Unicamacho-academico\\Documentos\\New project\\ProyectoIA\\node_modules\\@expo\\dom-webview': 'C:\\Users\\USUARIO\\OneDrive - Unicamacho-academico\\Documentos\\New project\\ProyectoIA\\node_modules\\@expo\\.dom-webview-VyfUIMfN',
277 silly reify   'C:\\Users\\USUARIO\\OneDrive - Unicamacho-academico\\Documentos\\New project\\ProyectoIA\\node_modules\\@expo\\devcert': 'C:\\Users\\USUARIO\\OneDrive - Unicamacho-academico\\Documentos\\New project\\ProyectoIA\\node_modules\\@expo\\.devcert-3HZc5GLO',
277 silly reify   'C:\\Users\\USUARIO\\OneDrive - Unicamacho-academico\\Documentos\\New project\\ProyectoIA\\node_modules\\@expo\\env': 'C:\\Users\\USUARIO\\OneDrive - Unicamacho-academico\\Documentos\\New project\\ProyectoIA\\node_modules\\@expo\\.env-ub0u0Vgn',
277 silly reify   'C:\\Users\\USUARIO\\OneDrive - Unicamacho-academico\\Documentos\\New project\\ProyectoIA\\node_modules\\@expo\\fingerprint': 'C:\\Users\\USUARIO\\OneDrive - Unicamacho-academico\\Documentos\\New project\\ProyectoIA\\node_modules\\@expo\\.fingerprint-1fJtfBIn',
277 silly reify   'C:\\Users\\USUARIO\\OneDrive - Unicamacho-academico\\Documentos\\New project\\ProyectoIA\\node_modules\\@expo\\json-file': 'C:\\Users\\USUARIO\\OneDrive - Unicamacho-academico\\Documentos\\New project\\ProyectoIA\\node_modules\\@expo\\.json-file-rDEZKWFt',
277 silly reify   'C:\\Users\\USUARIO\\OneDrive - Unicamacho-academico\\Documentos\\New project\\ProyectoIA\\node_modules\\@expo\\image-utils': 'C:\\Users\\USUARIO\\OneDrive - Unicamacho-academico\\Documentos\\New project\\ProyectoIA\\node_modules\\@expo\\.image-utils-URyQZtfr',
277 silly reify   'C:\\Users\\USUARIO\\OneDrive - Unicamacho-academico\\Documentos\\New project\\ProyectoIA\\node_modules\\@expo\\local-build-cache-provider': 'C:\\Users\\USUARIO\\OneDrive - Unicamacho-academico\\Documentos\\New project\\ProyectoIA\\node_modules\\@expo\\.local-build-cache-provider-7IaoaZJi',
277 silly reify   'C:\\Users\\USUARIO\\OneDrive - Unicamacho-academico\\Documentos\\New project\\ProyectoIA\\node_modules\\@expo\\log-box': 'C:\\Users\\USUARIO\\OneDrive - Unicamacho-academico\\Documentos\\New project\\ProyectoIA\\node_modules\\@expo\\.log-box-eyK7FI8m',
277 silly reify   'C:\\Users\\USUARIO\\OneDrive - Unicamacho-academico\\Documentos\\New project\\ProyectoIA\\node_modules\\@expo\\metro': 'C:\\Users\\USUARIO\\OneDrive - Unicamacho-academico\\Documentos\\New project\\ProyectoIA\\node_modules\\@expo\\.metro-nTdsekVM',
277 silly reify   'C:\\Users\\USUARIO\\OneDrive - Unicamacho-academico\\Documentos\\New project\\ProyectoIA\\node_modules\\@expo\\metro-config': 'C:\\Users\\USUARIO\\OneDrive - Unicamacho-academico\\Documentos\\New project\\ProyectoIA\\node_modules\\@expo\\.metro-config-UGeGWdUd',
277 silly reify   'C:\\Users\\USUARIO\\OneDrive - Unicamacho-academico\\Documentos\\New project\\ProyectoIA\\node_modules\\@expo\\osascript': 'C:\\Users\\USUARIO\\OneDrive - Unicamacho-academico\\Documentos\\New project\\ProyectoIA\\node_modules\\@expo\\.osascript-Fveki8kf',
277 silly reify   'C:\\Users\\USUARIO\\OneDrive - Unicamacho-academico\\Documentos\\New project\\ProyectoIA\\node_modules\\@expo\\package-manager': 'C:\\Users\\USUARIO\\OneDrive - Unicamacho-academico\\Documentos\\New project\\ProyectoIA\\node_modules\\@expo\\.package-manager-962R7lnL',
277 silly reify   'C:\\Users\\USUARIO\\OneDrive - Unicamacho-academico\\Documentos\\New project\\ProyectoIA\\node_modules\\@expo\\plist': 'C:\\Users\\USUARIO\\OneDrive - Unicamacho-academico\\Documentos\\New project\\ProyectoIA\\node_modules\\@expo\\.plist-JJwDGiiW',
277 silly reify   'C:\\Users\\USUARIO\\OneDrive - Unicamacho-academico\\Documentos\\New project\\ProyectoIA\\node_modules\\@expo\\prebuild-config': 'C:\\Users\\USUARIO\\OneDrive - Unicamacho-academico\\Documentos\\New project\\ProyectoIA\\node_modules\\@expo\\.prebuild-config-xoCnVwym',
277 silly reify   'C:\\Users\\USUARIO\\OneDrive - Unicamacho-academico\\Documentos\\New project\\ProyectoIA\\node_modules\\@expo\\schema-utils': 'C:\\Users\\USUARIO\\OneDrive - Unicamacho-academico\\Documentos\\New project\\ProyectoIA\\node_modules\\@expo\\.schema-utils-PWuTog8e',
277 silly reify   'C:\\Users\\USUARIO\\OneDrive - Unicamacho-academico\\Documentos\\New project\\ProyectoIA\\node_modules\\@expo\\vector-icons': 'C:\\Users\\USUARIO\\OneDrive - Unicamacho-academico\\Documentos\\New project\\ProyectoIA\\node_modules\\@expo\\.vector-icons-YJiHuycU',
277 silly reify   'C:\\Users\\USUARIO\\OneDrive - Unicamacho-academico\\Documentos\\New project\\ProyectoIA\\node_modules\\@react-native\\assets-registry': 'C:\\Users\\USUARIO\\OneDrive - Unicamacho-academico\\Documentos\\New project\\ProyectoIA\\node_modules\\@react-native\\.assets-registry-Tp1wYKTi',
277 silly reify   'C:\\Users\\USUARIO\\OneDrive - Unicamacho-academico\\Documentos\\New project\\ProyectoIA\\node_modules\\@react-native\\babel-preset': 'C:\\Users\\USUARIO\\OneDrive - Unicamacho-academico\\Documentos\\New project\\ProyectoIA\\node_modules\\@react-native\\.babel-preset-fYen3rCg',
277 silly reify   'C:\\Users\\USUARIO\\OneDrive - Unicamacho-academico\\Documentos\\New project\\ProyectoIA\\node_modules\\@react-native\\codegen': 'C:\\Users\\USUARIO\\OneDrive - Unicamacho-academico\\Documentos\\New project\\ProyectoIA\\node_modules\\@react-native\\.codegen-BfsyDMsx',
277 silly reify   'C:\\Users\\USUARIO\\OneDrive - Unicamacho-academico\\Documentos\\New project\\ProyectoIA\\node_modules\\@react-native\\debugger-frontend': 'C:\\Users\\USUARIO\\OneDrive - Unicamacho-academico\\Documentos\\New project\\ProyectoIA\\node_modules\\@react-native\\.debugger-frontend-3OLfHA8t',
277 silly reify   'C:\\Users\\USUARIO\\OneDrive - Unicamacho-academico\\Documentos\\New project\\ProyectoIA\\node_modules\\@react-native\\debugger-shell': 'C:\\Users\\USUARIO\\OneDrive - Unicamacho-academico\\Documentos\\New project\\ProyectoIA\\node_modules\\@react-native\\.debugger-shell-a82q5m6H',
277 silly reify   'C:\\Users\\USUARIO\\OneDrive - Unicamacho-academico\\Documentos\\New project\\ProyectoIA\\node_modules\\acorn': 'C:\\Users\\USUARIO\\OneDrive - Unicamacho-academico\\Documentos\\New project\\ProyectoIA\\node_modules\\.acorn-20VchvYN',
277 silly reify   'C:\\Users\\USUARIO\\OneDrive - Unicamacho-academico\\Documentos\\New project\\ProyectoIA\\node_modules\\.bin\\acorn': 'C:\\Users\\USUARIO\\OneDrive - Unicamacho-academico\\Documentos\\New project\\ProyectoIA\\node_modules\\.bin\\.acorn-GmXiDlWg',
277 silly reify   'C:\\Users\\USUARIO\\OneDrive - Unicamacho-academico\\Documentos\\New project\\ProyectoIA\\node_modules\\.bin\\acorn.cmd': 'C:\\Users\\USUARIO\\OneDrive - Unicamacho-academico\\Documentos\\New project\\ProyectoIA\\node_modules\\.bin\\.acorn.cmd-RPUuhQRw',
277 silly reify   'C:\\Users\\USUARIO\\OneDrive - Unicamacho-academico\\Documentos\\New project\\ProyectoIA\\node_modules\\.bin\\acorn.ps1': 'C:\\Users\\USUARIO\\OneDrive - Unicamacho-academico\\Documentos\\New project\\ProyectoIA\\node_modules\\.bin\\.acorn.ps1-GXGun6XF',
277 silly reify   'C:\\Users\\USUARIO\\OneDrive - Unicamacho-academico\\Documentos\\New project\\ProyectoIA\\node_modules\\ansi-escapes\\node_modules\\type-fest': 'C:\\Users\\USUARIO\\OneDrive - Unicamacho-academico\\Documentos\\New project\\ProyectoIA\\node_modules\\ansi-escapes\\node_modules\\.type-fest-UTIIhP4J',
277 silly reify   'C:\\Users\\USUARIO\\OneDrive - Unicamacho-academico\\Documentos\\New project\\ProyectoIA\\node_modules\\babel-preset-expo\\node_modules\\babel-plugin-syntax-hermes-parser': 'C:\\Users\\USUARIO\\OneDrive - Unicamacho-academico\\Documentos\\New project\\ProyectoIA\\node_modules\\babel-preset-expo\\node_modules\\.babel-plugin-syntax-hermes-parser-01e2UWOv',
277 silly reify   'C:\\Users\\USUARIO\\OneDrive - Unicamacho-academico\\Documentos\\New project\\ProyectoIA\\node_modules\\babel-preset-expo\\node_modules\\brace-expansion': 'C:\\Users\\USUARIO\\OneDrive - Unicamacho-academico\\Documentos\\New project\\ProyectoIA\\node_modules\\babel-preset-expo\\node_modules\\.brace-expansion-T2F7davR',
277 silly reify   'C:\\Users\\USUARIO\\OneDrive - Unicamacho-academico\\Documentos\\New project\\ProyectoIA\\node_modules\\babel-preset-expo\\node_modules\\glob': 'C:\\Users\\USUARIO\\OneDrive - Unicamacho-academico\\Documentos\\New project\\ProyectoIA\\node_modules\\babel-preset-expo\\node_modules\\.glob-ro6Eg3BR',
277 silly reify   'C:\\Users\\USUARIO\\OneDrive - Unicamacho-academico\\Documentos\\New project\\ProyectoIA\\node_modules\\babel-preset-expo\\node_modules\\hermes-estree': 'C:\\Users\\USUARIO\\OneDrive - Unicamacho-academico\\Documentos\\New project\\ProyectoIA\\node_modules\\babel-preset-expo\\node_modules\\.hermes-estree-h7pJBrQ4',
277 silly reify   'C:\\Users\\USUARIO\\OneDrive - Unicamacho-academico\\Documentos\\New project\\ProyectoIA\\node_modules\\babel-preset-expo\\node_modules\\hermes-parser': 'C:\\Users\\USUARIO\\OneDrive - Unicamacho-academico\\Documentos\\New project\\ProyectoIA\\node_modules\\babel-preset-expo\\node_modules\\.hermes-parser-UL0MKZhm',
277 silly reify   'C:\\Users\\USUARIO\\OneDrive - Unicamacho-academico\\Documentos\\New project\\ProyectoIA\\node_modules\\babel-preset-expo\\node_modules\\minimatch': 'C:\\Users\\USUARIO\\OneDrive - Unicamacho-academico\\Documentos\\New project\\ProyectoIA\\node_modules\\babel-preset-expo\\node_modules\\.minimatch-YDJk6bPp',
277 silly reify   'C:\\Users\\USUARIO\\OneDrive - Unicamacho-academico\\Documentos\\New project\\ProyectoIA\\node_modules\\babel-preset-expo\\node_modules\\@react-native\\babel-plugin-codegen': 'C:\\Users\\USUARIO\\OneDrive - Unicamacho-academico\\Documentos\\New project\\ProyectoIA\\node_modules\\babel-preset-expo\\node_modules\\@react-native\\.babel-plugin-codegen-hrPLwLlD',
277 silly reify   'C:\\Users\\USUARIO\\OneDrive - Unicamacho-academico\\Documentos\\New project\\ProyectoIA\\node_modules\\babel-preset-expo\\node_modules\\@react-native\\babel-preset': 'C:\\Users\\USUARIO\\OneDrive - Unicamacho-academico\\Documentos\\New project\\ProyectoIA\\node_modules\\babel-preset-expo\\node_modules\\@react-native\\.babel-preset-6rFBWXW6',
277 silly reify   'C:\\Users\\USUARIO\\OneDrive - Unicamacho-academico\\Documentos\\New project\\ProyectoIA\\node_modules\\babel-preset-expo\\node_modules\\@react-native\\codegen': 'C:\\Users\\USUARIO\\OneDrive - Unicamacho-academico\\Documentos\\New project\\ProyectoIA\\node_modules\\babel-preset-expo\\node_modules\\@react-native\\.codegen-K4N5dauw',
277 silly reify   'C:\\Users\\USUARIO\\OneDrive - Unicamacho-academico\\Documentos\\New project\\ProyectoIA\\node_modules\\baseline-browser-mapping': 'C:\\Users\\USUARIO\\OneDrive - Unicamacho-academico\\Documentos\\New project\\ProyectoIA\\node_modules\\.baseline-browser-mapping-daIGJMjN',
277 silly reify   'C:\\Users\\USUARIO\\OneDrive - Unicamacho-academico\\Documentos\\New project\\ProyectoIA\\node_modules\\.bin\\baseline-browser-mapping': 'C:\\Users\\USUARIO\\OneDrive - Unicamacho-academico\\Documentos\\New project\\ProyectoIA\\node_modules\\.bin\\.baseline-browser-mapping-V1PgvuC7',
277 silly reify   'C:\\Users\\USUARIO\\OneDrive - Unicamacho-academico\\Documentos\\New project\\ProyectoIA\\node_modules\\.bin\\baseline-browser-mapping.cmd': 'C:\\Users\\USUARIO\\OneDrive - Unicamacho-academico\\Documentos\\New project\\ProyectoIA\\node_modules\\.bin\\.baseline-browser-mapping.cmd-u2smCdoy',
277 silly reify   'C:\\Users\\USUARIO\\OneDrive - Unicamacho-academico\\Documentos\\New project\\ProyectoIA\\node_modules\\.bin\\baseline-browser-mapping.ps1': 'C:\\Users\\USUARIO\\OneDrive - Unicamacho-academico\\Documentos\\New project\\ProyectoIA\\node_modules\\.bin\\.baseline-browser-mapping.ps1-ItjnuCAt',
277 silly reify   'C:\\Users\\USUARIO\\OneDrive - Unicamacho-academico\\Documentos\\New project\\ProyectoIA\\node_modules\\better-opn\\node_modules\\open': 'C:\\Users\\USUARIO\\OneDrive - Unicamacho-academico\\Documentos\\New project\\ProyectoIA\\node_modules\\better-opn\\node_modules\\.open-sOTOi6Io',
277 silly reify   'C:\\Users\\USUARIO\\OneDrive - Unicamacho-academico\\Documentos\\New project\\ProyectoIA\\node_modules\\brace-expansion\\node_modules\\balanced-match': 'C:\\Users\\USUARIO\\OneDrive - Unicamacho-academico\\Documentos\\New project\\ProyectoIA\\node_modules\\brace-expansion\\node_modules\\.balanced-match-OSJNngAP',
277 silly reify   'C:\\Users\\USUARIO\\OneDrive - Unicamacho-academico\\Documentos\\New project\\ProyectoIA\\node_modules\\browserslist': 'C:\\Users\\USUARIO\\OneDrive - Unicamacho-academico\\Documentos\\New project\\ProyectoIA\\node_modules\\.browserslist-ohubPmAL',
277 silly reify   'C:\\Users\\USUARIO\\OneDrive - Unicamacho-academico\\Documentos\\New project\\ProyectoIA\\node_modules\\.bin\\browserslist': 'C:\\Users\\USUARIO\\OneDrive - Unicamacho-academico\\Documentos\\New project\\ProyectoIA\\node_modules\\.bin\\.browserslist-8pC3dcQL',
277 silly reify   'C:\\Users\\USUARIO\\OneDrive - Unicamacho-academico\\Documentos\\New project\\ProyectoIA\\node_modules\\.bin\\browserslist.cmd': 'C:\\Users\\USUARIO\\OneDrive - Unicamacho-academico\\Documentos\\New project\\ProyectoIA\\node_modules\\.bin\\.browserslist.cmd-nlMZEPTL',
277 silly reify   'C:\\Users\\USUARIO\\OneDrive - Unicamacho-academico\\Documentos\\New project\\ProyectoIA\\node_modules\\.bin\\browserslist.ps1': 'C:\\Users\\USUARIO\\OneDrive - Unicamacho-academico\\Documentos\\New project\\ProyectoIA\\node_modules\\.bin\\.browserslist.ps1-C1nKaOUC',
277 silly reify   'C:\\Users\\USUARIO\\OneDrive - Unicamacho-academico\\Documentos\\New project\\ProyectoIA\\node_modules\\chrome-launcher': 'C:\\Users\\USUARIO\\OneDrive - Unicamacho-academico\\Documentos\\New project\\ProyectoIA\\node_modules\\.chrome-launcher-KWT4v1JB',
277 silly reify   'C:\\Users\\USUARIO\\OneDrive - Unicamacho-academico\\Documentos\\New project\\ProyectoIA\\node_modules\\.bin\\print-chrome-path': 'C:\\Users\\USUARIO\\OneDrive - Unicamacho-academico\\Documentos\\New project\\ProyectoIA\\node_modules\\.bin\\.print-chrome-path-K6sRPUL8',
277 silly reify   'C:\\Users\\USUARIO\\OneDrive - Unicamacho-academico\\Documentos\\New project\\ProyectoIA\\node_modules\\.bin\\print-chrome-path.cmd': 'C:\\Users\\USUARIO\\OneDrive - Unicamacho-academico\\Documentos\\New project\\ProyectoIA\\node_modules\\.bin\\.print-chrome-path.cmd-yAvNojRC',
277 silly reify   'C:\\Users\\USUARIO\\OneDrive - Unicamacho-academico\\Documentos\\New project\\ProyectoIA\\node_modules\\.bin\\print-chrome-path.ps1': 'C:\\Users\\USUARIO\\OneDrive - Unicamacho-academico\\Documentos\\New project\\ProyectoIA\\node_modules\\.bin\\.print-chrome-path.ps1-R5wc6Dyz',
277 silly reify   'C:\\Users\\USUARIO\\OneDrive - Unicamacho-academico\\Documentos\\New project\\ProyectoIA\\node_modules\\compression\\node_modules\\debug': 'C:\\Users\\USUARIO\\OneDrive - Unicamacho-academico\\Documentos\\New project\\ProyectoIA\\node_modules\\compression\\node_modules\\.debug-iR7ioNtD',
277 silly reify   'C:\\Users\\USUARIO\\OneDrive - Unicamacho-academico\\Documentos\\New project\\ProyectoIA\\node_modules\\compression\\node_modules\\ms': 'C:\\Users\\USUARIO\\OneDrive - Unicamacho-academico\\Documentos\\New project\\ProyectoIA\\node_modules\\compression\\node_modules\\.ms-i5ypzvs4',
277 silly reify   'C:\\Users\\USUARIO\\OneDrive - Unicamacho-academico\\Documentos\\New project\\ProyectoIA\\node_modules\\compression\\node_modules\\negotiator': 'C:\\Users\\USUARIO\\OneDrive - Unicamacho-academico\\Documentos\\New project\\ProyectoIA\\node_modules\\compression\\node_modules\\.negotiator-oKK3JjRh',
277 silly reify   'C:\\Users\\USUARIO\\OneDrive - Unicamacho-academico\\Documentos\\New project\\ProyectoIA\\node_modules\\connect\\node_modules\\debug': 'C:\\Users\\USUARIO\\OneDrive - Unicamacho-academico\\Documentos\\New project\\ProyectoIA\\node_modules\\connect\\node_modules\\.debug-ED656dRN',
277 silly reify   'C:\\Users\\USUARIO\\OneDrive - Unicamacho-academico\\Documentos\\New project\\ProyectoIA\\node_modules\\connect\\node_modules\\ms': 'C:\\Users\\USUARIO\\OneDrive - Unicamacho-academico\\Documentos\\New project\\ProyectoIA\\node_modules\\connect\\node_modules\\.ms-W9SMEb9I',
277 silly reify   'C:\\Users\\USUARIO\\OneDrive - Unicamacho-academico\\Documentos\\New project\\ProyectoIA\\node_modules\\css-tree\\node_modules\\source-map': 'C:\\Users\\USUARIO\\OneDrive - Unicamacho-academico\\Documentos\\New project\\ProyectoIA\\node_modules\\css-tree\\node_modules\\.source-map-IekMXamB',
277 silly reify   'C:\\Users\\USUARIO\\OneDrive - Unicamacho-academico\\Documentos\\New project\\ProyectoIA\\node_modules\\esprima': 'C:\\Users\\USUARIO\\OneDrive - Unicamacho-academico\\Documentos\\New project\\ProyectoIA\\node_modules\\.esprima-zzwYnrf5',
277 silly reify   'C:\\Users\\USUARIO\\OneDrive - Unicamacho-academico\\Documentos\\New project\\ProyectoIA\\node_modules\\.bin\\esparse': 'C:\\Users\\USUARIO\\OneDrive - Unicamacho-academico\\Documentos\\New project\\ProyectoIA\\node_modules\\.bin\\.esparse-5N7yHdh8',
277 silly reify   'C:\\Users\\USUARIO\\OneDrive - Unicamacho-academico\\Documentos\\New project\\ProyectoIA\\node_modules\\.bin\\esparse.cmd': 'C:\\Users\\USUARIO\\OneDrive - Unicamacho-academico\\Documentos\\New project\\ProyectoIA\\node_modules\\.bin\\.esparse.cmd-2iISmxIb',
277 silly reify   'C:\\Users\\USUARIO\\OneDrive - Unicamacho-academico\\Documentos\\New project\\ProyectoIA\\node_modules\\.bin\\esparse.ps1': 'C:\\Users\\USUARIO\\OneDrive - Unicamacho-academico\\Documentos\\New project\\ProyectoIA\\node_modules\\.bin\\.esparse.ps1-c6M1mUga',
277 silly reify   'C:\\Users\\USUARIO\\OneDrive - Unicamacho-academico\\Documentos\\New project\\ProyectoIA\\node_modules\\.bin\\esvalidate': 'C:\\Users\\USUARIO\\OneDrive - Unicamacho-academico\\Documentos\\New project\\ProyectoIA\\node_modules\\.bin\\.esvalidate-fWr5OWbw',
277 silly reify   'C:\\Users\\USUARIO\\OneDrive - Unicamacho-academico\\Documentos\\New project\\ProyectoIA\\node_modules\\.bin\\esvalidate.cmd': 'C:\\Users\\USUARIO\\OneDrive - Unicamacho-academico\\Documentos\\New project\\ProyectoIA\\node_modules\\.bin\\.esvalidate.cmd-zottSJyW',
277 silly reify   'C:\\Users\\USUARIO\\OneDrive - Unicamacho-academico\\Documentos\\New project\\ProyectoIA\\node_modules\\.bin\\esvalidate.ps1': 'C:\\Users\\USUARIO\\OneDrive - Unicamacho-academico\\Documentos\\New project\\ProyectoIA\\node_modules\\.bin\\.esvalidate.ps1-jrqfDq10',
277 silly reify   'C:\\Users\\USUARIO\\OneDrive - Unicamacho-academico\\Documentos\\New project\\ProyectoIA\\node_modules\\expo': 'C:\\Users\\USUARIO\\OneDrive - Unicamacho-academico\\Documentos\\New project\\ProyectoIA\\node_modules\\.expo-XgobpeCX',
277 silly reify   'C:\\Users\\USUARIO\\OneDrive - Unicamacho-academico\\Documentos\\New project\\ProyectoIA\\node_modules\\.bin\\expo': 'C:\\Users\\USUARIO\\OneDrive - Unicamacho-academico\\Documentos\\New project\\ProyectoIA\\node_modules\\.bin\\.expo-pTksoxAv',
277 silly reify   'C:\\Users\\USUARIO\\OneDrive - Unicamacho-academico\\Documentos\\New project\\ProyectoIA\\node_modules\\.bin\\expo.cmd': 'C:\\Users\\USUARIO\\OneDrive - Unicamacho-academico\\Documentos\\New project\\ProyectoIA\\node_modules\\.bin\\.expo.cmd-9maNRsCj',
277 silly reify   'C:\\Users\\USUARIO\\OneDrive - Unicamacho-academico\\Documentos\\New project\\ProyectoIA\\node_modules\\.bin\\expo.ps1': 'C:\\Users\\USUARIO\\OneDrive - Unicamacho-academico\\Documentos\\New project\\ProyectoIA\\node_modules\\.bin\\.expo.ps1-9LuRP1UX',
277 silly reify   'C:\\Users\\USUARIO\\OneDrive - Unicamacho-academico\\Documentos\\New project\\ProyectoIA\\node_modules\\.bin\\expo-modules-autolinking': 'C:\\Users\\USUARIO\\OneDrive - Unicamacho-academico\\Documentos\\New project\\ProyectoIA\\node_modules\\.bin\\.expo-modules-autolinking-5hoYf89T',
277 silly reify   'C:\\Users\\USUARIO\\OneDrive - Unicamacho-academico\\Documentos\\New project\\ProyectoIA\\node_modules\\.bin\\expo-modules-autolinking.cmd': 'C:\\Users\\USUARIO\\OneDrive - Unicamacho-academico\\Documentos\\New project\\ProyectoIA\\node_modules\\.bin\\.expo-modules-autolinking.cmd-ibe4UEbQ',
277 silly reify   'C:\\Users\\USUARIO\\OneDrive - Unicamacho-academico\\Documentos\\New project\\ProyectoIA\\node_modules\\.bin\\expo-modules-autolinking.ps1': 'C:\\Users\\USUARIO\\OneDrive - Unicamacho-academico\\Documentos\\New project\\ProyectoIA\\node_modules\\.bin\\.expo-modules-autolinking.ps1-CaCRk0qM',
277 silly reify   'C:\\Users\\USUARIO\\OneDrive - Unicamacho-academico\\Documentos\\New project\\ProyectoIA\\node_modules\\.bin\\fingerprint': 'C:\\Users\\USUARIO\\OneDrive - Unicamacho-academico\\Documentos\\New project\\ProyectoIA\\node_modules\\.bin\\.fingerprint-QFIQeInT',
277 silly reify   'C:\\Users\\USUARIO\\OneDrive - Unicamacho-academico\\Documentos\\New project\\ProyectoIA\\node_modules\\.bin\\fingerprint.cmd': 'C:\\Users\\USUARIO\\OneDrive - Unicamacho-academico\\Documentos\\New project\\ProyectoIA\\node_modules\\.bin\\.fingerprint.cmd-wtHiBNHR',
277 silly reify   'C:\\Users\\USUARIO\\OneDrive - Unicamacho-academico\\Documentos\\New project\\ProyectoIA\\node_modules\\.bin\\fingerprint.ps1': 'C:\\Users\\USUARIO\\OneDrive - Unicamacho-academico\\Documentos\\New project\\ProyectoIA\\node_modules\\.bin\\.fingerprint.ps1-S3ZsSL3b',
277 silly reify   'C:\\Users\\USUARIO\\OneDrive - Unicamacho-academico\\Documentos\\New project\\ProyectoIA\\node_modules\\expo-modules-autolinking': 'C:\\Users\\USUARIO\\OneDrive - Unicamacho-academico\\Documentos\\New project\\ProyectoIA\\node_modules\\.expo-modules-autolinking-TO8dS7KJ',
277 silly reify   'C:\\Users\\USUARIO\\OneDrive - Unicamacho-academico\\Documentos\\New project\\ProyectoIA\\node_modules\\fbjs\\node_modules\\promise': 'C:\\Users\\USUARIO\\OneDrive - Unicamacho-academico\\Documentos\\New project\\ProyectoIA\\node_modules\\fbjs\\node_modules\\.promise-RPSZPllw',
277 silly reify   'C:\\Users\\USUARIO\\OneDrive - Unicamacho-academico\\Documentos\\New project\\ProyectoIA\\node_modules\\finalhandler\\node_modules\\debug': 'C:\\Users\\USUARIO\\OneDrive - Unicamacho-academico\\Documentos\\New project\\ProyectoIA\\node_modules\\finalhandler\\node_modules\\.debug-1UusCvev',
277 silly reify   'C:\\Users\\USUARIO\\OneDrive - Unicamacho-academico\\Documentos\\New project\\ProyectoIA\\node_modules\\finalhandler\\node_modules\\ms': 'C:\\Users\\USUARIO\\OneDrive - Unicamacho-academico\\Documentos\\New project\\ProyectoIA\\node_modules\\finalhandler\\node_modules\\.ms-CBumBYqO',
277 silly reify   'C:\\Users\\USUARIO\\OneDrive - Unicamacho-academico\\Documentos\\New project\\ProyectoIA\\node_modules\\hoist-non-react-statics\\node_modules\\react-is': 'C:\\Users\\USUARIO\\OneDrive - Unicamacho-academico\\Documentos\\New project\\ProyectoIA\\node_modules\\hoist-non-react-statics\\node_modules\\.react-is-4i24Rduu',
277 silly reify   'C:\\Users\\USUARIO\\OneDrive - Unicamacho-academico\\Documentos\\New project\\ProyectoIA\\node_modules\\hosted-git-info\\node_modules\\lru-cache': 'C:\\Users\\USUARIO\\OneDrive - Unicamacho-academico\\Documentos\\New project\\ProyectoIA\\node_modules\\hosted-git-info\\node_modules\\.lru-cache-Q5Mq0LLA',
277 silly reify   'C:\\Users\\USUARIO\\OneDrive - Unicamacho-academico\\Documentos\\New project\\ProyectoIA\\node_modules\\http-errors\\node_modules\\statuses': 'C:\\Users\\USUARIO\\OneDrive - Unicamacho-academico\\Documentos\\New project\\ProyectoIA\\node_modules\\http-errors\\node_modules\\.statuses-3BKp0N8F',
277 silly reify   'C:\\Users\\USUARIO\\OneDrive - Unicamacho-academico\\Documentos\\New project\\ProyectoIA\\node_modules\\image-size': 'C:\\Users\\USUARIO\\OneDrive - Unicamacho-academico\\Documentos\\New project\\ProyectoIA\\node_modules\\.image-size-oxQqGE4R',
277 silly reify   'C:\\Users\\USUARIO\\OneDrive - Unicamacho-academico\\Documentos\\New project\\ProyectoIA\\node_modules\\.bin\\image-size': 'C:\\Users\\USUARIO\\OneDrive - Unicamacho-academico\\Documentos\\New project\\ProyectoIA\\node_modules\\.bin\\.image-size-37DCXveL',
277 silly reify   'C:\\Users\\USUARIO\\OneDrive - Unicamacho-academico\\Documentos\\New project\\ProyectoIA\\node_modules\\.bin\\image-size.cmd': 'C:\\Users\\USUARIO\\OneDrive - Unicamacho-academico\\Documentos\\New project\\ProyectoIA\\node_modules\\.bin\\.image-size.cmd-za412haS',
277 silly reify   'C:\\Users\\USUARIO\\OneDrive - Unicamacho-academico\\Documentos\\New project\\ProyectoIA\\node_modules\\.bin\\image-size.ps1': 'C:\\Users\\USUARIO\\OneDrive - Unicamacho-academico\\Documentos\\New project\\ProyectoIA\\node_modules\\.bin\\.image-size.ps1-2zTBrXwP',
277 silly reify   'C:\\Users\\USUARIO\\OneDrive - Unicamacho-academico\\Documentos\\New project\\ProyectoIA\\node_modules\\is-docker': 'C:\\Users\\USUARIO\\OneDrive - Unicamacho-academico\\Documentos\\New project\\ProyectoIA\\node_modules\\.is-docker-kp6wrqX7',
277 silly reify   'C:\\Users\\USUARIO\\OneDrive - Unicamacho-academico\\Documentos\\New project\\ProyectoIA\\node_modules\\.bin\\is-docker': 'C:\\Users\\USUARIO\\OneDrive - Unicamacho-academico\\Documentos\\New project\\ProyectoIA\\node_modules\\.bin\\.is-docker-QLNRkI7b',
277 silly reify   'C:\\Users\\USUARIO\\OneDrive - Unicamacho-academico\\Documentos\\New project\\ProyectoIA\\node_modules\\.bin\\is-docker.cmd': 'C:\\Users\\USUARIO\\OneDrive - Unicamacho-academico\\Documentos\\New project\\ProyectoIA\\node_modules\\.bin\\.is-docker.cmd-IIIUiILU',
277 silly reify   'C:\\Users\\USUARIO\\OneDrive - Unicamacho-academico\\Documentos\\New project\\ProyectoIA\\node_modules\\.bin\\is-docker.ps1': 'C:\\Users\\USUARIO\\OneDrive - Unicamacho-academico\\Documentos\\New project\\ProyectoIA\\node_modules\\.bin\\.is-docker.ps1-sFzMA3GG',
277 silly reify   'C:\\Users\\USUARIO\\OneDrive - Unicamacho-academico\\Documentos\\New project\\ProyectoIA\\node_modules\\jest-util\\node_modules\\ci-info': 'C:\\Users\\USUARIO\\OneDrive - Unicamacho-academico\\Documentos\\New project\\ProyectoIA\\node_modules\\jest-util\\node_modules\\.ci-info-akEKDQOj',
277 silly reify   'C:\\Users\\USUARIO\\OneDrive - Unicamacho-academico\\Documentos\\New project\\ProyectoIA\\node_modules\\jest-worker\\node_modules\\supports-color': 'C:\\Users\\USUARIO\\OneDrive - Unicamacho-academico\\Documentos\\New project\\ProyectoIA\\node_modules\\jest-worker\\node_modules\\.supports-color-pFviX89j',
277 silly reify   'C:\\Users\\USUARIO\\OneDrive - Unicamacho-academico\\Documentos\\New project\\ProyectoIA\\node_modules\\js-yaml': 'C:\\Users\\USUARIO\\OneDrive - Unicamacho-academico\\Documentos\\New project\\ProyectoIA\\node_modules\\.js-yaml-ot2ebDzj',
277 silly reify   'C:\\Users\\USUARIO\\OneDrive - Unicamacho-academico\\Documentos\\New project\\ProyectoIA\\node_modules\\.bin\\js-yaml': 'C:\\Users\\USUARIO\\OneDrive - Unicamacho-academico\\Documentos\\New project\\ProyectoIA\\node_modules\\.bin\\.js-yaml-bRX1eNla',
277 silly reify   'C:\\Users\\USUARIO\\OneDrive - Unicamacho-academico\\Documentos\\New project\\ProyectoIA\\node_modules\\.bin\\js-yaml.cmd': 'C:\\Users\\USUARIO\\OneDrive - Unicamacho-academico\\Documentos\\New project\\ProyectoIA\\node_modules\\.bin\\.js-yaml.cmd-nBBufJoT',
277 silly reify   'C:\\Users\\USUARIO\\OneDrive - Unicamacho-academico\\Documentos\\New project\\ProyectoIA\\node_modules\\.bin\\js-yaml.ps1': 'C:\\Users\\USUARIO\\OneDrive - Unicamacho-academico\\Documentos\\New project\\ProyectoIA\\node_modules\\.bin\\.js-yaml.ps1-9gkTS5z9',
277 silly reify   'C:\\Users\\USUARIO\\OneDrive - Unicamacho-academico\\Documentos\\New project\\ProyectoIA\\node_modules\\jsesc': 'C:\\Users\\USUARIO\\OneDrive - Unicamacho-academico\\Documentos\\New project\\ProyectoIA\\node_modules\\.jsesc-J3PSsZwp',
277 silly reify   'C:\\Users\\USUARIO\\OneDrive - Unicamacho-academico\\Documentos\\New project\\ProyectoIA\\node_modules\\.bin\\jsesc': 'C:\\Users\\USUARIO\\OneDrive - Unicamacho-academico\\Documentos\\New project\\ProyectoIA\\node_modules\\.bin\\.jsesc-dHYRFjo7',
277 silly reify   'C:\\Users\\USUARIO\\OneDrive - Unicamacho-academico\\Documentos\\New project\\ProyectoIA\\node_modules\\.bin\\jsesc.cmd': 'C:\\Users\\USUARIO\\OneDrive - Unicamacho-academico\\Documentos\\New project\\ProyectoIA\\node_modules\\.bin\\.jsesc.cmd-SJh24fcO',
277 silly reify   'C:\\Users\\USUARIO\\OneDrive - Unicamacho-academico\\Documentos\\New project\\ProyectoIA\\node_modules\\.bin\\jsesc.ps1': 'C:\\Users\\USUARIO\\OneDrive - Unicamacho-academico\\Documentos\\New project\\ProyectoIA\\node_modules\\.bin\\.jsesc.ps1-sgnPlcjA',
277 silly reify   'C:\\Users\\USUARIO\\OneDrive - Unicamacho-academico\\Documentos\\New project\\ProyectoIA\\node_modules\\json5': 'C:\\Users\\USUARIO\\OneDrive - Unicamacho-academico\\Documentos\\New project\\ProyectoIA\\node_modules\\.json5-qPBEY263',
277 silly reify   'C:\\Users\\USUARIO\\OneDrive - Unicamacho-academico\\Documentos\\New project\\ProyectoIA\\node_modules\\.bin\\json5': 'C:\\Users\\USUARIO\\OneDrive - Unicamacho-academico\\Documentos\\New project\\ProyectoIA\\node_modules\\.bin\\.json5-LOyCr7bc',
277 silly reify   'C:\\Users\\USUARIO\\OneDrive - Unicamacho-academico\\Documentos\\New project\\ProyectoIA\\node_modules\\.bin\\json5.cmd': 'C:\\Users\\USUARIO\\OneDrive - Unicamacho-academico\\Documentos\\New project\\ProyectoIA\\node_modules\\.bin\\.json5.cmd-0ASGEqlf',
277 silly reify   'C:\\Users\\USUARIO\\OneDrive - Unicamacho-academico\\Documentos\\New project\\ProyectoIA\\node_modules\\.bin\\json5.ps1': 'C:\\Users\\USUARIO\\OneDrive - Unicamacho-academico\\Documentos\\New project\\ProyectoIA\\node_modules\\.bin\\.json5.ps1-vTJ4lP5p',
277 silly reify   'C:\\Users\\USUARIO\\OneDrive - Unicamacho-academico\\Documentos\\New project\\ProyectoIA\\node_modules\\lan-network': 'C:\\Users\\USUARIO\\OneDrive - Unicamacho-academico\\Documentos\\New project\\ProyectoIA\\node_modules\\.lan-network-Oyj8CFh0',
277 silly reify   'C:\\Users\\USUARIO\\OneDrive - Unicamacho-academico\\Documentos\\New project\\ProyectoIA\\node_modules\\.bin\\lan-network': 'C:\\Users\\USUARIO\\OneDrive - Unicamacho-academico\\Documentos\\New project\\ProyectoIA\\node_modules\\.bin\\.lan-network-czloaFDZ',
277 silly reify   'C:\\Users\\USUARIO\\OneDrive - Unicamacho-academico\\Documentos\\New project\\ProyectoIA\\node_modules\\.bin\\lan-network.cmd': 'C:\\Users\\USUARIO\\OneDrive - Unicamacho-academico\\Documentos\\New project\\ProyectoIA\\node_modules\\.bin\\.lan-network.cmd-nC0GppE3',
277 silly reify   'C:\\Users\\USUARIO\\OneDrive - Unicamacho-academico\\Documentos\\New project\\ProyectoIA\\node_modules\\.bin\\lan-network.ps1': 'C:\\Users\\USUARIO\\OneDrive - Unicamacho-academico\\Documentos\\New project\\ProyectoIA\\node_modules\\.bin\\.lan-network.ps1-Lb0jsozX',
277 silly reify   'C:\\Users\\USUARIO\\OneDrive - Unicamacho-academico\\Documentos\\New project\\ProyectoIA\\node_modules\\lighthouse-logger\\node_modules\\debug': 'C:\\Users\\USUARIO\\OneDrive - Unicamacho-academico\\Documentos\\New project\\ProyectoIA\\node_modules\\lighthouse-logger\\node_modules\\.debug-igHUPPkS',
277 silly reify   'C:\\Users\\USUARIO\\OneDrive - Unicamacho-academico\\Documentos\\New project\\ProyectoIA\\node_modules\\lighthouse-logger\\node_modules\\ms': 'C:\\Users\\USUARIO\\OneDrive - Unicamacho-academico\\Documentos\\New project\\ProyectoIA\\node_modules\\lighthouse-logger\\node_modules\\.ms-mmzmiBPK',
277 silly reify   'C:\\Users\\USUARIO\\OneDrive - Unicamacho-academico\\Documentos\\New project\\ProyectoIA\\node_modules\\log-symbols\\node_modules\\ansi-styles': 'C:\\Users\\USUARIO\\OneDrive - Unicamacho-academico\\Documentos\\New project\\ProyectoIA\\node_modules\\log-symbols\\node_modules\\.ansi-styles-cBMrcPW5',
277 silly reify   'C:\\Users\\USUARIO\\OneDrive - Unicamacho-academico\\Documentos\\New project\\ProyectoIA\\node_modules\\log-symbols\\node_modules\\chalk': 'C:\\Users\\USUARIO\\OneDrive - Unicamacho-academico\\Documentos\\New project\\ProyectoIA\\node_modules\\log-symbols\\node_modules\\.chalk-sodBz1gV',
277 silly reify   'C:\\Users\\USUARIO\\OneDrive - Unicamacho-academico\\Documentos\\New project\\ProyectoIA\\node_modules\\log-symbols\\node_modules\\color-convert': 'C:\\Users\\USUARIO\\OneDrive - Unicamacho-academico\\Documentos\\New project\\ProyectoIA\\node_modules\\log-symbols\\node_modules\\.color-convert-0PRAk8Jk',
277 silly reify   'C:\\Users\\USUARIO\\OneDrive - Unicamacho-academico\\Documentos\\New project\\ProyectoIA\\node_modules\\log-symbols\\node_modules\\color-name': 'C:\\Users\\USUARIO\\OneDrive - Unicamacho-academico\\Documentos\\New project\\ProyectoIA\\node_modules\\log-symbols\\node_modules\\.color-name-lP9R8Llw',
277 silly reify   'C:\\Users\\USUARIO\\OneDrive - Unicamacho-academico\\Documentos\\New project\\ProyectoIA\\node_modules\\log-symbols\\node_modules\\escape-string-regexp': 'C:\\Users\\USUARIO\\OneDrive - Unicamacho-academico\\Documentos\\New project\\ProyectoIA\\node_modules\\log-symbols\\node_modules\\.escape-string-regexp-oiT7VvGO',
277 silly reify   'C:\\Users\\USUARIO\\OneDrive - Unicamacho-academico\\Documentos\\New project\\ProyectoIA\\node_modules\\log-symbols\\node_modules\\has-flag': 'C:\\Users\\USUARIO\\OneDrive - Unicamacho-academico\\Documentos\\New project\\ProyectoIA\\node_modules\\log-symbols\\node_modules\\.has-flag-SWwVUDc1',
277 silly reify   'C:\\Users\\USUARIO\\OneDrive - Unicamacho-academico\\Documentos\\New project\\ProyectoIA\\node_modules\\log-symbols\\node_modules\\supports-color': 'C:\\Users\\USUARIO\\OneDrive - Unicamacho-academico\\Documentos\\New project\\ProyectoIA\\node_modules\\log-symbols\\node_modules\\.supports-color-SvYHeUb8',
277 silly reify   'C:\\Users\\USUARIO\\OneDrive - Unicamacho-academico\\Documentos\\New project\\ProyectoIA\\node_modules\\loose-envify': 'C:\\Users\\USUARIO\\OneDrive - Unicamacho-academico\\Documentos\\New project\\ProyectoIA\\node_modules\\.loose-envify-EheBXT9K',
277 silly reify   'C:\\Users\\USUARIO\\OneDrive - Unicamacho-academico\\Documentos\\New project\\ProyectoIA\\node_modules\\.bin\\loose-envify': 'C:\\Users\\USUARIO\\OneDrive - Unicamacho-academico\\Documentos\\New project\\ProyectoIA\\node_modules\\.bin\\.loose-envify-BLOUdi6L',
277 silly reify   'C:\\Users\\USUARIO\\OneDrive - Unicamacho-academico\\Documentos\\New project\\ProyectoIA\\node_modules\\.bin\\loose-envify.cmd': 'C:\\Users\\USUARIO\\OneDrive - Unicamacho-academico\\Documentos\\New project\\ProyectoIA\\node_modules\\.bin\\.loose-envify.cmd-K8QVnzyE',
277 silly reify   'C:\\Users\\USUARIO\\OneDrive - Unicamacho-academico\\Documentos\\New project\\ProyectoIA\\node_modules\\.bin\\loose-envify.ps1': 'C:\\Users\\USUARIO\\OneDrive - Unicamacho-academico\\Documentos\\New project\\ProyectoIA\\node_modules\\.bin\\.loose-envify.ps1-upjE28YD',
277 silly reify   'C:\\Users\\USUARIO\\OneDrive - Unicamacho-academico\\Documentos\\New project\\ProyectoIA\\node_modules\\metro': 'C:\\Users\\USUARIO\\OneDrive - Unicamacho-academico\\Documentos\\New project\\ProyectoIA\\node_modules\\.metro-PcuVMasy',
277 silly reify   'C:\\Users\\USUARIO\\OneDrive - Unicamacho-academico\\Documentos\\New project\\ProyectoIA\\node_modules\\.bin\\metro': 'C:\\Users\\USUARIO\\OneDrive - Unicamacho-academico\\Documentos\\New project\\ProyectoIA\\node_modules\\.bin\\.metro-U2DwuVhv',
277 silly reify   'C:\\Users\\USUARIO\\OneDrive - Unicamacho-academico\\Documentos\\New project\\ProyectoIA\\node_modules\\.bin\\metro.cmd': 'C:\\Users\\USUARIO\\OneDrive - Unicamacho-academico\\Documentos\\New project\\ProyectoIA\\node_modules\\.bin\\.metro.cmd-qvkWHY45',
277 silly reify   'C:\\Users\\USUARIO\\OneDrive - Unicamacho-academico\\Documentos\\New project\\ProyectoIA\\node_modules\\.bin\\metro.ps1': 'C:\\Users\\USUARIO\\OneDrive - Unicamacho-academico\\Documentos\\New project\\ProyectoIA\\node_modules\\.bin\\.metro.ps1-UMm5s81V',
277 silly reify   'C:\\Users\\USUARIO\\OneDrive - Unicamacho-academico\\Documentos\\New project\\ProyectoIA\\node_modules\\metro-babel-transformer\\node_modules\\hermes-estree': 'C:\\Users\\USUARIO\\OneDrive - Unicamacho-academico\\Documentos\\New project\\ProyectoIA\\node_modules\\metro-babel-transformer\\node_modules\\.hermes-estree-BxsrF8YV',
277 silly reify   'C:\\Users\\USUARIO\\OneDrive - Unicamacho-academico\\Documentos\\New project\\ProyectoIA\\node_modules\\metro-babel-transformer\\node_modules\\hermes-parser': 'C:\\Users\\USUARIO\\OneDrive - Unicamacho-academico\\Documentos\\New project\\ProyectoIA\\node_modules\\metro-babel-transformer\\node_modules\\.hermes-parser-ogjtsvbk',
277 silly reify   'C:\\Users\\USUARIO\\OneDrive - Unicamacho-academico\\Documentos\\New project\\ProyectoIA\\node_modules\\metro-config\\node_modules\\hermes-estree': 'C:\\Users\\USUARIO\\OneDrive - Unicamacho-academico\\Documentos\\New project\\ProyectoIA\\node_modules\\metro-config\\node_modules\\.hermes-estree-shWPeFBp',
277 silly reify   'C:\\Users\\USUARIO\\OneDrive - Unicamacho-academico\\Documentos\\New project\\ProyectoIA\\node_modules\\metro-config\\node_modules\\hermes-parser': 'C:\\Users\\USUARIO\\OneDrive - Unicamacho-academico\\Documentos\\New project\\ProyectoIA\\node_modules\\metro-config\\node_modules\\.hermes-parser-sa1P5Xnd',
277 silly reify   'C:\\Users\\USUARIO\\OneDrive - Unicamacho-academico\\Documentos\\New project\\ProyectoIA\\node_modules\\metro-config\\node_modules\\metro': 'C:\\Users\\USUARIO\\OneDrive - Unicamacho-academico\\Documentos\\New project\\ProyectoIA\\node_modules\\metro-config\\node_modules\\.metro-uP4OFrnH',
277 silly reify   'C:\\Users\\USUARIO\\OneDrive - Unicamacho-academico\\Documentos\\New project\\ProyectoIA\\node_modules\\metro-config\\node_modules\\metro-babel-transformer': 'C:\\Users\\USUARIO\\OneDrive - Unicamacho-academico\\Documentos\\New project\\ProyectoIA\\node_modules\\metro-config\\node_modules\\.metro-babel-transformer-kLRwQcB4',
277 silly reify   'C:\\Users\\USUARIO\\OneDrive - Unicamacho-academico\\Documentos\\New project\\ProyectoIA\\node_modules\\metro-config\\node_modules\\metro-cache': 'C:\\Users\\USUARIO\\OneDrive - Unicamacho-academico\\Documentos\\New project\\ProyectoIA\\node_modules\\metro-config\\node_modules\\.metro-cache-l5zAkp6T',
277 silly reify   'C:\\Users\\USUARIO\\OneDrive - Unicamacho-academico\\Documentos\\New project\\ProyectoIA\\node_modules\\metro-config\\node_modules\\metro-cache-key': 'C:\\Users\\USUARIO\\OneDrive - Unicamacho-academico\\Documentos\\New project\\ProyectoIA\\node_modules\\metro-config\\node_modules\\.metro-cache-key-jO55Xtp6',
277 silly reify   'C:\\Users\\USUARIO\\OneDrive - Unicamacho-academico\\Documentos\\New project\\ProyectoIA\\node_modules\\metro-config\\node_modules\\metro-core': 'C:\\Users\\USUARIO\\OneDrive - Unicamacho-academico\\Documentos\\New project\\ProyectoIA\\node_modules\\metro-config\\node_modules\\.metro-core-0tSSC8yX',
277 silly reify   'C:\\Users\\USUARIO\\OneDrive - Unicamacho-academico\\Documentos\\New project\\ProyectoIA\\node_modules\\metro-config\\node_modules\\metro-file-map': 'C:\\Users\\USUARIO\\OneDrive - Unicamacho-academico\\Documentos\\New project\\ProyectoIA\\node_modules\\metro-config\\node_modules\\.metro-file-map-7RNMRfjj',
277 silly reify   'C:\\Users\\USUARIO\\OneDrive - Unicamacho-academico\\Documentos\\New project\\ProyectoIA\\node_modules\\metro-config\\node_modules\\metro-minify-terser': 'C:\\Users\\USUARIO\\OneDrive - Unicamacho-academico\\Documentos\\New project\\ProyectoIA\\node_modules\\metro-config\\node_modules\\.metro-minify-terser-qrnepSxt',
277 silly reify   'C:\\Users\\USUARIO\\OneDrive - Unicamacho-academico\\Documentos\\New project\\ProyectoIA\\node_modules\\metro-config\\node_modules\\metro-resolver': 'C:\\Users\\USUARIO\\OneDrive - Unicamacho-academico\\Documentos\\New project\\ProyectoIA\\node_modules\\metro-config\\node_modules\\.metro-resolver-3xJ3ajce',
277 silly reify   'C:\\Users\\USUARIO\\OneDrive - Unicamacho-academico\\Documentos\\New project\\ProyectoIA\\node_modules\\metro-config\\node_modules\\metro-source-map': 'C:\\Users\\USUARIO\\OneDrive - Unicamacho-academico\\Documentos\\New project\\ProyectoIA\\node_modules\\metro-config\\node_modules\\.metro-source-map-HjiCzZll',
277 silly reify   'C:\\Users\\USUARIO\\OneDrive - Unicamacho-academico\\Documentos\\New project\\ProyectoIA\\node_modules\\metro-config\\node_modules\\metro-symbolicate': 'C:\\Users\\USUARIO\\OneDrive - Unicamacho-academico\\Documentos\\New project\\ProyectoIA\\node_modules\\metro-config\\node_modules\\.metro-symbolicate-RjMLDKuJ',
277 silly reify   'C:\\Users\\USUARIO\\OneDrive - Unicamacho-academico\\Documentos\\New project\\ProyectoIA\\node_modules\\metro-config\\node_modules\\metro-transform-plugins': 'C:\\Users\\USUARIO\\OneDrive - Unicamacho-academico\\Documentos\\New project\\ProyectoIA\\node_modules\\metro-config\\node_modules\\.metro-transform-plugins-WZHvkfiN',
277 silly reify   'C:\\Users\\USUARIO\\OneDrive - Unicamacho-academico\\Documentos\\New project\\ProyectoIA\\node_modules\\metro-config\\node_modules\\metro-transform-worker': 'C:\\Users\\USUARIO\\OneDrive - Unicamacho-academico\\Documentos\\New project\\ProyectoIA\\node_modules\\metro-config\\node_modules\\.metro-transform-worker-8T62s8TF',
277 silly reify   'C:\\Users\\USUARIO\\OneDrive - Unicamacho-academico\\Documentos\\New project\\ProyectoIA\\node_modules\\metro-config\\node_modules\\ob1': 'C:\\Users\\USUARIO\\OneDrive - Unicamacho-academico\\Documentos\\New project\\ProyectoIA\\node_modules\\metro-config\\node_modules\\.ob1-RRchbPZn',
277 silly reify   'C:\\Users\\USUARIO\\OneDrive - Unicamacho-academico\\Documentos\\New project\\ProyectoIA\\node_modules\\metro-symbolicate': 'C:\\Users\\USUARIO\\OneDrive - Unicamacho-academico\\Documentos\\New project\\ProyectoIA\\node_modules\\.metro-symbolicate-J7V5xY6b',
277 silly reify   'C:\\Users\\USUARIO\\OneDrive - Unicamacho-academico\\Documentos\\New project\\ProyectoIA\\node_modules\\.bin\\metro-symbolicate': 'C:\\Users\\USUARIO\\OneDrive - Unicamacho-academico\\Documentos\\New project\\ProyectoIA\\node_modules\\.bin\\.metro-symbolicate-gecPz9Ga',
277 silly reify   'C:\\Users\\USUARIO\\OneDrive - Unicamacho-academico\\Documentos\\New project\\ProyectoIA\\node_modules\\.bin\\metro-symbolicate.cmd': 'C:\\Users\\USUARIO\\OneDrive - Unicamacho-academico\\Documentos\\New project\\ProyectoIA\\node_modules\\.bin\\.metro-symbolicate.cmd-pGIApwa6',
277 silly reify   'C:\\Users\\USUARIO\\OneDrive - Unicamacho-academico\\Documentos\\New project\\ProyectoIA\\node_modules\\.bin\\metro-symbolicate.ps1': 'C:\\Users\\USUARIO\\OneDrive - Unicamacho-academico\\Documentos\\New project\\ProyectoIA\\node_modules\\.bin\\.metro-symbolicate.ps1-5yNoBlox',
277 silly reify   'C:\\Users\\USUARIO\\OneDrive - Unicamacho-academico\\Documentos\\New project\\ProyectoIA\\node_modules\\mime': 'C:\\Users\\USUARIO\\OneDrive - Unicamacho-academico\\Documentos\\New project\\ProyectoIA\\node_modules\\.mime-2ML1I9Q0',
277 silly reify   'C:\\Users\\USUARIO\\OneDrive - Unicamacho-academico\\Documentos\\New project\\ProyectoIA\\node_modules\\.bin\\mime': 'C:\\Users\\USUARIO\\OneDrive - Unicamacho-academico\\Documentos\\New project\\ProyectoIA\\node_modules\\.bin\\.mime-JQmkD1tW',
277 silly reify   'C:\\Users\\USUARIO\\OneDrive - Unicamacho-academico\\Documentos\\New project\\ProyectoIA\\node_modules\\.bin\\mime.cmd': 'C:\\Users\\USUARIO\\OneDrive - Unicamacho-academico\\Documentos\\New project\\ProyectoIA\\node_modules\\.bin\\.mime.cmd-3w5Jp5Xr',
277 silly reify   'C:\\Users\\USUARIO\\OneDrive - Unicamacho-academico\\Documentos\\New project\\ProyectoIA\\node_modules\\.bin\\mime.ps1': 'C:\\Users\\USUARIO\\OneDrive - Unicamacho-academico\\Documentos\\New project\\ProyectoIA\\node_modules\\.bin\\.mime.ps1-RwE2Unjb',
277 silly reify   'C:\\Users\\USUARIO\\OneDrive - Unicamacho-academico\\Documentos\\New project\\ProyectoIA\\node_modules\\mkdirp': 'C:\\Users\\USUARIO\\OneDrive - Unicamacho-academico\\Documentos\\New project\\ProyectoIA\\node_modules\\.mkdirp-98HPnNg5',
277 silly reify   'C:\\Users\\USUARIO\\OneDrive - Unicamacho-academico\\Documentos\\New project\\ProyectoIA\\node_modules\\.bin\\mkdirp': 'C:\\Users\\USUARIO\\OneDrive - Unicamacho-academico\\Documentos\\New project\\ProyectoIA\\node_modules\\.bin\\.mkdirp-oTDyvOTZ',
277 silly reify   'C:\\Users\\USUARIO\\OneDrive - Unicamacho-academico\\Documentos\\New project\\ProyectoIA\\node_modules\\.bin\\mkdirp.cmd': 'C:\\Users\\USUARIO\\OneDrive - Unicamacho-academico\\Documentos\\New project\\ProyectoIA\\node_modules\\.bin\\.mkdirp.cmd-sFbkLsPO',
277 silly reify   'C:\\Users\\USUARIO\\OneDrive - Unicamacho-academico\\Documentos\\New project\\ProyectoIA\\node_modules\\.bin\\mkdirp.ps1': 'C:\\Users\\USUARIO\\OneDrive - Unicamacho-academico\\Documentos\\New project\\ProyectoIA\\node_modules\\.bin\\.mkdirp.ps1-vE3FQr1a',
277 silly reify   'C:\\Users\\USUARIO\\OneDrive - Unicamacho-academico\\Documentos\\New project\\ProyectoIA\\node_modules\\nanoid': 'C:\\Users\\USUARIO\\OneDrive - Unicamacho-academico\\Documentos\\New project\\ProyectoIA\\node_modules\\.nanoid-7QJBsftL',
277 silly reify   'C:\\Users\\USUARIO\\OneDrive - Unicamacho-academico\\Documentos\\New project\\ProyectoIA\\node_modules\\.bin\\nanoid': 'C:\\Users\\USUARIO\\OneDrive - Unicamacho-academico\\Documentos\\New project\\ProyectoIA\\node_modules\\.bin\\.nanoid-BDDCwrXU',
277 silly reify   'C:\\Users\\USUARIO\\OneDrive - Unicamacho-academico\\Documentos\\New project\\ProyectoIA\\node_modules\\.bin\\nanoid.cmd': 'C:\\Users\\USUARIO\\OneDrive - Unicamacho-academico\\Documentos\\New project\\ProyectoIA\\node_modules\\.bin\\.nanoid.cmd-RSDBnL5j',
277 silly reify   'C:\\Users\\USUARIO\\OneDrive - Unicamacho-academico\\Documentos\\New project\\ProyectoIA\\node_modules\\.bin\\nanoid.ps1': 'C:\\Users\\USUARIO\\OneDrive - Unicamacho-academico\\Documentos\\New project\\ProyectoIA\\node_modules\\.bin\\.nanoid.ps1-1HKKvIw3',
277 silly reify   'C:\\Users\\USUARIO\\OneDrive - Unicamacho-academico\\Documentos\\New project\\ProyectoIA\\node_modules\\npm-package-arg\\node_modules\\semver': 'C:\\Users\\USUARIO\\OneDrive - Unicamacho-academico\\Documentos\\New project\\ProyectoIA\\node_modules\\npm-package-arg\\node_modules\\.semver-xIe7o3qo',
277 silly reify   'C:\\Users\\USUARIO\\OneDrive - Unicamacho-academico\\Documentos\\New project\\ProyectoIA\\node_modules\\ora\\node_modules\\ansi-regex': 'C:\\Users\\USUARIO\\OneDrive - Unicamacho-academico\\Documentos\\New project\\ProyectoIA\\node_modules\\ora\\node_modules\\.ansi-regex-MBnF1pID',
277 silly reify   'C:\\Users\\USUARIO\\OneDrive - Unicamacho-academico\\Documentos\\New project\\ProyectoIA\\node_modules\\ora\\node_modules\\ansi-styles': 'C:\\Users\\USUARIO\\OneDrive - Unicamacho-academico\\Documentos\\New project\\ProyectoIA\\node_modules\\ora\\node_modules\\.ansi-styles-f8kVWN0s',
277 silly reify   'C:\\Users\\USUARIO\\OneDrive - Unicamacho-academico\\Documentos\\New project\\ProyectoIA\\node_modules\\ora\\node_modules\\chalk': 'C:\\Users\\USUARIO\\OneDrive - Unicamacho-academico\\Documentos\\New project\\ProyectoIA\\node_modules\\ora\\node_modules\\.chalk-GDupxSBT',
277 silly reify   'C:\\Users\\USUARIO\\OneDrive - Unicamacho-academico\\Documentos\\New project\\ProyectoIA\\node_modules\\ora\\node_modules\\color-convert': 'C:\\Users\\USUARIO\\OneDrive - Unicamacho-academico\\Documentos\\New project\\ProyectoIA\\node_modules\\ora\\node_modules\\.color-convert-FzW42LEk',
277 silly reify   'C:\\Users\\USUARIO\\OneDrive - Unicamacho-academico\\Documentos\\New project\\ProyectoIA\\node_modules\\ora\\node_modules\\color-name': 'C:\\Users\\USUARIO\\OneDrive - Unicamacho-academico\\Documentos\\New project\\ProyectoIA\\node_modules\\ora\\node_modules\\.color-name-VZyLOLJ3',
277 silly reify   'C:\\Users\\USUARIO\\OneDrive - Unicamacho-academico\\Documentos\\New project\\ProyectoIA\\node_modules\\ora\\node_modules\\escape-string-regexp': 'C:\\Users\\USUARIO\\OneDrive - Unicamacho-academico\\Documentos\\New project\\ProyectoIA\\node_modules\\ora\\node_modules\\.escape-string-regexp-UMHNzazt',
277 silly reify   'C:\\Users\\USUARIO\\OneDrive - Unicamacho-academico\\Documentos\\New project\\ProyectoIA\\node_modules\\ora\\node_modules\\has-flag': 'C:\\Users\\USUARIO\\OneDrive - Unicamacho-academico\\Documentos\\New project\\ProyectoIA\\node_modules\\ora\\node_modules\\.has-flag-RplCtfFY',
277 silly reify   'C:\\Users\\USUARIO\\OneDrive - Unicamacho-academico\\Documentos\\New project\\ProyectoIA\\node_modules\\ora\\node_modules\\strip-ansi': 'C:\\Users\\USUARIO\\OneDrive - Unicamacho-academico\\Documentos\\New project\\ProyectoIA\\node_modules\\ora\\node_modules\\.strip-ansi-uPyym936',
277 silly reify   'C:\\Users\\USUARIO\\OneDrive - Unicamacho-academico\\Documentos\\New project\\ProyectoIA\\node_modules\\ora\\node_modules\\supports-color': 'C:\\Users\\USUARIO\\OneDrive - Unicamacho-academico\\Documentos\\New project\\ProyectoIA\\node_modules\\ora\\node_modules\\.supports-color-icPLCvIO',
277 silly reify   'C:\\Users\\USUARIO\\OneDrive - Unicamacho-academico\\Documentos\\New project\\ProyectoIA\\node_modules\\p-locate\\node_modules\\p-limit': 'C:\\Users\\USUARIO\\OneDrive - Unicamacho-academico\\Documentos\\New project\\ProyectoIA\\node_modules\\p-locate\\node_modules\\.p-limit-r6sO6HKK',
277 silly reify   'C:\\Users\\USUARIO\\OneDrive - Unicamacho-academico\\Documentos\\New project\\ProyectoIA\\node_modules\\path-scurry\\node_modules\\lru-cache': 'C:\\Users\\USUARIO\\OneDrive - Unicamacho-academico\\Documentos\\New project\\ProyectoIA\\node_modules\\path-scurry\\node_modules\\.lru-cache-zIBbCvBx',
277 silly reify   'C:\\Users\\USUARIO\\OneDrive - Unicamacho-academico\\Documentos\\New project\\ProyectoIA\\node_modules\\pretty-format\\node_modules\\ansi-styles': 'C:\\Users\\USUARIO\\OneDrive - Unicamacho-academico\\Documentos\\New project\\ProyectoIA\\node_modules\\pretty-format\\node_modules\\.ansi-styles-DuDIrk56',
277 silly reify   'C:\\Users\\USUARIO\\OneDrive - Unicamacho-academico\\Documentos\\New project\\ProyectoIA\\node_modules\\pretty-format\\node_modules\\react-is': 'C:\\Users\\USUARIO\\OneDrive - Unicamacho-academico\\Documentos\\New project\\ProyectoIA\\node_modules\\pretty-format\\node_modules\\.react-is-0iJC2o9Q',
277 silly reify   'C:\\Users\\USUARIO\\OneDrive - Unicamacho-academico\\Documentos\\New project\\ProyectoIA\\node_modules\\prop-types\\node_modules\\react-is': 'C:\\Users\\USUARIO\\OneDrive - Unicamacho-academico\\Documentos\\New project\\ProyectoIA\\node_modules\\prop-types\\node_modules\\.react-is-XiYlwror',
277 silly reify   'C:\\Users\\USUARIO\\OneDrive - Unicamacho-academico\\Documentos\\New project\\ProyectoIA\\node_modules\\qrcode': 'C:\\Users\\USUARIO\\OneDrive - Unicamacho-academico\\Documentos\\New project\\ProyectoIA\\node_modules\\.qrcode-svT1bADx',
277 silly reify   'C:\\Users\\USUARIO\\OneDrive - Unicamacho-academico\\Documentos\\New project\\ProyectoIA\\node_modules\\.bin\\qrcode': 'C:\\Users\\USUARIO\\OneDrive - Unicamacho-academico\\Documentos\\New project\\ProyectoIA\\node_modules\\.bin\\.qrcode-fYAO9rMW',
277 silly reify   'C:\\Users\\USUARIO\\OneDrive - Unicamacho-academico\\Documentos\\New project\\ProyectoIA\\node_modules\\.bin\\qrcode.cmd': 'C:\\Users\\USUARIO\\OneDrive - Unicamacho-academico\\Documentos\\New project\\ProyectoIA\\node_modules\\.bin\\.qrcode.cmd-cdPh4etN',
277 silly reify   'C:\\Users\\USUARIO\\OneDrive - Unicamacho-academico\\Documentos\\New project\\ProyectoIA\\node_modules\\.bin\\qrcode.ps1': 'C:\\Users\\USUARIO\\OneDrive - Unicamacho-academico\\Documentos\\New project\\ProyectoIA\\node_modules\\.bin\\.qrcode.ps1-9UXYv1zp',
277 silly reify   'C:\\Users\\USUARIO\\OneDrive - Unicamacho-academico\\Documentos\\New project\\ProyectoIA\\node_modules\\react-native': 'C:\\Users\\USUARIO\\OneDrive - Unicamacho-academico\\Documentos\\New project\\ProyectoIA\\node_modules\\.react-native-RWEkFlrG',
277 silly reify   'C:\\Users\\USUARIO\\OneDrive - Unicamacho-academico\\Documentos\\New project\\ProyectoIA\\node_modules\\.bin\\react-native': 'C:\\Users\\USUARIO\\OneDrive - Unicamacho-academico\\Documentos\\New project\\ProyectoIA\\node_modules\\.bin\\.react-native-HMRpUKLZ',
277 silly reify   'C:\\Users\\USUARIO\\OneDrive - Unicamacho-academico\\Documentos\\New project\\ProyectoIA\\node_modules\\.bin\\react-native.cmd': 'C:\\Users\\USUARIO\\OneDrive - Unicamacho-academico\\Documentos\\New project\\ProyectoIA\\node_modules\\.bin\\.react-native.cmd-Vxl8ZvJX',
277 silly reify   'C:\\Users\\USUARIO\\OneDrive - Unicamacho-academico\\Documentos\\New project\\ProyectoIA\\node_modules\\.bin\\react-native.ps1': 'C:\\Users\\USUARIO\\OneDrive - Unicamacho-academico\\Documentos\\New project\\ProyectoIA\\node_modules\\.bin\\.react-native.ps1-vWJPOacS',
277 silly reify   'C:\\Users\\USUARIO\\OneDrive - Unicamacho-academico\\Documentos\\New project\\ProyectoIA\\node_modules\\react-native-reanimated\\node_modules\\react-native-is-edge-to-edge': 'C:\\Users\\USUARIO\\OneDrive - Unicamacho-academico\\Documentos\\New project\\ProyectoIA\\node_modules\\react-native-reanimated\\node_modules\\.react-native-is-edge-to-edge-AMANnvYq',
277 silly reify   'C:\\Users\\USUARIO\\OneDrive - Unicamacho-academico\\Documentos\\New project\\ProyectoIA\\node_modules\\react-native-reanimated\\node_modules\\semver': 'C:\\Users\\USUARIO\\OneDrive - Unicamacho-academico\\Documentos\\New project\\ProyectoIA\\node_modules\\react-native-reanimated\\node_modules\\.semver-TcdG9Kxz',
277 silly reify   'C:\\Users\\USUARIO\\OneDrive - Unicamacho-academico\\Documentos\\New project\\ProyectoIA\\node_modules\\react-native-web\\node_modules\\memoize-one': 'C:\\Users\\USUARIO\\OneDrive - Unicamacho-academico\\Documentos\\New project\\ProyectoIA\\node_modules\\react-native-web\\node_modules\\.memoize-one-Gnz8pxE5',
277 silly reify   'C:\\Users\\USUARIO\\OneDrive - Unicamacho-academico\\Documentos\\New project\\ProyectoIA\\node_modules\\react-native-web\\node_modules\\@react-native\\normalize-colors': 'C:\\Users\\USUARIO\\OneDrive - Unicamacho-academico\\Documentos\\New project\\ProyectoIA\\node_modules\\react-native-web\\node_modules\\@react-native\\.normalize-colors-uPdsrQC4',
277 silly reify   'C:\\Users\\USUARIO\\OneDrive - Unicamacho-academico\\Documentos\\New project\\ProyectoIA\\node_modules\\react-native-worklets\\node_modules\\semver': 'C:\\Users\\USUARIO\\OneDrive - Unicamacho-academico\\Documentos\\New project\\ProyectoIA\\node_modules\\react-native-worklets\\node_modules\\.semver-SPDwJ0hV',
277 silly reify   'C:\\Users\\USUARIO\\OneDrive - Unicamacho-academico\\Documentos\\New project\\ProyectoIA\\node_modules\\regjsparser': 'C:\\Users\\USUARIO\\OneDrive - Unicamacho-academico\\Documentos\\New project\\ProyectoIA\\node_modules\\.regjsparser-wG1H3j4Q',
277 silly reify   'C:\\Users\\USUARIO\\OneDrive - Unicamacho-academico\\Documentos\\New project\\ProyectoIA\\node_modules\\.bin\\regjsparser': 'C:\\Users\\USUARIO\\OneDrive - Unicamacho-academico\\Documentos\\New project\\ProyectoIA\\node_modules\\.bin\\.regjsparser-Yo9Gz96r',
277 silly reify   'C:\\Users\\USUARIO\\OneDrive - Unicamacho-academico\\Documentos\\New project\\ProyectoIA\\node_modules\\.bin\\regjsparser.cmd': 'C:\\Users\\USUARIO\\OneDrive - Unicamacho-academico\\Documentos\\New project\\ProyectoIA\\node_modules\\.bin\\.regjsparser.cmd-3XHzqv9V',
277 silly reify   'C:\\Users\\USUARIO\\OneDrive - Unicamacho-academico\\Documentos\\New project\\ProyectoIA\\node_modules\\.bin\\regjsparser.ps1': 'C:\\Users\\USUARIO\\OneDrive - Unicamacho-academico\\Documentos\\New project\\ProyectoIA\\node_modules\\.bin\\.regjsparser.ps1-efZ0PNLG',
277 silly reify   'C:\\Users\\USUARIO\\OneDrive - Unicamacho-academico\\Documentos\\New project\\ProyectoIA\\node_modules\\resolve': 'C:\\Users\\USUARIO\\OneDrive - Unicamacho-academico\\Documentos\\New project\\ProyectoIA\\node_modules\\.resolve-3ukGFiAc',
277 silly reify   'C:\\Users\\USUARIO\\OneDrive - Unicamacho-academico\\Documentos\\New project\\ProyectoIA\\node_modules\\.bin\\resolve': 'C:\\Users\\USUARIO\\OneDrive - Unicamacho-academico\\Documentos\\New project\\ProyectoIA\\node_modules\\.bin\\.resolve-xNnDRS7l',
277 silly reify   'C:\\Users\\USUARIO\\OneDrive - Unicamacho-academico\\Documentos\\New project\\ProyectoIA\\node_modules\\.bin\\resolve.cmd': 'C:\\Users\\USUARIO\\OneDrive - Unicamacho-academico\\Documentos\\New project\\ProyectoIA\\node_modules\\.bin\\.resolve.cmd-EM5OOZ2B',
277 silly reify   'C:\\Users\\USUARIO\\OneDrive - Unicamacho-academico\\Documentos\\New project\\ProyectoIA\\node_modules\\.bin\\resolve.ps1': 'C:\\Users\\USUARIO\\OneDrive - Unicamacho-academico\\Documentos\\New project\\ProyectoIA\\node_modules\\.bin\\.resolve.ps1-mDuVfeti',
277 silly reify   'C:\\Users\\USUARIO\\OneDrive - Unicamacho-academico\\Documentos\\New project\\ProyectoIA\\node_modules\\rimraf': 'C:\\Users\\USUARIO\\OneDrive - Unicamacho-academico\\Documentos\\New project\\ProyectoIA\\node_modules\\.rimraf-LVPebv5A',
277 silly reify   'C:\\Users\\USUARIO\\OneDrive - Unicamacho-academico\\Documentos\\New project\\ProyectoIA\\node_modules\\.bin\\rimraf': 'C:\\Users\\USUARIO\\OneDrive - Unicamacho-academico\\Documentos\\New project\\ProyectoIA\\node_modules\\.bin\\.rimraf-c9d5HN4A',
277 silly reify   'C:\\Users\\USUARIO\\OneDrive - Unicamacho-academico\\Documentos\\New project\\ProyectoIA\\node_modules\\.bin\\rimraf.cmd': 'C:\\Users\\USUARIO\\OneDrive - Unicamacho-academico\\Documentos\\New project\\ProyectoIA\\node_modules\\.bin\\.rimraf.cmd-BmYMntQm',
277 silly reify   'C:\\Users\\USUARIO\\OneDrive - Unicamacho-academico\\Documentos\\New project\\ProyectoIA\\node_modules\\.bin\\rimraf.ps1': 'C:\\Users\\USUARIO\\OneDrive - Unicamacho-academico\\Documentos\\New project\\ProyectoIA\\node_modules\\.bin\\.rimraf.ps1-MHKAMJOy',
277 silly reify   'C:\\Users\\USUARIO\\OneDrive - Unicamacho-academico\\Documentos\\New project\\ProyectoIA\\node_modules\\semver': 'C:\\Users\\USUARIO\\OneDrive - Unicamacho-academico\\Documentos\\New project\\ProyectoIA\\node_modules\\.semver-lp6YMjYj',
277 silly reify   'C:\\Users\\USUARIO\\OneDrive - Unicamacho-academico\\Documentos\\New project\\ProyectoIA\\node_modules\\.bin\\semver': 'C:\\Users\\USUARIO\\OneDrive - Unicamacho-academico\\Documentos\\New project\\ProyectoIA\\node_modules\\.bin\\.semver-W8nIA4Av',
277 silly reify   'C:\\Users\\USUARIO\\OneDrive - Unicamacho-academico\\Documentos\\New project\\ProyectoIA\\node_modules\\.bin\\semver.cmd': 'C:\\Users\\USUARIO\\OneDrive - Unicamacho-academico\\Documentos\\New project\\ProyectoIA\\node_modules\\.bin\\.semver.cmd-xLX3awr7',
277 silly reify   'C:\\Users\\USUARIO\\OneDrive - Unicamacho-academico\\Documentos\\New project\\ProyectoIA\\node_modules\\.bin\\semver.ps1': 'C:\\Users\\USUARIO\\OneDrive - Unicamacho-academico\\Documentos\\New project\\ProyectoIA\\node_modules\\.bin\\.semver.ps1-OqjCRxyK',
277 silly reify   'C:\\Users\\USUARIO\\OneDrive - Unicamacho-academico\\Documentos\\New project\\ProyectoIA\\node_modules\\send\\node_modules\\debug': 'C:\\Users\\USUARIO\\OneDrive - Unicamacho-academico\\Documentos\\New project\\ProyectoIA\\node_modules\\send\\node_modules\\.debug-hGR3QWBf',
277 silly reify   'C:\\Users\\USUARIO\\OneDrive - Unicamacho-academico\\Documentos\\New project\\ProyectoIA\\node_modules\\send\\node_modules\\encodeurl': 'C:\\Users\\USUARIO\\OneDrive - Unicamacho-academico\\Documentos\\New project\\ProyectoIA\\node_modules\\send\\node_modules\\.encodeurl-R0SUyH1K',
277 silly reify   'C:\\Users\\USUARIO\\OneDrive - Unicamacho-academico\\Documentos\\New project\\ProyectoIA\\node_modules\\send\\node_modules\\on-finished': 'C:\\Users\\USUARIO\\OneDrive - Unicamacho-academico\\Documentos\\New project\\ProyectoIA\\node_modules\\send\\node_modules\\.on-finished-DMbKF0eR',
277 silly reify   'C:\\Users\\USUARIO\\OneDrive - Unicamacho-academico\\Documentos\\New project\\ProyectoIA\\node_modules\\send\\node_modules\\statuses': 'C:\\Users\\USUARIO\\OneDrive - Unicamacho-academico\\Documentos\\New project\\ProyectoIA\\node_modules\\send\\node_modules\\.statuses-8nZRmvk8',
277 silly reify   'C:\\Users\\USUARIO\\OneDrive - Unicamacho-academico\\Documentos\\New project\\ProyectoIA\\node_modules\\serve-static\\node_modules\\encodeurl': 'C:\\Users\\USUARIO\\OneDrive - Unicamacho-academico\\Documentos\\New project\\ProyectoIA\\node_modules\\serve-static\\node_modules\\.encodeurl-MwHNLVh8',
277 silly reify   'C:\\Users\\USUARIO\\OneDrive - Unicamacho-academico\\Documentos\\New project\\ProyectoIA\\node_modules\\source-map-support\\node_modules\\source-map': 'C:\\Users\\USUARIO\\OneDrive - Unicamacho-academico\\Documentos\\New project\\ProyectoIA\\node_modules\\source-map-support\\node_modules\\.source-map-mUajt2jj',
277 silly reify   'C:\\Users\\USUARIO\\OneDrive - Unicamacho-academico\\Documentos\\New project\\ProyectoIA\\node_modules\\stack-utils\\node_modules\\escape-string-regexp': 'C:\\Users\\USUARIO\\OneDrive - Unicamacho-academico\\Documentos\\New project\\ProyectoIA\\node_modules\\stack-utils\\node_modules\\.escape-string-regexp-wrv8TFel',
277 silly reify   'C:\\Users\\USUARIO\\OneDrive - Unicamacho-academico\\Documentos\\New project\\ProyectoIA\\node_modules\\terser': 'C:\\Users\\USUARIO\\OneDrive - Unicamacho-academico\\Documentos\\New project\\ProyectoIA\\node_modules\\.terser-FNtANL8k',
277 silly reify   'C:\\Users\\USUARIO\\OneDrive - Unicamacho-academico\\Documentos\\New project\\ProyectoIA\\node_modules\\.bin\\terser': 'C:\\Users\\USUARIO\\OneDrive - Unicamacho-academico\\Documentos\\New project\\ProyectoIA\\node_modules\\.bin\\.terser-AuwL8gSp',
277 silly reify   'C:\\Users\\USUARIO\\OneDrive - Unicamacho-academico\\Documentos\\New project\\ProyectoIA\\node_modules\\.bin\\terser.cmd': 'C:\\Users\\USUARIO\\OneDrive - Unicamacho-academico\\Documentos\\New project\\ProyectoIA\\node_modules\\.bin\\.terser.cmd-P8fMqRrp',
277 silly reify   'C:\\Users\\USUARIO\\OneDrive - Unicamacho-academico\\Documentos\\New project\\ProyectoIA\\node_modules\\.bin\\terser.ps1': 'C:\\Users\\USUARIO\\OneDrive - Unicamacho-academico\\Documentos\\New project\\ProyectoIA\\node_modules\\.bin\\.terser.ps1-bEiAlBqE',
277 silly reify   'C:\\Users\\USUARIO\\OneDrive - Unicamacho-academico\\Documentos\\New project\\ProyectoIA\\node_modules\\test-exclude\\node_modules\\brace-expansion': 'C:\\Users\\USUARIO\\OneDrive - Unicamacho-academico\\Documentos\\New project\\ProyectoIA\\node_modules\\test-exclude\\node_modules\\.brace-expansion-wM5BUt6w',
277 silly reify   'C:\\Users\\USUARIO\\OneDrive - Unicamacho-academico\\Documentos\\New project\\ProyectoIA\\node_modules\\test-exclude\\node_modules\\glob': 'C:\\Users\\USUARIO\\OneDrive - Unicamacho-academico\\Documentos\\New project\\ProyectoIA\\node_modules\\test-exclude\\node_modules\\.glob-VGlmLK7z',
277 silly reify   'C:\\Users\\USUARIO\\OneDrive - Unicamacho-academico\\Documentos\\New project\\ProyectoIA\\node_modules\\test-exclude\\node_modules\\minimatch': 'C:\\Users\\USUARIO\\OneDrive - Unicamacho-academico\\Documentos\\New project\\ProyectoIA\\node_modules\\test-exclude\\node_modules\\.minimatch-dkLrmrot',
277 silly reify   'C:\\Users\\USUARIO\\OneDrive - Unicamacho-academico\\Documentos\\New project\\ProyectoIA\\node_modules\\tinyglobby\\node_modules\\fdir': 'C:\\Users\\USUARIO\\OneDrive - Unicamacho-academico\\Documentos\\New project\\ProyectoIA\\node_modules\\tinyglobby\\node_modules\\.fdir-obbu1B0l',
277 silly reify   'C:\\Users\\USUARIO\\OneDrive - Unicamacho-academico\\Documentos\\New project\\ProyectoIA\\node_modules\\tinyglobby\\node_modules\\picomatch': 'C:\\Users\\USUARIO\\OneDrive - Unicamacho-academico\\Documentos\\New project\\ProyectoIA\\node_modules\\tinyglobby\\node_modules\\.picomatch-zMjMikLd',
277 silly reify   'C:\\Users\\USUARIO\\OneDrive - Unicamacho-academico\\Documentos\\New project\\ProyectoIA\\node_modules\\ua-parser-js': 'C:\\Users\\USUARIO\\OneDrive - Unicamacho-academico\\Documentos\\New project\\ProyectoIA\\node_modules\\.ua-parser-js-HG7CWUn2',
277 silly reify   'C:\\Users\\USUARIO\\OneDrive - Unicamacho-academico\\Documentos\\New project\\ProyectoIA\\node_modules\\.bin\\ua-parser-js': 'C:\\Users\\USUARIO\\OneDrive - Unicamacho-academico\\Documentos\\New project\\ProyectoIA\\node_modules\\.bin\\.ua-parser-js-vugGVxlQ',
277 silly reify   'C:\\Users\\USUARIO\\OneDrive - Unicamacho-academico\\Documentos\\New project\\ProyectoIA\\node_modules\\.bin\\ua-parser-js.cmd': 'C:\\Users\\USUARIO\\OneDrive - Unicamacho-academico\\Documentos\\New project\\ProyectoIA\\node_modules\\.bin\\.ua-parser-js.cmd-RpDl8uHL',
277 silly reify   'C:\\Users\\USUARIO\\OneDrive - Unicamacho-academico\\Documentos\\New project\\ProyectoIA\\node_modules\\.bin\\ua-parser-js.ps1': 'C:\\Users\\USUARIO\\OneDrive - Unicamacho-academico\\Documentos\\New project\\ProyectoIA\\node_modules\\.bin\\.ua-parser-js.ps1-3xUzHnvV',
277 silly reify   'C:\\Users\\USUARIO\\OneDrive - Unicamacho-academico\\Documentos\\New project\\ProyectoIA\\node_modules\\update-browserslist-db': 'C:\\Users\\USUARIO\\OneDrive - Unicamacho-academico\\Documentos\\New project\\ProyectoIA\\node_modules\\.update-browserslist-db-VEYR6JJI',
277 silly reify   'C:\\Users\\USUARIO\\OneDrive - Unicamacho-academico\\Documentos\\New project\\ProyectoIA\\node_modules\\.bin\\update-browserslist-db': 'C:\\Users\\USUARIO\\OneDrive - Unicamacho-academico\\Documentos\\New project\\ProyectoIA\\node_modules\\.bin\\.update-browserslist-db-Bcc7K6Gj',
277 silly reify   'C:\\Users\\USUARIO\\OneDrive - Unicamacho-academico\\Documentos\\New project\\ProyectoIA\\node_modules\\.bin\\update-browserslist-db.cmd': 'C:\\Users\\USUARIO\\OneDrive - Unicamacho-academico\\Documentos\\New project\\ProyectoIA\\node_modules\\.bin\\.update-browserslist-db.cmd-YW9TOJ1C',
277 silly reify   'C:\\Users\\USUARIO\\OneDrive - Unicamacho-academico\\Documentos\\New project\\ProyectoIA\\node_modules\\.bin\\update-browserslist-db.ps1': 'C:\\Users\\USUARIO\\OneDrive - Unicamacho-academico\\Documentos\\New project\\ProyectoIA\\node_modules\\.bin\\.update-browserslist-db.ps1-KepqK81Z',
277 silly reify   'C:\\Users\\USUARIO\\OneDrive - Unicamacho-academico\\Documentos\\New project\\ProyectoIA\\node_modules\\uuid': 'C:\\Users\\USUARIO\\OneDrive - Unicamacho-academico\\Documentos\\New project\\ProyectoIA\\node_modules\\.uuid-v3iLeCKV',
277 silly reify   'C:\\Users\\USUARIO\\OneDrive - Unicamacho-academico\\Documentos\\New project\\ProyectoIA\\node_modules\\.bin\\uuid': 'C:\\Users\\USUARIO\\OneDrive - Unicamacho-academico\\Documentos\\New project\\ProyectoIA\\node_modules\\.bin\\.uuid-KvsjspJ4',
277 silly reify   'C:\\Users\\USUARIO\\OneDrive - Unicamacho-academico\\Documentos\\New project\\ProyectoIA\\node_modules\\.bin\\uuid.cmd': 'C:\\Users\\USUARIO\\OneDrive - Unicamacho-academico\\Documentos\\New project\\ProyectoIA\\node_modules\\.bin\\.uuid.cmd-1k0t4Miq',
277 silly reify   'C:\\Users\\USUARIO\\OneDrive - Unicamacho-academico\\Documentos\\New project\\ProyectoIA\\node_modules\\.bin\\uuid.ps1': 'C:\\Users\\USUARIO\\OneDrive - Unicamacho-academico\\Documentos\\New project\\ProyectoIA\\node_modules\\.bin\\.uuid.ps1-CSaB166e',
277 silly reify   'C:\\Users\\USUARIO\\OneDrive - Unicamacho-academico\\Documentos\\New project\\ProyectoIA\\node_modules\\which': 'C:\\Users\\USUARIO\\OneDrive - Unicamacho-academico\\Documentos\\New project\\ProyectoIA\\node_modules\\.which-hnocPhWV',
277 silly reify   'C:\\Users\\USUARIO\\OneDrive - Unicamacho-academico\\Documentos\\New project\\ProyectoIA\\node_modules\\.bin\\node-which': 'C:\\Users\\USUARIO\\OneDrive - Unicamacho-academico\\Documentos\\New project\\ProyectoIA\\node_modules\\.bin\\.node-which-KATQj3la',
277 silly reify   'C:\\Users\\USUARIO\\OneDrive - Unicamacho-academico\\Documentos\\New project\\ProyectoIA\\node_modules\\.bin\\node-which.cmd': 'C:\\Users\\USUARIO\\OneDrive - Unicamacho-academico\\Documentos\\New project\\ProyectoIA\\node_modules\\.bin\\.node-which.cmd-prTKFT6Y',
277 silly reify   'C:\\Users\\USUARIO\\OneDrive - Unicamacho-academico\\Documentos\\New project\\ProyectoIA\\node_modules\\.bin\\node-which.ps1': 'C:\\Users\\USUARIO\\OneDrive - Unicamacho-academico\\Documentos\\New project\\ProyectoIA\\node_modules\\.bin\\.node-which.ps1-vX9GrV8n',
277 silly reify   'C:\\Users\\USUARIO\\OneDrive - Unicamacho-academico\\Documentos\\New project\\ProyectoIA\\node_modules\\xml2js\\node_modules\\xmlbuilder': 'C:\\Users\\USUARIO\\OneDrive - Unicamacho-academico\\Documentos\\New project\\ProyectoIA\\node_modules\\xml2js\\node_modules\\.xmlbuilder-K9E5FHDW',
277 silly reify   'C:\\Users\\USUARIO\\OneDrive - Unicamacho-academico\\Documentos\\New project\\ProyectoIA\\node_modules\\yaml': 'C:\\Users\\USUARIO\\OneDrive - Unicamacho-academico\\Documentos\\New project\\ProyectoIA\\node_modules\\.yaml-DfuEFGx8',
277 silly reify   'C:\\Users\\USUARIO\\OneDrive - Unicamacho-academico\\Documentos\\New project\\ProyectoIA\\node_modules\\.bin\\yaml': 'C:\\Users\\USUARIO\\OneDrive - Unicamacho-academico\\Documentos\\New project\\ProyectoIA\\node_modules\\.bin\\.yaml-ruOhl9Me',
277 silly reify   'C:\\Users\\USUARIO\\OneDrive - Unicamacho-academico\\Documentos\\New project\\ProyectoIA\\node_modules\\.bin\\yaml.cmd': 'C:\\Users\\USUARIO\\OneDrive - Unicamacho-academico\\Documentos\\New project\\ProyectoIA\\node_modules\\.bin\\.yaml.cmd-a8uwr9YG',
277 silly reify   'C:\\Users\\USUARIO\\OneDrive - Unicamacho-academico\\Documentos\\New project\\ProyectoIA\\node_modules\\.bin\\yaml.ps1': 'C:\\Users\\USUARIO\\OneDrive - Unicamacho-academico\\Documentos\\New project\\ProyectoIA\\node_modules\\.bin\\.yaml.ps1-OEmxcxA7',
277 silly reify   'C:\\Users\\USUARIO\\OneDrive - Unicamacho-academico\\Documentos\\New project\\ProyectoIA\\node_modules\\zxing-wasm\\node_modules\\type-fest': 'C:\\Users\\USUARIO\\OneDrive - Unicamacho-academico\\Documentos\\New project\\ProyectoIA\\node_modules\\zxing-wasm\\node_modules\\.type-fest-eiMhxtGj',
277 silly reify   'C:\\Users\\USUARIO\\OneDrive - Unicamacho-academico\\Documentos\\New project\\ProyectoIA\\node_modules\\@expo\\xcpretty': 'C:\\Users\\USUARIO\\OneDrive - Unicamacho-academico\\Documentos\\New project\\ProyectoIA\\node_modules\\@expo\\.xcpretty-eqRKtP5B',
277 silly reify   'C:\\Users\\USUARIO\\OneDrive - Unicamacho-academico\\Documentos\\New project\\ProyectoIA\\node_modules\\.bin\\excpretty': 'C:\\Users\\USUARIO\\OneDrive - Unicamacho-academico\\Documentos\\New project\\ProyectoIA\\node_modules\\.bin\\.excpretty-6JdrEBUV',
277 silly reify   'C:\\Users\\USUARIO\\OneDrive - Unicamacho-academico\\Documentos\\New project\\ProyectoIA\\node_modules\\.bin\\excpretty.cmd': 'C:\\Users\\USUARIO\\OneDrive - Unicamacho-academico\\Documentos\\New project\\ProyectoIA\\node_modules\\.bin\\.excpretty.cmd-drAAyDl8',
277 silly reify   'C:\\Users\\USUARIO\\OneDrive - Unicamacho-academico\\Documentos\\New project\\ProyectoIA\\node_modules\\.bin\\excpretty.ps1': 'C:\\Users\\USUARIO\\OneDrive - Unicamacho-academico\\Documentos\\New project\\ProyectoIA\\node_modules\\.bin\\.excpretty.ps1-ZMAPjvZP',
277 silly reify   'C:\\Users\\USUARIO\\OneDrive - Unicamacho-academico\\Documentos\\New project\\ProyectoIA\\node_modules\\@istanbuljs\\load-nyc-config\\node_modules\\camelcase': 'C:\\Users\\USUARIO\\OneDrive - Unicamacho-academico\\Documentos\\New project\\ProyectoIA\\node_modules\\@istanbuljs\\load-nyc-config\\node_modules\\.camelcase-PcRtzjnJ',
277 silly reify   'C:\\Users\\USUARIO\\OneDrive - Unicamacho-academico\\Documentos\\New project\\ProyectoIA\\node_modules\\@react-native\\community-cli-plugin\\node_modules\\metro-config': 'C:\\Users\\USUARIO\\OneDrive - Unicamacho-academico\\Documentos\\New project\\ProyectoIA\\node_modules\\@react-native\\community-cli-plugin\\node_modules\\.metro-config-ChmmNFfz',
277 silly reify   'C:\\Users\\USUARIO\\OneDrive - Unicamacho-academico\\Documentos\\New project\\ProyectoIA\\node_modules\\@react-native\\community-cli-plugin\\node_modules\\metro-runtime': 'C:\\Users\\USUARIO\\OneDrive - Unicamacho-academico\\Documentos\\New project\\ProyectoIA\\node_modules\\@react-native\\community-cli-plugin\\node_modules\\.metro-runtime-XVwSp83Q',
277 silly reify   'C:\\Users\\USUARIO\\OneDrive - Unicamacho-academico\\Documentos\\New project\\ProyectoIA\\node_modules\\@react-native\\community-cli-plugin\\node_modules\\semver': 'C:\\Users\\USUARIO\\OneDrive - Unicamacho-academico\\Documentos\\New project\\ProyectoIA\\node_modules\\@react-native\\community-cli-plugin\\node_modules\\.semver-KOd7xor6'
277 silly reify }
278 verbose reify failed optional dependency C:\Users\USUARIO\OneDrive - Unicamacho-academico\Documentos\New project\ProyectoIA\node_modules\lightningcss-win32-arm64-msvc
279 silly reify mark deleted [
279 silly reify   'C:\\Users\\USUARIO\\OneDrive - Unicamacho-academico\\Documentos\\New project\\ProyectoIA\\node_modules\\lightningcss-win32-arm64-msvc'
279 silly reify ]
280 verbose reify failed optional dependency C:\Users\USUARIO\OneDrive - Unicamacho-academico\Documentos\New project\ProyectoIA\node_modules\lightningcss-linux-x64-musl
281 silly reify mark deleted [
281 silly reify   'C:\\Users\\USUARIO\\OneDrive - Unicamacho-academico\\Documentos\\New project\\ProyectoIA\\node_modules\\lightningcss-linux-x64-musl'
281 silly reify ]
282 verbose reify failed optional dependency C:\Users\USUARIO\OneDrive - Unicamacho-academico\Documentos\New project\ProyectoIA\node_modules\lightningcss-linux-x64-gnu
283 silly reify mark deleted [
283 silly reify   'C:\\Users\\USUARIO\\OneDrive - Unicamacho-academico\\Documentos\\New project\\ProyectoIA\\node_modules\\lightningcss-linux-x64-gnu'
283 silly reify ]
284 verbose reify failed optional dependency C:\Users\USUARIO\OneDrive - Unicamacho-academico\Documentos\New project\ProyectoIA\node_modules\lightningcss-linux-arm64-musl
285 silly reify mark deleted [
285 silly reify   'C:\\Users\\USUARIO\\OneDrive - Unicamacho-academico\\Documentos\\New project\\ProyectoIA\\node_modules\\lightningcss-linux-arm64-musl'
285 silly reify ]
286 verbose reify failed optional dependency C:\Users\USUARIO\OneDrive - Unicamacho-academico\Documentos\New project\ProyectoIA\node_modules\lightningcss-linux-arm64-gnu
287 silly reify mark deleted [
287 silly reify   'C:\\Users\\USUARIO\\OneDrive - Unicamacho-academico\\Documentos\\New project\\ProyectoIA\\node_modules\\lightningcss-linux-arm64-gnu'
287 silly reify ]
288 verbose reify failed optional dependency C:\Users\USUARIO\OneDrive - Unicamacho-academico\Documentos\New project\ProyectoIA\node_modules\lightningcss-linux-arm-gnueabihf
289 silly reify mark deleted [
289 silly reify   'C:\\Users\\USUARIO\\OneDrive - Unicamacho-academico\\Documentos\\New project\\ProyectoIA\\node_modules\\lightningcss-linux-arm-gnueabihf'
289 silly reify ]
290 verbose reify failed optional dependency C:\Users\USUARIO\OneDrive - Unicamacho-academico\Documentos\New project\ProyectoIA\node_modules\lightningcss-freebsd-x64
291 silly reify mark deleted [
291 silly reify   'C:\\Users\\USUARIO\\OneDrive - Unicamacho-academico\\Documentos\\New project\\ProyectoIA\\node_modules\\lightningcss-freebsd-x64'
291 silly reify ]
292 verbose reify failed optional dependency C:\Users\USUARIO\OneDrive - Unicamacho-academico\Documentos\New project\ProyectoIA\node_modules\lightningcss-darwin-x64
293 silly reify mark deleted [
293 silly reify   'C:\\Users\\USUARIO\\OneDrive - Unicamacho-academico\\Documentos\\New project\\ProyectoIA\\node_modules\\lightningcss-darwin-x64'
293 silly reify ]
294 verbose reify failed optional dependency C:\Users\USUARIO\OneDrive - Unicamacho-academico\Documentos\New project\ProyectoIA\node_modules\lightningcss-darwin-arm64
295 silly reify mark deleted [
295 silly reify   'C:\\Users\\USUARIO\\OneDrive - Unicamacho-academico\\Documentos\\New project\\ProyectoIA\\node_modules\\lightningcss-darwin-arm64'
295 silly reify ]
296 verbose reify failed optional dependency C:\Users\USUARIO\OneDrive - Unicamacho-academico\Documentos\New project\ProyectoIA\node_modules\lightningcss-android-arm64
297 silly reify mark deleted [
297 silly reify   'C:\\Users\\USUARIO\\OneDrive - Unicamacho-academico\\Documentos\\New project\\ProyectoIA\\node_modules\\lightningcss-android-arm64'
297 silly reify ]
298 verbose reify failed optional dependency C:\Users\USUARIO\OneDrive - Unicamacho-academico\Documentos\New project\ProyectoIA\node_modules\fsevents
299 silly reify mark deleted [
299 silly reify   'C:\\Users\\USUARIO\\OneDrive - Unicamacho-academico\\Documentos\\New project\\ProyectoIA\\node_modules\\fsevents'
299 silly reify ]
300 http cache @expo/xcpretty@https://registry.npmjs.org/@expo/xcpretty/-/xcpretty-4.4.4.tgz 0ms (cache hit)
301 http cache yaml@https://registry.npmjs.org/yaml/-/yaml-2.8.3.tgz 0ms (cache hit)
302 http cache which@https://registry.npmjs.org/which/-/which-2.0.2.tgz 1ms (cache hit)
303 http cache update-browserslist-db@https://registry.npmjs.org/update-browserslist-db/-/update-browserslist-db-1.2.3.tgz 0ms (cache hit)
304 http cache uuid@https://registry.npmjs.org/uuid/-/uuid-7.0.3.tgz 0ms (cache hit)
305 http cache terser@https://registry.npmjs.org/terser/-/terser-5.46.1.tgz 0ms (cache hit)
306 http cache ua-parser-js@https://registry.npmjs.org/ua-parser-js/-/ua-parser-js-1.0.41.tgz 0ms (cache hit)
307 http cache semver@https://registry.npmjs.org/semver/-/semver-6.3.1.tgz 1ms (cache hit)
308 http cache rimraf@https://registry.npmjs.org/rimraf/-/rimraf-3.0.2.tgz 0ms (cache hit)
309 http cache resolve@https://registry.npmjs.org/resolve/-/resolve-1.22.12.tgz 0ms (cache hit)
310 http cache react-native@https://registry.npmjs.org/react-native/-/react-native-0.83.6.tgz 0ms (cache hit)
311 http cache regjsparser@https://registry.npmjs.org/regjsparser/-/regjsparser-0.13.1.tgz 0ms (cache hit)
312 http cache qrcode@https://registry.npmjs.org/qrcode/-/qrcode-1.5.4.tgz 0ms (cache hit)
313 http cache nanoid@https://registry.npmjs.org/nanoid/-/nanoid-3.3.11.tgz 0ms (cache hit)
314 http cache mkdirp@https://registry.npmjs.org/mkdirp/-/mkdirp-1.0.4.tgz 0ms (cache hit)
315 http cache metro-symbolicate@https://registry.npmjs.org/metro-symbolicate/-/metro-symbolicate-0.83.6.tgz 0ms (cache hit)
316 http cache mime@https://registry.npmjs.org/mime/-/mime-1.6.0.tgz 0ms (cache hit)
317 http cache metro@https://registry.npmjs.org/metro/-/metro-0.83.6.tgz 0ms (cache hit)
318 http cache loose-envify@https://registry.npmjs.org/loose-envify/-/loose-envify-1.4.0.tgz 0ms (cache hit)
319 http cache lan-network@https://registry.npmjs.org/lan-network/-/lan-network-0.2.1.tgz 0ms (cache hit)
320 http cache json5@https://registry.npmjs.org/json5/-/json5-2.2.3.tgz 0ms (cache hit)
321 http cache jsesc@https://registry.npmjs.org/jsesc/-/jsesc-3.1.0.tgz 0ms (cache hit)
322 http cache js-yaml@https://registry.npmjs.org/js-yaml/-/js-yaml-3.14.2.tgz 0ms (cache hit)
323 http cache is-docker@https://registry.npmjs.org/is-docker/-/is-docker-2.2.1.tgz 0ms (cache hit)
324 http cache image-size@https://registry.npmjs.org/image-size/-/image-size-1.2.1.tgz 0ms (cache hit)
325 http cache expo@https://registry.npmjs.org/expo/-/expo-55.0.24.tgz 0ms (cache hit)
326 http cache expo-modules-autolinking@https://registry.npmjs.org/expo-modules-autolinking/-/expo-modules-autolinking-55.0.22.tgz 0ms (cache hit)
327 http cache chrome-launcher@https://registry.npmjs.org/chrome-launcher/-/chrome-launcher-0.15.2.tgz 0ms (cache hit)
328 http cache browserslist@https://registry.npmjs.org/browserslist/-/browserslist-4.28.2.tgz 0ms (cache hit)
329 http cache esprima@https://registry.npmjs.org/esprima/-/esprima-4.0.1.tgz 0ms (cache hit)
330 http cache baseline-browser-mapping@https://registry.npmjs.org/baseline-browser-mapping/-/baseline-browser-mapping-2.10.20.tgz 0ms (cache hit)
331 http cache acorn@https://registry.npmjs.org/acorn/-/acorn-8.16.0.tgz 0ms (cache hit)
332 http cache @react-native/debugger-frontend@https://registry.npmjs.org/@react-native/debugger-frontend/-/debugger-frontend-0.83.6.tgz 0ms (cache hit)
333 http cache @react-native/codegen@https://registry.npmjs.org/@react-native/codegen/-/codegen-0.85.2.tgz 1ms (cache hit)
334 http cache @react-native/debugger-shell@https://registry.npmjs.org/@react-native/debugger-shell/-/debugger-shell-0.83.6.tgz 0ms (cache hit)
335 http cache @react-native/babel-preset@https://registry.npmjs.org/@react-native/babel-preset/-/babel-preset-0.85.2.tgz 0ms (cache hit)
336 http cache @react-native/assets-registry@https://registry.npmjs.org/@react-native/assets-registry/-/assets-registry-0.83.6.tgz 0ms (cache hit)
337 http cache @expo/schema-utils@https://registry.npmjs.org/@expo/schema-utils/-/schema-utils-55.0.4.tgz 0ms (cache hit)
338 http cache @expo/vector-icons@https://registry.npmjs.org/@expo/vector-icons/-/vector-icons-15.1.1.tgz 0ms (cache hit)
339 http cache @expo/prebuild-config@https://registry.npmjs.org/@expo/prebuild-config/-/prebuild-config-55.0.18.tgz 0ms (cache hit)
340 http cache @expo/plist@https://registry.npmjs.org/@expo/plist/-/plist-0.5.3.tgz 0ms (cache hit)
341 http cache @expo/package-manager@https://registry.npmjs.org/@expo/package-manager/-/package-manager-1.10.5.tgz 0ms (cache hit)
342 http cache @expo/osascript@https://registry.npmjs.org/@expo/osascript/-/osascript-2.4.3.tgz 0ms (cache hit)
343 http cache @expo/metro@https://registry.npmjs.org/@expo/metro/-/metro-55.1.1.tgz 0ms (cache hit)
344 http cache @expo/log-box@https://registry.npmjs.org/@expo/log-box/-/log-box-55.0.12.tgz 0ms (cache hit)
345 http cache @expo/metro-config@https://registry.npmjs.org/@expo/metro-config/-/metro-config-55.0.21.tgz 0ms (cache hit)
346 http cache @expo/image-utils@https://registry.npmjs.org/@expo/image-utils/-/image-utils-0.8.14.tgz 0ms (cache hit)
347 http cache @expo/json-file@https://registry.npmjs.org/@expo/json-file/-/json-file-10.0.14.tgz 0ms (cache hit)
348 http cache @expo/fingerprint@https://registry.npmjs.org/@expo/fingerprint/-/fingerprint-0.16.7.tgz 0ms (cache hit)
349 http cache @expo/devcert@https://registry.npmjs.org/@expo/devcert/-/devcert-1.2.1.tgz 0ms (cache hit)
350 http cache @expo/local-build-cache-provider@https://registry.npmjs.org/@expo/local-build-cache-provider/-/local-build-cache-provider-55.0.13.tgz 0ms (cache hit)
351 http cache @expo/env@https://registry.npmjs.org/@expo/env/-/env-2.1.2.tgz 0ms (cache hit)
352 http cache @expo/dom-webview@https://registry.npmjs.org/@expo/dom-webview/-/dom-webview-55.0.6.tgz 0ms (cache hit)
353 http cache @expo/devtools@https://registry.npmjs.org/@expo/devtools/-/devtools-55.0.3.tgz 0ms (cache hit)
354 http cache @egjs/hammerjs@https://registry.npmjs.org/@egjs/hammerjs/-/hammerjs-2.0.17.tgz 0ms (cache hit)
355 http cache @expo/code-signing-certificates@https://registry.npmjs.org/@expo/code-signing-certificates/-/code-signing-certificates-0.0.6.tgz 0ms (cache hit)
356 http cache @expo/config-plugins@https://registry.npmjs.org/@expo/config-plugins/-/config-plugins-55.0.9.tgz 0ms (cache hit)
357 http cache @expo/config-types@https://registry.npmjs.org/@expo/config-types/-/config-types-55.0.5.tgz 0ms (cache hit)
358 http cache @babel/traverse@https://registry.npmjs.org/@babel/traverse/-/traverse-7.29.0.tgz 0ms (cache hit)
359 http cache @expo/config@https://registry.npmjs.org/@expo/config/-/config-55.0.17.tgz 0ms (cache hit)
360 http cache @babel/types@https://registry.npmjs.org/@babel/types/-/types-7.29.0.tgz 0ms (cache hit)
361 http cache @babel/template@https://registry.npmjs.org/@babel/template/-/template-7.28.6.tgz 0ms (cache hit)
362 http cache @babel/runtime@https://registry.npmjs.org/@babel/runtime/-/runtime-7.29.2.tgz 0ms (cache hit)
363 http cache @babel/plugin-transform-unicode-regex@https://registry.npmjs.org/@babel/plugin-transform-unicode-regex/-/plugin-transform-unicode-regex-7.27.1.tgz 0ms (cache hit)
364 http cache @babel/preset-typescript@https://registry.npmjs.org/@babel/preset-typescript/-/preset-typescript-7.28.5.tgz 0ms (cache hit)
365 http cache @babel/preset-react@https://registry.npmjs.org/@babel/preset-react/-/preset-react-7.28.5.tgz 0ms (cache hit)
366 http cache @babel/plugin-transform-typescript@https://registry.npmjs.org/@babel/plugin-transform-typescript/-/plugin-transform-typescript-7.28.6.tgz 0ms (cache hit)
367 http cache @babel/plugin-transform-sticky-regex@https://registry.npmjs.org/@babel/plugin-transform-sticky-regex/-/plugin-transform-sticky-regex-7.27.1.tgz 0ms (cache hit)
368 http cache @babel/plugin-transform-template-literals@https://registry.npmjs.org/@babel/plugin-transform-template-literals/-/plugin-transform-template-literals-7.27.1.tgz 0ms (cache hit)
369 http cache @babel/plugin-transform-shorthand-properties@https://registry.npmjs.org/@babel/plugin-transform-shorthand-properties/-/plugin-transform-shorthand-properties-7.27.1.tgz 0ms (cache hit)
370 http cache @babel/plugin-transform-spread@https://registry.npmjs.org/@babel/plugin-transform-spread/-/plugin-transform-spread-7.28.6.tgz 0ms (cache hit)
371 http cache @babel/plugin-transform-runtime@https://registry.npmjs.org/@babel/plugin-transform-runtime/-/plugin-transform-runtime-7.29.0.tgz 0ms (cache hit)
372 http cache @babel/plugin-transform-regenerator@https://registry.npmjs.org/@babel/plugin-transform-regenerator/-/plugin-transform-regenerator-7.29.0.tgz 0ms (cache hit)
373 http cache @babel/plugin-transform-react-jsx-source@https://registry.npmjs.org/@babel/plugin-transform-react-jsx-source/-/plugin-transform-react-jsx-source-7.27.1.tgz 0ms (cache hit)
374 http cache @babel/plugin-transform-react-pure-annotations@https://registry.npmjs.org/@babel/plugin-transform-react-pure-annotations/-/plugin-transform-react-pure-annotations-7.27.1.tgz 1ms (cache hit)
375 http cache @babel/plugin-transform-react-jsx-self@https://registry.npmjs.org/@babel/plugin-transform-react-jsx-self/-/plugin-transform-react-jsx-self-7.27.1.tgz 0ms (cache hit)
376 http cache @babel/plugin-transform-react-jsx@https://registry.npmjs.org/@babel/plugin-transform-react-jsx/-/plugin-transform-react-jsx-7.28.6.tgz 0ms (cache hit)
377 http cache @babel/plugin-transform-react-jsx-development@https://registry.npmjs.org/@babel/plugin-transform-react-jsx-development/-/plugin-transform-react-jsx-development-7.27.1.tgz 0ms (cache hit)
378 http cache @babel/plugin-transform-react-display-name@https://registry.npmjs.org/@babel/plugin-transform-react-display-name/-/plugin-transform-react-display-name-7.28.0.tgz 0ms (cache hit)
379 http cache @babel/plugin-transform-private-property-in-object@https://registry.npmjs.org/@babel/plugin-transform-private-property-in-object/-/plugin-transform-private-property-in-object-7.28.6.tgz 0ms (cache hit)
380 http cache @babel/plugin-transform-parameters@https://registry.npmjs.org/@babel/plugin-transform-parameters/-/plugin-transform-parameters-7.27.7.tgz 0ms (cache hit)
381 http cache @babel/plugin-transform-optional-chaining@https://registry.npmjs.org/@babel/plugin-transform-optional-chaining/-/plugin-transform-optional-chaining-7.28.6.tgz 0ms (cache hit)
382 http cache @babel/plugin-transform-private-methods@https://registry.npmjs.org/@babel/plugin-transform-private-methods/-/plugin-transform-private-methods-7.28.6.tgz 0ms (cache hit)
383 http cache @babel/plugin-transform-optional-catch-binding@https://registry.npmjs.org/@babel/plugin-transform-optional-catch-binding/-/plugin-transform-optional-catch-binding-7.28.6.tgz 0ms (cache hit)
384 http cache @babel/plugin-transform-numeric-separator@https://registry.npmjs.org/@babel/plugin-transform-numeric-separator/-/plugin-transform-numeric-separator-7.28.6.tgz 0ms (cache hit)
385 http cache @babel/plugin-transform-nullish-coalescing-operator@https://registry.npmjs.org/@babel/plugin-transform-nullish-coalescing-operator/-/plugin-transform-nullish-coalescing-operator-7.28.6.tgz 0ms (cache hit)
386 http cache @babel/plugin-transform-named-capturing-groups-regex@https://registry.npmjs.org/@babel/plugin-transform-named-capturing-groups-regex/-/plugin-transform-named-capturing-groups-regex-7.29.0.tgz 0ms (cache hit)
387 http cache @babel/plugin-transform-object-rest-spread@https://registry.npmjs.org/@babel/plugin-transform-object-rest-spread/-/plugin-transform-object-rest-spread-7.28.6.tgz 0ms (cache hit)
388 http cache @babel/plugin-transform-logical-assignment-operators@https://registry.npmjs.org/@babel/plugin-transform-logical-assignment-operators/-/plugin-transform-logical-assignment-operators-7.28.6.tgz 0ms (cache hit)
389 http cache @babel/plugin-transform-modules-commonjs@https://registry.npmjs.org/@babel/plugin-transform-modules-commonjs/-/plugin-transform-modules-commonjs-7.28.6.tgz 0ms (cache hit)
390 http cache @babel/plugin-transform-literals@https://registry.npmjs.org/@babel/plugin-transform-literals/-/plugin-transform-literals-7.27.1.tgz 0ms (cache hit)
391 http cache @babel/plugin-transform-function-name@https://registry.npmjs.org/@babel/plugin-transform-function-name/-/plugin-transform-function-name-7.27.1.tgz 0ms (cache hit)
392 http cache @babel/plugin-transform-flow-strip-types@https://registry.npmjs.org/@babel/plugin-transform-flow-strip-types/-/plugin-transform-flow-strip-types-7.27.1.tgz 0ms (cache hit)
393 http cache @babel/plugin-transform-for-of@https://registry.npmjs.org/@babel/plugin-transform-for-of/-/plugin-transform-for-of-7.27.1.tgz 0ms (cache hit)
394 http cache @babel/plugin-transform-export-namespace-from@https://registry.npmjs.org/@babel/plugin-transform-export-namespace-from/-/plugin-transform-export-namespace-from-7.27.1.tgz 0ms (cache hit)
395 http cache @babel/plugin-transform-destructuring@https://registry.npmjs.org/@babel/plugin-transform-destructuring/-/plugin-transform-destructuring-7.28.5.tgz 0ms (cache hit)
396 http cache @babel/plugin-transform-computed-properties@https://registry.npmjs.org/@babel/plugin-transform-computed-properties/-/plugin-transform-computed-properties-7.28.6.tgz 0ms (cache hit)
397 http cache @babel/plugin-transform-classes@https://registry.npmjs.org/@babel/plugin-transform-classes/-/plugin-transform-classes-7.28.6.tgz 0ms (cache hit)
398 http cache @babel/plugin-transform-class-static-block@https://registry.npmjs.org/@babel/plugin-transform-class-static-block/-/plugin-transform-class-static-block-7.28.6.tgz 0ms (cache hit)
399 http cache @babel/plugin-transform-block-scoping@https://registry.npmjs.org/@babel/plugin-transform-block-scoping/-/plugin-transform-block-scoping-7.28.6.tgz 0ms (cache hit)
400 http cache @babel/plugin-transform-async-to-generator@https://registry.npmjs.org/@babel/plugin-transform-async-to-generator/-/plugin-transform-async-to-generator-7.28.6.tgz 0ms (cache hit)
401 http cache @babel/plugin-transform-class-properties@https://registry.npmjs.org/@babel/plugin-transform-class-properties/-/plugin-transform-class-properties-7.28.6.tgz 0ms (cache hit)
402 http cache @babel/plugin-transform-async-generator-functions@https://registry.npmjs.org/@babel/plugin-transform-async-generator-functions/-/plugin-transform-async-generator-functions-7.29.0.tgz 0ms (cache hit)
403 http cache @babel/plugin-transform-arrow-functions@https://registry.npmjs.org/@babel/plugin-transform-arrow-functions/-/plugin-transform-arrow-functions-7.27.1.tgz 0ms (cache hit)
404 http cache @babel/plugin-syntax-typescript@https://registry.npmjs.org/@babel/plugin-syntax-typescript/-/plugin-syntax-typescript-7.28.6.tgz 0ms (cache hit)
405 http cache @babel/plugin-syntax-private-property-in-object@https://registry.npmjs.org/@babel/plugin-syntax-private-property-in-object/-/plugin-syntax-private-property-in-object-7.14.5.tgz 0ms (cache hit)
406 http cache @babel/plugin-syntax-top-level-await@https://registry.npmjs.org/@babel/plugin-syntax-top-level-await/-/plugin-syntax-top-level-await-7.14.5.tgz 0ms (cache hit)
407 http cache @babel/plugin-syntax-optional-chaining@https://registry.npmjs.org/@babel/plugin-syntax-optional-chaining/-/plugin-syntax-optional-chaining-7.8.3.tgz 0ms (cache hit)
408 http cache @babel/plugin-syntax-optional-catch-binding@https://registry.npmjs.org/@babel/plugin-syntax-optional-catch-binding/-/plugin-syntax-optional-catch-binding-7.8.3.tgz 0ms (cache hit)
409 http cache @babel/plugin-syntax-object-rest-spread@https://registry.npmjs.org/@babel/plugin-syntax-object-rest-spread/-/plugin-syntax-object-rest-spread-7.8.3.tgz 0ms (cache hit)
410 http cache @babel/plugin-syntax-numeric-separator@https://registry.npmjs.org/@babel/plugin-syntax-numeric-separator/-/plugin-syntax-numeric-separator-7.10.4.tgz 0ms (cache hit)
411 http cache @babel/plugin-syntax-nullish-coalescing-operator@https://registry.npmjs.org/@babel/plugin-syntax-nullish-coalescing-operator/-/plugin-syntax-nullish-coalescing-operator-7.8.3.tgz 0ms (cache hit)
412 http cache @babel/plugin-syntax-jsx@https://registry.npmjs.org/@babel/plugin-syntax-jsx/-/plugin-syntax-jsx-7.28.6.tgz 0ms (cache hit)
413 http cache @babel/plugin-syntax-import-attributes@https://registry.npmjs.org/@babel/plugin-syntax-import-attributes/-/plugin-syntax-import-attributes-7.28.6.tgz 0ms (cache hit)
414 http cache @babel/plugin-syntax-logical-assignment-operators@https://registry.npmjs.org/@babel/plugin-syntax-logical-assignment-operators/-/plugin-syntax-logical-assignment-operators-7.10.4.tgz 0ms (cache hit)
415 http cache @babel/plugin-syntax-json-strings@https://registry.npmjs.org/@babel/plugin-syntax-json-strings/-/plugin-syntax-json-strings-7.8.3.tgz 0ms (cache hit)
416 http cache @babel/plugin-syntax-dynamic-import@https://registry.npmjs.org/@babel/plugin-syntax-dynamic-import/-/plugin-syntax-dynamic-import-7.8.3.tgz 0ms (cache hit)
417 http cache @babel/plugin-syntax-import-meta@https://registry.npmjs.org/@babel/plugin-syntax-import-meta/-/plugin-syntax-import-meta-7.10.4.tgz 0ms (cache hit)
418 http cache @babel/plugin-syntax-export-default-from@https://registry.npmjs.org/@babel/plugin-syntax-export-default-from/-/plugin-syntax-export-default-from-7.28.6.tgz 0ms (cache hit)
419 http cache @babel/plugin-syntax-flow@https://registry.npmjs.org/@babel/plugin-syntax-flow/-/plugin-syntax-flow-7.28.6.tgz 0ms (cache hit)
420 http cache @babel/plugin-syntax-class-properties@https://registry.npmjs.org/@babel/plugin-syntax-class-properties/-/plugin-syntax-class-properties-7.12.13.tgz 0ms (cache hit)
421 http cache @babel/plugin-syntax-decorators@https://registry.npmjs.org/@babel/plugin-syntax-decorators/-/plugin-syntax-decorators-7.28.6.tgz 0ms (cache hit)
422 http cache @babel/plugin-syntax-class-static-block@https://registry.npmjs.org/@babel/plugin-syntax-class-static-block/-/plugin-syntax-class-static-block-7.14.5.tgz 0ms (cache hit)
423 http cache @babel/plugin-syntax-async-generators@https://registry.npmjs.org/@babel/plugin-syntax-async-generators/-/plugin-syntax-async-generators-7.8.4.tgz 0ms (cache hit)
424 http cache @babel/plugin-syntax-bigint@https://registry.npmjs.org/@babel/plugin-syntax-bigint/-/plugin-syntax-bigint-7.8.3.tgz 0ms (cache hit)
425 http cache @babel/plugin-proposal-decorators@https://registry.npmjs.org/@babel/plugin-proposal-decorators/-/plugin-proposal-decorators-7.29.0.tgz 0ms (cache hit)
426 http cache @babel/plugin-proposal-export-default-from@https://registry.npmjs.org/@babel/plugin-proposal-export-default-from/-/plugin-proposal-export-default-from-7.27.1.tgz 0ms (cache hit)
427 http cache @babel/parser@https://registry.npmjs.org/@babel/parser/-/parser-7.29.2.tgz 0ms (cache hit)
428 http cache @babel/helper-validator-option@https://registry.npmjs.org/@babel/helper-validator-option/-/helper-validator-option-7.27.1.tgz 0ms (cache hit)
429 http cache @babel/helpers@https://registry.npmjs.org/@babel/helpers/-/helpers-7.29.2.tgz 0ms (cache hit)
430 http cache @babel/helper-wrap-function@https://registry.npmjs.org/@babel/helper-wrap-function/-/helper-wrap-function-7.28.6.tgz 0ms (cache hit)
431 http cache @babel/helper-validator-identifier@https://registry.npmjs.org/@babel/helper-validator-identifier/-/helper-validator-identifier-7.28.5.tgz 0ms (cache hit)
432 http cache @babel/helper-string-parser@https://registry.npmjs.org/@babel/helper-string-parser/-/helper-string-parser-7.27.1.tgz 0ms (cache hit)
433 http cache @babel/helper-replace-supers@https://registry.npmjs.org/@babel/helper-replace-supers/-/helper-replace-supers-7.28.6.tgz 0ms (cache hit)
434 http cache @babel/helper-skip-transparent-expression-wrappers@https://registry.npmjs.org/@babel/helper-skip-transparent-expression-wrappers/-/helper-skip-transparent-expression-wrappers-7.27.1.tgz 0ms (cache hit)
435 http cache @babel/helper-remap-async-to-generator@https://registry.npmjs.org/@babel/helper-remap-async-to-generator/-/helper-remap-async-to-generator-7.27.1.tgz 0ms (cache hit)
436 http cache @babel/helper-module-imports@https://registry.npmjs.org/@babel/helper-module-imports/-/helper-module-imports-7.28.6.tgz 0ms (cache hit)
437 http cache @babel/helper-plugin-utils@https://registry.npmjs.org/@babel/helper-plugin-utils/-/helper-plugin-utils-7.28.6.tgz 0ms (cache hit)
438 http cache @babel/helper-module-transforms@https://registry.npmjs.org/@babel/helper-module-transforms/-/helper-module-transforms-7.28.6.tgz 0ms (cache hit)
439 http cache @babel/helper-optimise-call-expression@https://registry.npmjs.org/@babel/helper-optimise-call-expression/-/helper-optimise-call-expression-7.27.1.tgz 0ms (cache hit)
440 http cache @babel/helper-member-expression-to-functions@https://registry.npmjs.org/@babel/helper-member-expression-to-functions/-/helper-member-expression-to-functions-7.28.5.tgz 0ms (cache hit)
441 http cache @babel/helper-globals@https://registry.npmjs.org/@babel/helper-globals/-/helper-globals-7.28.0.tgz 0ms (cache hit)
442 http cache @babel/helper-define-polyfill-provider@https://registry.npmjs.org/@babel/helper-define-polyfill-provider/-/helper-define-polyfill-provider-0.6.8.tgz 0ms (cache hit)
443 http cache @babel/helper-compilation-targets@https://registry.npmjs.org/@babel/helper-compilation-targets/-/helper-compilation-targets-7.28.6.tgz 0ms (cache hit)
444 http cache @babel/helper-create-regexp-features-plugin@https://registry.npmjs.org/@babel/helper-create-regexp-features-plugin/-/helper-create-regexp-features-plugin-7.28.5.tgz 0ms (cache hit)
445 http cache @babel/helper-create-class-features-plugin@https://registry.npmjs.org/@babel/helper-create-class-features-plugin/-/helper-create-class-features-plugin-7.28.6.tgz 0ms (cache hit)
446 http cache @babel/helper-annotate-as-pure@https://registry.npmjs.org/@babel/helper-annotate-as-pure/-/helper-annotate-as-pure-7.27.3.tgz 0ms (cache hit)
447 http cache @babel/generator@https://registry.npmjs.org/@babel/generator/-/generator-7.29.1.tgz 0ms (cache hit)
448 http cache @babel/core@https://registry.npmjs.org/@babel/core/-/core-7.29.0.tgz 0ms (cache hit)
449 http cache @babel/compat-data@https://registry.npmjs.org/@babel/compat-data/-/compat-data-7.29.0.tgz 0ms (cache hit)
450 http cache @babel/code-frame@https://registry.npmjs.org/@babel/code-frame/-/code-frame-7.29.0.tgz 0ms (cache hit)
451 http cache hermes-compiler@https://registry.npmjs.org/hermes-compiler/-/hermes-compiler-0.14.1.tgz 0ms (cache hit)
452 http cache fb-dotslash@https://registry.npmjs.org/fb-dotslash/-/fb-dotslash-0.5.8.tgz 0ms (cache hit)
453 http cache expo-modules-core@https://registry.npmjs.org/expo-modules-core/-/expo-modules-core-55.0.25.tgz 0ms (cache hit)
454 http cache expo-media-library@https://registry.npmjs.org/expo-media-library/-/expo-media-library-55.0.17.tgz 1ms (cache hit)
455 http cache expo-file-system@https://registry.npmjs.org/expo-file-system/-/expo-file-system-55.0.20.tgz 0ms (cache hit)
456 http cache expo-camera@https://registry.npmjs.org/expo-camera/-/expo-camera-55.0.18.tgz 0ms (cache hit)
457 http cache camelcase@https://registry.npmjs.org/camelcase/-/camelcase-5.3.1.tgz 0ms (cache hit)
458 http cache js-yaml@https://registry.npmjs.org/js-yaml/-/js-yaml-4.1.1.tgz 0ms (cache hit)
459 http cache semver@https://registry.npmjs.org/semver/-/semver-7.7.4.tgz 0ms (cache hit)
460 http cache metro-runtime@https://registry.npmjs.org/metro-runtime/-/metro-runtime-0.83.6.tgz 0ms (cache hit)
461 http cache argparse@https://registry.npmjs.org/argparse/-/argparse-2.0.1.tgz 0ms (cache hit)
462 http cache metro-config@https://registry.npmjs.org/metro-config/-/metro-config-0.83.6.tgz 0ms (cache hit)
463 http cache type-fest@https://registry.npmjs.org/type-fest/-/type-fest-5.6.0.tgz 0ms (cache hit)
464 http cache xmlbuilder@https://registry.npmjs.org/xmlbuilder/-/xmlbuilder-11.0.1.tgz 0ms (cache hit)
465 http cache fdir@https://registry.npmjs.org/fdir/-/fdir-6.5.0.tgz 0ms (cache hit)
466 http cache picomatch@https://registry.npmjs.org/picomatch/-/picomatch-4.0.4.tgz 0ms (cache hit)
467 http cache commander@https://registry.npmjs.org/commander/-/commander-2.20.3.tgz 0ms (cache hit)
468 http cache glob@https://registry.npmjs.org/glob/-/glob-7.2.3.tgz 0ms (cache hit)
469 http cache minimatch@https://registry.npmjs.org/minimatch/-/minimatch-3.1.5.tgz 0ms (cache hit)
470 http cache escape-string-regexp@https://registry.npmjs.org/escape-string-regexp/-/escape-string-regexp-2.0.0.tgz 0ms (cache hit)
471 http cache brace-expansion@https://registry.npmjs.org/brace-expansion/-/brace-expansion-1.1.14.tgz 0ms (cache hit)
472 http cache encodeurl@https://registry.npmjs.org/encodeurl/-/encodeurl-2.0.0.tgz 0ms (cache hit)
473 http cache source-map@https://registry.npmjs.org/source-map/-/source-map-0.6.1.tgz 0ms (cache hit)
474 http cache statuses@https://registry.npmjs.org/statuses/-/statuses-2.0.2.tgz 0ms (cache hit)
475 http cache encodeurl@https://registry.npmjs.org/encodeurl/-/encodeurl-2.0.0.tgz 0ms (cache hit)
476 http cache ms@https://registry.npmjs.org/ms/-/ms-2.0.0.tgz 0ms (cache hit)
477 http cache on-finished@https://registry.npmjs.org/on-finished/-/on-finished-2.4.1.tgz 0ms (cache hit)
478 http cache minimatch@https://registry.npmjs.org/minimatch/-/minimatch-3.1.5.tgz 0ms (cache hit)
479 http cache debug@https://registry.npmjs.org/debug/-/debug-2.6.9.tgz 0ms (cache hit)
480 http cache glob@https://registry.npmjs.org/glob/-/glob-7.2.3.tgz 0ms (cache hit)
481 http cache @react-native/normalize-colors@https://registry.npmjs.org/@react-native/normalize-colors/-/normalize-colors-0.74.89.tgz 0ms (cache hit)
482 http cache brace-expansion@https://registry.npmjs.org/brace-expansion/-/brace-expansion-1.1.14.tgz 0ms (cache hit)
483 http cache semver@https://registry.npmjs.org/semver/-/semver-7.7.4.tgz 0ms (cache hit)
484 http cache semver@https://registry.npmjs.org/semver/-/semver-7.7.3.tgz 0ms (cache hit)
485 http cache memoize-one@https://registry.npmjs.org/memoize-one/-/memoize-one-6.0.0.tgz 1ms (cache hit)
486 http cache react-native-is-edge-to-edge@https://registry.npmjs.org/react-native-is-edge-to-edge/-/react-native-is-edge-to-edge-1.2.1.tgz 0ms (cache hit)
487 http cache @react-native/virtualized-lists@https://registry.npmjs.org/@react-native/virtualized-lists/-/virtualized-lists-0.83.6.tgz 0ms (cache hit)
488 http cache react-refresh@https://registry.npmjs.org/react-refresh/-/react-refresh-0.14.2.tgz 0ms (cache hit)
489 http cache semver@https://registry.npmjs.org/semver/-/semver-7.7.4.tgz 0ms (cache hit)
490 http cache @react-native/js-polyfills@https://registry.npmjs.org/@react-native/js-polyfills/-/js-polyfills-0.83.6.tgz 0ms (cache hit)
491 http cache @react-native/codegen@https://registry.npmjs.org/@react-native/codegen/-/codegen-0.83.6.tgz 0ms (cache hit)
492 http cache minimatch@https://registry.npmjs.org/minimatch/-/minimatch-3.1.5.tgz 0ms (cache hit)
493 http cache metro-runtime@https://registry.npmjs.org/metro-runtime/-/metro-runtime-0.83.6.tgz 0ms (cache hit)
494 http cache hermes-parser@https://registry.npmjs.org/hermes-parser/-/hermes-parser-0.32.0.tgz 0ms (cache hit)
495 http cache hermes-estree@https://registry.npmjs.org/hermes-estree/-/hermes-estree-0.32.0.tgz 0ms (cache hit)
496 http cache glob@https://registry.npmjs.org/glob/-/glob-7.2.3.tgz 0ms (cache hit)
497 http cache commander@https://registry.npmjs.org/commander/-/commander-12.1.0.tgz 0ms (cache hit)
498 http cache babel-plugin-syntax-hermes-parser@https://registry.npmjs.org/babel-plugin-syntax-hermes-parser/-/babel-plugin-syntax-hermes-parser-0.32.0.tgz 0ms (cache hit)
499 http cache brace-expansion@https://registry.npmjs.org/brace-expansion/-/brace-expansion-1.1.14.tgz 0ms (cache hit)
500 http cache y18n@https://registry.npmjs.org/y18n/-/y18n-4.0.3.tgz 0ms (cache hit)
501 http cache yargs-parser@https://registry.npmjs.org/yargs-parser/-/yargs-parser-18.1.3.tgz 0ms (cache hit)
502 http cache wrap-ansi@https://registry.npmjs.org/wrap-ansi/-/wrap-ansi-6.2.0.tgz 0ms (cache hit)
503 http cache yargs@https://registry.npmjs.org/yargs/-/yargs-15.4.1.tgz 0ms (cache hit)
504 http cache cliui@https://registry.npmjs.org/cliui/-/cliui-6.0.0.tgz 1ms (cache hit)
505 http cache pngjs@https://registry.npmjs.org/pngjs/-/pngjs-5.0.0.tgz 0ms (cache hit)
506 http cache camelcase@https://registry.npmjs.org/camelcase/-/camelcase-5.3.1.tgz 0ms (cache hit)
507 http cache react-is@https://registry.npmjs.org/react-is/-/react-is-18.3.1.tgz 0ms (cache hit)
508 http cache react-is@https://registry.npmjs.org/react-is/-/react-is-16.13.1.tgz 0ms (cache hit)
509 http cache ansi-styles@https://registry.npmjs.org/ansi-styles/-/ansi-styles-5.2.0.tgz 0ms (cache hit)
510 http cache p-limit@https://registry.npmjs.org/p-limit/-/p-limit-2.3.0.tgz 0ms (cache hit)
511 http cache lru-cache@https://registry.npmjs.org/lru-cache/-/lru-cache-11.3.5.tgz 0ms (cache hit)
512 http cache supports-color@https://registry.npmjs.org/supports-color/-/supports-color-5.5.0.tgz 0ms (cache hit)
513 http cache strip-ansi@https://registry.npmjs.org/strip-ansi/-/strip-ansi-5.2.0.tgz 0ms (cache hit)
514 http cache has-flag@https://registry.npmjs.org/has-flag/-/has-flag-3.0.0.tgz 0ms (cache hit)
515 http cache escape-string-regexp@https://registry.npmjs.org/escape-string-regexp/-/escape-string-regexp-1.0.5.tgz 0ms (cache hit)
516 http cache color-name@https://registry.npmjs.org/color-name/-/color-name-1.1.3.tgz 0ms (cache hit)
517 http cache color-convert@https://registry.npmjs.org/color-convert/-/color-convert-1.9.3.tgz 0ms (cache hit)
518 http cache chalk@https://registry.npmjs.org/chalk/-/chalk-2.4.2.tgz 0ms (cache hit)
519 http cache ansi-styles@https://registry.npmjs.org/ansi-styles/-/ansi-styles-3.2.1.tgz 0ms (cache hit)
520 http cache semver@https://registry.npmjs.org/semver/-/semver-7.8.0.tgz 0ms (cache hit)
521 http cache ansi-regex@https://registry.npmjs.org/ansi-regex/-/ansi-regex-4.1.1.tgz 0ms (cache hit)
522 http cache ob1@https://registry.npmjs.org/ob1/-/ob1-0.84.3.tgz 0ms (cache hit)
523 http cache metro-transform-worker@https://registry.npmjs.org/metro-transform-worker/-/metro-transform-worker-0.84.3.tgz 0ms (cache hit)
524 http cache metro-symbolicate@https://registry.npmjs.org/metro-symbolicate/-/metro-symbolicate-0.84.3.tgz 0ms (cache hit)
525 http cache metro-transform-plugins@https://registry.npmjs.org/metro-transform-plugins/-/metro-transform-plugins-0.84.3.tgz 0ms (cache hit)
526 http cache metro-source-map@https://registry.npmjs.org/metro-source-map/-/metro-source-map-0.84.3.tgz 0ms (cache hit)
527 http cache metro-resolver@https://registry.npmjs.org/metro-resolver/-/metro-resolver-0.84.3.tgz 0ms (cache hit)
528 http cache metro-minify-terser@https://registry.npmjs.org/metro-minify-terser/-/metro-minify-terser-0.84.3.tgz 0ms (cache hit)
529 http cache metro-file-map@https://registry.npmjs.org/metro-file-map/-/metro-file-map-0.84.3.tgz 0ms (cache hit)
530 http cache metro-cache-key@https://registry.npmjs.org/metro-cache-key/-/metro-cache-key-0.84.3.tgz 0ms (cache hit)
531 http cache metro-core@https://registry.npmjs.org/metro-core/-/metro-core-0.84.3.tgz 0ms (cache hit)
532 http cache metro-cache@https://registry.npmjs.org/metro-cache/-/metro-cache-0.84.3.tgz 0ms (cache hit)
533 http cache hermes-parser@https://registry.npmjs.org/hermes-parser/-/hermes-parser-0.35.0.tgz 0ms (cache hit)
534 http cache metro-babel-transformer@https://registry.npmjs.org/metro-babel-transformer/-/metro-babel-transformer-0.84.3.tgz 0ms (cache hit)
535 http cache metro-runtime@https://registry.npmjs.org/metro-runtime/-/metro-runtime-0.83.6.tgz 0ms (cache hit)
536 http cache metro@https://registry.npmjs.org/metro/-/metro-0.84.3.tgz 0ms (cache hit)
537 http cache hermes-parser@https://registry.npmjs.org/hermes-parser/-/hermes-parser-0.35.0.tgz 0ms (cache hit)
538 http cache hermes-estree@https://registry.npmjs.org/hermes-estree/-/hermes-estree-0.35.0.tgz 0ms (cache hit)
539 http cache hermes-estree@https://registry.npmjs.org/hermes-estree/-/hermes-estree-0.35.0.tgz 0ms (cache hit)
540 http cache supports-color@https://registry.npmjs.org/supports-color/-/supports-color-5.5.0.tgz 0ms (cache hit)
541 http cache has-flag@https://registry.npmjs.org/has-flag/-/has-flag-3.0.0.tgz 0ms (cache hit)
542 http cache hermes-estree@https://registry.npmjs.org/hermes-estree/-/hermes-estree-0.35.0.tgz 0ms (cache hit)
543 http cache escape-string-regexp@https://registry.npmjs.org/escape-string-regexp/-/escape-string-regexp-1.0.5.tgz 0ms (cache hit)
544 http cache hermes-parser@https://registry.npmjs.org/hermes-parser/-/hermes-parser-0.35.0.tgz 0ms (cache hit)
545 http cache color-name@https://registry.npmjs.org/color-name/-/color-name-1.1.3.tgz 0ms (cache hit)
546 http cache color-convert@https://registry.npmjs.org/color-convert/-/color-convert-1.9.3.tgz 0ms (cache hit)
547 http cache chalk@https://registry.npmjs.org/chalk/-/chalk-2.4.2.tgz 0ms (cache hit)
548 http cache metro-config@https://registry.npmjs.org/metro-config/-/metro-config-0.83.6.tgz 0ms (cache hit)
549 http cache ansi-styles@https://registry.npmjs.org/ansi-styles/-/ansi-styles-3.2.1.tgz 0ms (cache hit)
550 http cache supports-color@https://registry.npmjs.org/supports-color/-/supports-color-8.1.1.tgz 0ms (cache hit)
551 http cache ms@https://registry.npmjs.org/ms/-/ms-2.0.0.tgz 0ms (cache hit)
552 http cache ci-info@https://registry.npmjs.org/ci-info/-/ci-info-3.9.0.tgz 0ms (cache hit)
553 http cache debug@https://registry.npmjs.org/debug/-/debug-2.6.9.tgz 0ms (cache hit)
554 http cache statuses@https://registry.npmjs.org/statuses/-/statuses-2.0.2.tgz 0ms (cache hit)
555 http cache react-is@https://registry.npmjs.org/react-is/-/react-is-16.13.1.tgz 0ms (cache hit)
556 http cache ms@https://registry.npmjs.org/ms/-/ms-2.0.0.tgz 0ms (cache hit)
557 http cache debug@https://registry.npmjs.org/debug/-/debug-2.6.9.tgz 0ms (cache hit)
558 http cache @expo/cli@https://registry.npmjs.org/@expo/cli/-/cli-55.0.30.tgz 0ms (cache hit)
559 http cache promise@https://registry.npmjs.org/promise/-/promise-7.3.1.tgz 0ms (cache hit)
560 http cache @expo/router-server@https://registry.npmjs.org/@expo/router-server/-/router-server-55.0.16.tgz 0ms (cache hit)
561 http cache ws@https://registry.npmjs.org/ws/-/ws-8.20.1.tgz 0ms (cache hit)
562 http cache react-refresh@https://registry.npmjs.org/react-refresh/-/react-refresh-0.14.2.tgz 0ms (cache hit)
563 http cache semver@https://registry.npmjs.org/semver/-/semver-7.8.0.tgz 0ms (cache hit)
564 http cache picomatch@https://registry.npmjs.org/picomatch/-/picomatch-4.0.4.tgz 0ms (cache hit)
565 http cache lru-cache@https://registry.npmjs.org/lru-cache/-/lru-cache-10.4.3.tgz 0ms (cache hit)
566 http cache negotiator@https://registry.npmjs.org/negotiator/-/negotiator-0.6.3.tgz 0ms (cache hit)
567 http cache ci-info@https://registry.npmjs.org/ci-info/-/ci-info-3.9.0.tgz 0ms (cache hit)
568 http cache mime-types@https://registry.npmjs.org/mime-types/-/mime-types-2.1.35.tgz 0ms (cache hit)
569 http cache accepts@https://registry.npmjs.org/accepts/-/accepts-1.3.8.tgz 0ms (cache hit)
570 http cache source-map@https://registry.npmjs.org/source-map/-/source-map-0.6.1.tgz 0ms (cache hit)
571 http cache ms@https://registry.npmjs.org/ms/-/ms-2.0.0.tgz 0ms (cache hit)
572 http cache debug@https://registry.npmjs.org/debug/-/debug-2.6.9.tgz 0ms (cache hit)
573 http cache negotiator@https://registry.npmjs.org/negotiator/-/negotiator-0.6.4.tgz 0ms (cache hit)
574 http cache ms@https://registry.npmjs.org/ms/-/ms-2.0.0.tgz 0ms (cache hit)
575 http cache balanced-match@https://registry.npmjs.org/balanced-match/-/balanced-match-4.0.4.tgz 0ms (cache hit)
576 http cache debug@https://registry.npmjs.org/debug/-/debug-2.6.9.tgz 0ms (cache hit)
577 http cache open@https://registry.npmjs.org/open/-/open-8.4.2.tgz 0ms (cache hit)
578 http cache @react-native/babel-preset@https://registry.npmjs.org/@react-native/babel-preset/-/babel-preset-0.83.6.tgz 0ms (cache hit)
579 http cache @react-native/codegen@https://registry.npmjs.org/@react-native/codegen/-/codegen-0.83.6.tgz 0ms (cache hit)
580 http cache babel-plugin-syntax-hermes-parser@https://registry.npmjs.org/babel-plugin-syntax-hermes-parser/-/babel-plugin-syntax-hermes-parser-0.32.0.tgz 0ms (cache hit)
581 http cache @react-native/babel-plugin-codegen@https://registry.npmjs.org/@react-native/babel-plugin-codegen/-/babel-plugin-codegen-0.83.6.tgz 0ms (cache hit)
582 http cache minimatch@https://registry.npmjs.org/minimatch/-/minimatch-3.1.5.tgz 0ms (cache hit)
583 http cache hermes-estree@https://registry.npmjs.org/hermes-estree/-/hermes-estree-0.32.0.tgz 0ms (cache hit)
584 http cache hermes-parser@https://registry.npmjs.org/hermes-parser/-/hermes-parser-0.32.0.tgz 0ms (cache hit)
585 http cache glob@https://registry.npmjs.org/glob/-/glob-7.2.3.tgz 0ms (cache hit)
586 http cache hermes-parser@https://registry.npmjs.org/hermes-parser/-/hermes-parser-0.32.1.tgz 0ms (cache hit)
587 http cache brace-expansion@https://registry.npmjs.org/brace-expansion/-/brace-expansion-1.1.14.tgz 0ms (cache hit)
588 http cache hermes-estree@https://registry.npmjs.org/hermes-estree/-/hermes-estree-0.32.1.tgz 0ms (cache hit)
589 http cache babel-plugin-syntax-hermes-parser@https://registry.npmjs.org/babel-plugin-syntax-hermes-parser/-/babel-plugin-syntax-hermes-parser-0.32.1.tgz 0ms (cache hit)
590 http cache type-fest@https://registry.npmjs.org/type-fest/-/type-fest-0.21.3.tgz 0ms (cache hit)
591 http cache react-refresh@https://registry.npmjs.org/react-refresh/-/react-refresh-0.14.2.tgz 0ms (cache hit)
592 http cache semver@https://registry.npmjs.org/semver/-/semver-7.8.0.tgz 0ms (cache hit)
593 http cache react-refresh@https://registry.npmjs.org/react-refresh/-/react-refresh-0.14.2.tgz 0ms (cache hit)
594 http cache mime-db@https://registry.npmjs.org/mime-db/-/mime-db-1.52.0.tgz 1ms (cache hit)
595 http cache ob1@https://registry.npmjs.org/ob1/-/ob1-0.83.7.tgz 0ms (cache hit)
596 http cache picomatch@https://registry.npmjs.org/picomatch/-/picomatch-4.0.4.tgz 0ms (cache hit)
597 http cache hermes-parser@https://registry.npmjs.org/hermes-parser/-/hermes-parser-0.32.1.tgz 0ms (cache hit)
598 http cache hermes-estree@https://registry.npmjs.org/hermes-estree/-/hermes-estree-0.32.1.tgz 0ms (cache hit)
599 http cache metro-transform-worker@https://registry.npmjs.org/metro-transform-worker/-/metro-transform-worker-0.83.7.tgz 0ms (cache hit)
600 http cache metro-transform-plugins@https://registry.npmjs.org/metro-transform-plugins/-/metro-transform-plugins-0.83.7.tgz 0ms (cache hit)
601 http cache metro-symbolicate@https://registry.npmjs.org/metro-symbolicate/-/metro-symbolicate-0.83.7.tgz 0ms (cache hit)
602 http cache metro-source-map@https://registry.npmjs.org/metro-source-map/-/metro-source-map-0.83.7.tgz 0ms (cache hit)
603 http cache metro-runtime@https://registry.npmjs.org/metro-runtime/-/metro-runtime-0.83.7.tgz 0ms (cache hit)
604 http cache metro-resolver@https://registry.npmjs.org/metro-resolver/-/metro-resolver-0.83.7.tgz 0ms (cache hit)
605 http cache metro-minify-terser@https://registry.npmjs.org/metro-minify-terser/-/metro-minify-terser-0.83.7.tgz 0ms (cache hit)
606 http cache metro-file-map@https://registry.npmjs.org/metro-file-map/-/metro-file-map-0.83.7.tgz 0ms (cache hit)
607 http cache metro-core@https://registry.npmjs.org/metro-core/-/metro-core-0.83.7.tgz 0ms (cache hit)
608 http cache metro-config@https://registry.npmjs.org/metro-config/-/metro-config-0.83.7.tgz 0ms (cache hit)
609 http cache metro-cache@https://registry.npmjs.org/metro-cache/-/metro-cache-0.83.7.tgz 0ms (cache hit)
610 http cache metro@https://registry.npmjs.org/metro/-/metro-0.83.7.tgz 0ms (cache hit)
611 http cache metro-cache-key@https://registry.npmjs.org/metro-cache-key/-/metro-cache-key-0.83.7.tgz 0ms (cache hit)
612 http cache metro-babel-transformer@https://registry.npmjs.org/metro-babel-transformer/-/metro-babel-transformer-0.83.7.tgz 1ms (cache hit)
613 http cache hermes-parser@https://registry.npmjs.org/hermes-parser/-/hermes-parser-0.35.0.tgz 0ms (cache hit)
614 http cache semver@https://registry.npmjs.org/semver/-/semver-7.8.0.tgz 0ms (cache hit)
615 http cache hermes-estree@https://registry.npmjs.org/hermes-estree/-/hermes-estree-0.35.0.tgz 0ms (cache hit)
616 http cache semver@https://registry.npmjs.org/semver/-/semver-7.8.0.tgz 0ms (cache hit)
617 http cache debug@https://registry.npmjs.org/debug/-/debug-3.2.7.tgz 0ms (cache hit)
618 http cache semver@https://registry.npmjs.org/semver/-/semver-7.7.4.tgz 0ms (cache hit)
619 silly tarball no local data for react-native@https://registry.npmjs.org/react-native/-/react-native-0.83.6.tgz. Extracting by manifest.
620 http cache semver@https://registry.npmjs.org/semver/-/semver-7.8.0.tgz 0ms (cache hit)
621 silly tarball no local data for @react-native/debugger-frontend@https://registry.npmjs.org/@react-native/debugger-frontend/-/debugger-frontend-0.83.6.tgz. Extracting by manifest.
622 silly tarball no local data for @react-native/codegen@https://registry.npmjs.org/@react-native/codegen/-/codegen-0.85.2.tgz. Extracting by manifest.
623 silly tarball no local data for @react-native/debugger-shell@https://registry.npmjs.org/@react-native/debugger-shell/-/debugger-shell-0.83.6.tgz. Extracting by manifest.
624 silly tarball no local data for @react-native/babel-preset@https://registry.npmjs.org/@react-native/babel-preset/-/babel-preset-0.85.2.tgz. Extracting by manifest.
625 silly tarball no local data for @react-native/assets-registry@https://registry.npmjs.org/@react-native/assets-registry/-/assets-registry-0.83.6.tgz. Extracting by manifest.
626 silly tarball no local data for @expo/schema-utils@https://registry.npmjs.org/@expo/schema-utils/-/schema-utils-55.0.4.tgz. Extracting by manifest.
627 silly tarball no local data for @expo/vector-icons@https://registry.npmjs.org/@expo/vector-icons/-/vector-icons-15.1.1.tgz. Extracting by manifest.
628 silly tarball no local data for @expo/prebuild-config@https://registry.npmjs.org/@expo/prebuild-config/-/prebuild-config-55.0.18.tgz. Extracting by manifest.
629 silly tarball no local data for @expo/plist@https://registry.npmjs.org/@expo/plist/-/plist-0.5.3.tgz. Extracting by manifest.
630 silly tarball no local data for @expo/package-manager@https://registry.npmjs.org/@expo/package-manager/-/package-manager-1.10.5.tgz. Extracting by manifest.
631 silly tarball no local data for @expo/osascript@https://registry.npmjs.org/@expo/osascript/-/osascript-2.4.3.tgz. Extracting by manifest.
632 silly tarball no local data for @expo/metro@https://registry.npmjs.org/@expo/metro/-/metro-55.1.1.tgz. Extracting by manifest.
633 silly tarball no local data for @expo/log-box@https://registry.npmjs.org/@expo/log-box/-/log-box-55.0.12.tgz. Extracting by manifest.
634 silly tarball no local data for @expo/metro-config@https://registry.npmjs.org/@expo/metro-config/-/metro-config-55.0.21.tgz. Extracting by manifest.
635 silly tarball no local data for @expo/image-utils@https://registry.npmjs.org/@expo/image-utils/-/image-utils-0.8.14.tgz. Extracting by manifest.
636 silly tarball no local data for @expo/json-file@https://registry.npmjs.org/@expo/json-file/-/json-file-10.0.14.tgz. Extracting by manifest.
637 silly tarball no local data for @expo/fingerprint@https://registry.npmjs.org/@expo/fingerprint/-/fingerprint-0.16.7.tgz. Extracting by manifest.
638 silly tarball no local data for @expo/devcert@https://registry.npmjs.org/@expo/devcert/-/devcert-1.2.1.tgz. Extracting by manifest.
639 silly tarball no local data for @expo/local-build-cache-provider@https://registry.npmjs.org/@expo/local-build-cache-provider/-/local-build-cache-provider-55.0.13.tgz. Extracting by manifest.
640 silly tarball no local data for @expo/env@https://registry.npmjs.org/@expo/env/-/env-2.1.2.tgz. Extracting by manifest.
641 silly tarball no local data for @expo/dom-webview@https://registry.npmjs.org/@expo/dom-webview/-/dom-webview-55.0.6.tgz. Extracting by manifest.
642 silly tarball no local data for @expo/devtools@https://registry.npmjs.org/@expo/devtools/-/devtools-55.0.3.tgz. Extracting by manifest.
643 silly tarball no local data for @egjs/hammerjs@https://registry.npmjs.org/@egjs/hammerjs/-/hammerjs-2.0.17.tgz. Extracting by manifest.
644 silly tarball no local data for @expo/code-signing-certificates@https://registry.npmjs.org/@expo/code-signing-certificates/-/code-signing-certificates-0.0.6.tgz. Extracting by manifest.
645 silly tarball no local data for @expo/config-plugins@https://registry.npmjs.org/@expo/config-plugins/-/config-plugins-55.0.9.tgz. Extracting by manifest.
646 silly tarball no local data for @expo/config-types@https://registry.npmjs.org/@expo/config-types/-/config-types-55.0.5.tgz. Extracting by manifest.
647 silly tarball no local data for @babel/traverse@https://registry.npmjs.org/@babel/traverse/-/traverse-7.29.0.tgz. Extracting by manifest.
648 silly tarball no local data for @expo/config@https://registry.npmjs.org/@expo/config/-/config-55.0.17.tgz. Extracting by manifest.
649 silly tarball no local data for @babel/types@https://registry.npmjs.org/@babel/types/-/types-7.29.0.tgz. Extracting by manifest.
650 silly tarball no local data for @babel/template@https://registry.npmjs.org/@babel/template/-/template-7.28.6.tgz. Extracting by manifest.
651 silly tarball no local data for @babel/runtime@https://registry.npmjs.org/@babel/runtime/-/runtime-7.29.2.tgz. Extracting by manifest.
652 silly tarball no local data for @babel/plugin-transform-unicode-regex@https://registry.npmjs.org/@babel/plugin-transform-unicode-regex/-/plugin-transform-unicode-regex-7.27.1.tgz. Extracting by manifest.
653 silly tarball no local data for @babel/preset-typescript@https://registry.npmjs.org/@babel/preset-typescript/-/preset-typescript-7.28.5.tgz. Extracting by manifest.
654 silly tarball no local data for @babel/preset-react@https://registry.npmjs.org/@babel/preset-react/-/preset-react-7.28.5.tgz. Extracting by manifest.
655 silly tarball no local data for @babel/plugin-transform-typescript@https://registry.npmjs.org/@babel/plugin-transform-typescript/-/plugin-transform-typescript-7.28.6.tgz. Extracting by manifest.
656 silly tarball no local data for @babel/plugin-transform-sticky-regex@https://registry.npmjs.org/@babel/plugin-transform-sticky-regex/-/plugin-transform-sticky-regex-7.27.1.tgz. Extracting by manifest.
657 silly tarball no local data for @babel/plugin-transform-template-literals@https://registry.npmjs.org/@babel/plugin-transform-template-literals/-/plugin-transform-template-literals-7.27.1.tgz. Extracting by manifest.
658 silly tarball no local data for @babel/plugin-transform-shorthand-properties@https://registry.npmjs.org/@babel/plugin-transform-shorthand-properties/-/plugin-transform-shorthand-properties-7.27.1.tgz. Extracting by manifest.
659 silly tarball no local data for @babel/plugin-transform-spread@https://registry.npmjs.org/@babel/plugin-transform-spread/-/plugin-transform-spread-7.28.6.tgz. Extracting by manifest.
660 silly tarball no local data for @babel/plugin-transform-runtime@https://registry.npmjs.org/@babel/plugin-transform-runtime/-/plugin-transform-runtime-7.29.0.tgz. Extracting by manifest.
661 silly tarball no local data for @babel/plugin-transform-regenerator@https://registry.npmjs.org/@babel/plugin-transform-regenerator/-/plugin-transform-regenerator-7.29.0.tgz. Extracting by manifest.
662 silly tarball no local data for @babel/plugin-transform-react-jsx-source@https://registry.npmjs.org/@babel/plugin-transform-react-jsx-source/-/plugin-transform-react-jsx-source-7.27.1.tgz. Extracting by manifest.
663 silly tarball no local data for @babel/plugin-transform-react-pure-annotations@https://registry.npmjs.org/@babel/plugin-transform-react-pure-annotations/-/plugin-transform-react-pure-annotations-7.27.1.tgz. Extracting by manifest.
664 silly tarball no local data for @babel/plugin-transform-react-jsx-self@https://registry.npmjs.org/@babel/plugin-transform-react-jsx-self/-/plugin-transform-react-jsx-self-7.27.1.tgz. Extracting by manifest.
665 silly tarball no local data for @babel/plugin-transform-react-jsx@https://registry.npmjs.org/@babel/plugin-transform-react-jsx/-/plugin-transform-react-jsx-7.28.6.tgz. Extracting by manifest.
666 silly tarball no local data for @babel/plugin-transform-react-jsx-development@https://registry.npmjs.org/@babel/plugin-transform-react-jsx-development/-/plugin-transform-react-jsx-development-7.27.1.tgz. Extracting by manifest.
667 silly tarball no local data for @babel/plugin-transform-react-display-name@https://registry.npmjs.org/@babel/plugin-transform-react-display-name/-/plugin-transform-react-display-name-7.28.0.tgz. Extracting by manifest.
668 silly tarball no local data for @babel/plugin-transform-private-property-in-object@https://registry.npmjs.org/@babel/plugin-transform-private-property-in-object/-/plugin-transform-private-property-in-object-7.28.6.tgz. Extracting by manifest.
669 silly tarball no local data for @babel/plugin-transform-parameters@https://registry.npmjs.org/@babel/plugin-transform-parameters/-/plugin-transform-parameters-7.27.7.tgz. Extracting by manifest.
670 silly tarball no local data for @babel/plugin-transform-optional-chaining@https://registry.npmjs.org/@babel/plugin-transform-optional-chaining/-/plugin-transform-optional-chaining-7.28.6.tgz. Extracting by manifest.
671 silly tarball no local data for @babel/plugin-transform-private-methods@https://registry.npmjs.org/@babel/plugin-transform-private-methods/-/plugin-transform-private-methods-7.28.6.tgz. Extracting by manifest.
672 silly tarball no local data for @babel/plugin-transform-optional-catch-binding@https://registry.npmjs.org/@babel/plugin-transform-optional-catch-binding/-/plugin-transform-optional-catch-binding-7.28.6.tgz. Extracting by manifest.
673 silly tarball no local data for @babel/plugin-transform-numeric-separator@https://registry.npmjs.org/@babel/plugin-transform-numeric-separator/-/plugin-transform-numeric-separator-7.28.6.tgz. Extracting by manifest.
674 silly tarball no local data for @babel/plugin-transform-nullish-coalescing-operator@https://registry.npmjs.org/@babel/plugin-transform-nullish-coalescing-operator/-/plugin-transform-nullish-coalescing-operator-7.28.6.tgz. Extracting by manifest.
675 silly tarball no local data for @babel/plugin-transform-named-capturing-groups-regex@https://registry.npmjs.org/@babel/plugin-transform-named-capturing-groups-regex/-/plugin-transform-named-capturing-groups-regex-7.29.0.tgz. Extracting by manifest.
676 silly tarball no local data for @babel/plugin-transform-object-rest-spread@https://registry.npmjs.org/@babel/plugin-transform-object-rest-spread/-/plugin-transform-object-rest-spread-7.28.6.tgz. Extracting by manifest.
677 silly tarball no local data for @babel/plugin-transform-logical-assignment-operators@https://registry.npmjs.org/@babel/plugin-transform-logical-assignment-operators/-/plugin-transform-logical-assignment-operators-7.28.6.tgz. Extracting by manifest.
678 silly tarball no local data for @babel/plugin-transform-modules-commonjs@https://registry.npmjs.org/@babel/plugin-transform-modules-commonjs/-/plugin-transform-modules-commonjs-7.28.6.tgz. Extracting by manifest.
679 silly tarball no local data for @babel/plugin-transform-literals@https://registry.npmjs.org/@babel/plugin-transform-literals/-/plugin-transform-literals-7.27.1.tgz. Extracting by manifest.
680 silly tarball no local data for @babel/plugin-transform-function-name@https://registry.npmjs.org/@babel/plugin-transform-function-name/-/plugin-transform-function-name-7.27.1.tgz. Extracting by manifest.
681 silly tarball no local data for @babel/plugin-transform-flow-strip-types@https://registry.npmjs.org/@babel/plugin-transform-flow-strip-types/-/plugin-transform-flow-strip-types-7.27.1.tgz. Extracting by manifest.
682 silly tarball no local data for @babel/plugin-transform-for-of@https://registry.npmjs.org/@babel/plugin-transform-for-of/-/plugin-transform-for-of-7.27.1.tgz. Extracting by manifest.
683 silly tarball no local data for @babel/plugin-transform-export-namespace-from@https://registry.npmjs.org/@babel/plugin-transform-export-namespace-from/-/plugin-transform-export-namespace-from-7.27.1.tgz. Extracting by manifest.
684 silly tarball no local data for @babel/plugin-transform-destructuring@https://registry.npmjs.org/@babel/plugin-transform-destructuring/-/plugin-transform-destructuring-7.28.5.tgz. Extracting by manifest.
685 silly tarball no local data for @babel/plugin-transform-computed-properties@https://registry.npmjs.org/@babel/plugin-transform-computed-properties/-/plugin-transform-computed-properties-7.28.6.tgz. Extracting by manifest.
686 silly tarball no local data for @babel/plugin-transform-classes@https://registry.npmjs.org/@babel/plugin-transform-classes/-/plugin-transform-classes-7.28.6.tgz. Extracting by manifest.
687 silly tarball no local data for @babel/plugin-transform-class-static-block@https://registry.npmjs.org/@babel/plugin-transform-class-static-block/-/plugin-transform-class-static-block-7.28.6.tgz. Extracting by manifest.
688 silly tarball no local data for @babel/plugin-transform-block-scoping@https://registry.npmjs.org/@babel/plugin-transform-block-scoping/-/plugin-transform-block-scoping-7.28.6.tgz. Extracting by manifest.
689 silly tarball no local data for @babel/plugin-transform-async-to-generator@https://registry.npmjs.org/@babel/plugin-transform-async-to-generator/-/plugin-transform-async-to-generator-7.28.6.tgz. Extracting by manifest.
690 silly tarball no local data for @babel/plugin-transform-class-properties@https://registry.npmjs.org/@babel/plugin-transform-class-properties/-/plugin-transform-class-properties-7.28.6.tgz. Extracting by manifest.
691 silly tarball no local data for @babel/plugin-transform-async-generator-functions@https://registry.npmjs.org/@babel/plugin-transform-async-generator-functions/-/plugin-transform-async-generator-functions-7.29.0.tgz. Extracting by manifest.
692 silly tarball no local data for @babel/plugin-transform-arrow-functions@https://registry.npmjs.org/@babel/plugin-transform-arrow-functions/-/plugin-transform-arrow-functions-7.27.1.tgz. Extracting by manifest.
693 silly tarball no local data for @babel/plugin-syntax-typescript@https://registry.npmjs.org/@babel/plugin-syntax-typescript/-/plugin-syntax-typescript-7.28.6.tgz. Extracting by manifest.
694 silly tarball no local data for @babel/plugin-syntax-private-property-in-object@https://registry.npmjs.org/@babel/plugin-syntax-private-property-in-object/-/plugin-syntax-private-property-in-object-7.14.5.tgz. Extracting by manifest.
695 silly tarball no local data for @babel/plugin-syntax-top-level-await@https://registry.npmjs.org/@babel/plugin-syntax-top-level-await/-/plugin-syntax-top-level-await-7.14.5.tgz. Extracting by manifest.
696 silly tarball no local data for @babel/plugin-syntax-optional-chaining@https://registry.npmjs.org/@babel/plugin-syntax-optional-chaining/-/plugin-syntax-optional-chaining-7.8.3.tgz. Extracting by manifest.
697 silly tarball no local data for @babel/plugin-syntax-optional-catch-binding@https://registry.npmjs.org/@babel/plugin-syntax-optional-catch-binding/-/plugin-syntax-optional-catch-binding-7.8.3.tgz. Extracting by manifest.
698 silly tarball no local data for @babel/plugin-syntax-object-rest-spread@https://registry.npmjs.org/@babel/plugin-syntax-object-rest-spread/-/plugin-syntax-object-rest-spread-7.8.3.tgz. Extracting by manifest.
699 silly tarball no local data for @babel/plugin-syntax-numeric-separator@https://registry.npmjs.org/@babel/plugin-syntax-numeric-separator/-/plugin-syntax-numeric-separator-7.10.4.tgz. Extracting by manifest.
700 silly tarball no local data for @babel/plugin-syntax-nullish-coalescing-operator@https://registry.npmjs.org/@babel/plugin-syntax-nullish-coalescing-operator/-/plugin-syntax-nullish-coalescing-operator-7.8.3.tgz. Extracting by manifest.
701 silly tarball no local data for @babel/plugin-syntax-jsx@https://registry.npmjs.org/@babel/plugin-syntax-jsx/-/plugin-syntax-jsx-7.28.6.tgz. Extracting by manifest.
702 silly tarball no local data for @babel/plugin-syntax-import-attributes@https://registry.npmjs.org/@babel/plugin-syntax-import-attributes/-/plugin-syntax-import-attributes-7.28.6.tgz. Extracting by manifest.
703 silly tarball no local data for @babel/plugin-syntax-logical-assignment-operators@https://registry.npmjs.org/@babel/plugin-syntax-logical-assignment-operators/-/plugin-syntax-logical-assignment-operators-7.10.4.tgz. Extracting by manifest.
704 silly tarball no local data for @babel/plugin-syntax-json-strings@https://registry.npmjs.org/@babel/plugin-syntax-json-strings/-/plugin-syntax-json-strings-7.8.3.tgz. Extracting by manifest.
705 silly tarball no local data for @babel/plugin-syntax-dynamic-import@https://registry.npmjs.org/@babel/plugin-syntax-dynamic-import/-/plugin-syntax-dynamic-import-7.8.3.tgz. Extracting by manifest.
706 silly tarball no local data for @babel/plugin-syntax-import-meta@https://registry.npmjs.org/@babel/plugin-syntax-import-meta/-/plugin-syntax-import-meta-7.10.4.tgz. Extracting by manifest.
707 silly tarball no local data for @babel/plugin-syntax-export-default-from@https://registry.npmjs.org/@babel/plugin-syntax-export-default-from/-/plugin-syntax-export-default-from-7.28.6.tgz. Extracting by manifest.
708 silly tarball no local data for @babel/plugin-syntax-flow@https://registry.npmjs.org/@babel/plugin-syntax-flow/-/plugin-syntax-flow-7.28.6.tgz. Extracting by manifest.
709 silly tarball no local data for @babel/plugin-syntax-class-properties@https://registry.npmjs.org/@babel/plugin-syntax-class-properties/-/plugin-syntax-class-properties-7.12.13.tgz. Extracting by manifest.
710 silly tarball no local data for @babel/plugin-syntax-decorators@https://registry.npmjs.org/@babel/plugin-syntax-decorators/-/plugin-syntax-decorators-7.28.6.tgz. Extracting by manifest.
711 silly tarball no local data for @babel/plugin-syntax-class-static-block@https://registry.npmjs.org/@babel/plugin-syntax-class-static-block/-/plugin-syntax-class-static-block-7.14.5.tgz. Extracting by manifest.
712 silly tarball no local data for @babel/plugin-syntax-async-generators@https://registry.npmjs.org/@babel/plugin-syntax-async-generators/-/plugin-syntax-async-generators-7.8.4.tgz. Extracting by manifest.
713 silly tarball no local data for @babel/plugin-syntax-bigint@https://registry.npmjs.org/@babel/plugin-syntax-bigint/-/plugin-syntax-bigint-7.8.3.tgz. Extracting by manifest.
714 silly tarball no local data for @babel/plugin-proposal-decorators@https://registry.npmjs.org/@babel/plugin-proposal-decorators/-/plugin-proposal-decorators-7.29.0.tgz. Extracting by manifest.
715 silly tarball no local data for @babel/plugin-proposal-export-default-from@https://registry.npmjs.org/@babel/plugin-proposal-export-default-from/-/plugin-proposal-export-default-from-7.27.1.tgz. Extracting by manifest.
716 silly tarball no local data for @babel/parser@https://registry.npmjs.org/@babel/parser/-/parser-7.29.2.tgz. Extracting by manifest.
717 silly tarball no local data for @babel/helper-validator-option@https://registry.npmjs.org/@babel/helper-validator-option/-/helper-validator-option-7.27.1.tgz. Extracting by manifest.
718 silly tarball no local data for @babel/helpers@https://registry.npmjs.org/@babel/helpers/-/helpers-7.29.2.tgz. Extracting by manifest.
719 silly tarball no local data for @babel/helper-wrap-function@https://registry.npmjs.org/@babel/helper-wrap-function/-/helper-wrap-function-7.28.6.tgz. Extracting by manifest.
720 silly tarball no local data for @babel/helper-validator-identifier@https://registry.npmjs.org/@babel/helper-validator-identifier/-/helper-validator-identifier-7.28.5.tgz. Extracting by manifest.
721 silly tarball no local data for @babel/helper-string-parser@https://registry.npmjs.org/@babel/helper-string-parser/-/helper-string-parser-7.27.1.tgz. Extracting by manifest.
722 silly tarball no local data for @babel/helper-replace-supers@https://registry.npmjs.org/@babel/helper-replace-supers/-/helper-replace-supers-7.28.6.tgz. Extracting by manifest.
723 silly tarball no local data for @babel/helper-skip-transparent-expression-wrappers@https://registry.npmjs.org/@babel/helper-skip-transparent-expression-wrappers/-/helper-skip-transparent-expression-wrappers-7.27.1.tgz. Extracting by manifest.
724 silly tarball no local data for @babel/helper-remap-async-to-generator@https://registry.npmjs.org/@babel/helper-remap-async-to-generator/-/helper-remap-async-to-generator-7.27.1.tgz. Extracting by manifest.
725 silly tarball no local data for @babel/helper-module-imports@https://registry.npmjs.org/@babel/helper-module-imports/-/helper-module-imports-7.28.6.tgz. Extracting by manifest.
726 silly tarball no local data for @babel/helper-plugin-utils@https://registry.npmjs.org/@babel/helper-plugin-utils/-/helper-plugin-utils-7.28.6.tgz. Extracting by manifest.
727 silly tarball no local data for @babel/helper-module-transforms@https://registry.npmjs.org/@babel/helper-module-transforms/-/helper-module-transforms-7.28.6.tgz. Extracting by manifest.
728 silly tarball no local data for @babel/helper-optimise-call-expression@https://registry.npmjs.org/@babel/helper-optimise-call-expression/-/helper-optimise-call-expression-7.27.1.tgz. Extracting by manifest.
729 silly tarball no local data for @babel/helper-member-expression-to-functions@https://registry.npmjs.org/@babel/helper-member-expression-to-functions/-/helper-member-expression-to-functions-7.28.5.tgz. Extracting by manifest.
730 silly tarball no local data for @babel/helper-globals@https://registry.npmjs.org/@babel/helper-globals/-/helper-globals-7.28.0.tgz. Extracting by manifest.
731 silly tarball no local data for @babel/helper-define-polyfill-provider@https://registry.npmjs.org/@babel/helper-define-polyfill-provider/-/helper-define-polyfill-provider-0.6.8.tgz. Extracting by manifest.
732 silly tarball no local data for @babel/helper-compilation-targets@https://registry.npmjs.org/@babel/helper-compilation-targets/-/helper-compilation-targets-7.28.6.tgz. Extracting by manifest.
733 silly tarball no local data for @babel/helper-create-regexp-features-plugin@https://registry.npmjs.org/@babel/helper-create-regexp-features-plugin/-/helper-create-regexp-features-plugin-7.28.5.tgz. Extracting by manifest.
734 silly tarball no local data for @babel/helper-create-class-features-plugin@https://registry.npmjs.org/@babel/helper-create-class-features-plugin/-/helper-create-class-features-plugin-7.28.6.tgz. Extracting by manifest.
735 silly tarball no local data for @babel/helper-annotate-as-pure@https://registry.npmjs.org/@babel/helper-annotate-as-pure/-/helper-annotate-as-pure-7.27.3.tgz. Extracting by manifest.
736 silly tarball no local data for @babel/generator@https://registry.npmjs.org/@babel/generator/-/generator-7.29.1.tgz. Extracting by manifest.
737 silly tarball no local data for @babel/core@https://registry.npmjs.org/@babel/core/-/core-7.29.0.tgz. Extracting by manifest.
738 silly tarball no local data for @babel/compat-data@https://registry.npmjs.org/@babel/compat-data/-/compat-data-7.29.0.tgz. Extracting by manifest.
739 silly tarball no local data for @babel/code-frame@https://registry.npmjs.org/@babel/code-frame/-/code-frame-7.29.0.tgz. Extracting by manifest.
740 silly tarball no local data for hermes-compiler@https://registry.npmjs.org/hermes-compiler/-/hermes-compiler-0.14.1.tgz. Extracting by manifest.
741 silly tarball no local data for fb-dotslash@https://registry.npmjs.org/fb-dotslash/-/fb-dotslash-0.5.8.tgz. Extracting by manifest.
742 silly tarball no local data for expo-modules-core@https://registry.npmjs.org/expo-modules-core/-/expo-modules-core-55.0.25.tgz. Extracting by manifest.
743 silly tarball no local data for expo-media-library@https://registry.npmjs.org/expo-media-library/-/expo-media-library-55.0.17.tgz. Extracting by manifest.
744 silly tarball no local data for expo-file-system@https://registry.npmjs.org/expo-file-system/-/expo-file-system-55.0.20.tgz. Extracting by manifest.
745 silly tarball no local data for expo-camera@https://registry.npmjs.org/expo-camera/-/expo-camera-55.0.18.tgz. Extracting by manifest.
746 silly tarball no local data for camelcase@https://registry.npmjs.org/camelcase/-/camelcase-5.3.1.tgz. Extracting by manifest.
747 silly tarball no local data for js-yaml@https://registry.npmjs.org/js-yaml/-/js-yaml-4.1.1.tgz. Extracting by manifest.
748 silly tarball no local data for semver@https://registry.npmjs.org/semver/-/semver-7.7.4.tgz. Extracting by manifest.
749 silly tarball no local data for metro-runtime@https://registry.npmjs.org/metro-runtime/-/metro-runtime-0.83.6.tgz. Extracting by manifest.
750 silly tarball no local data for argparse@https://registry.npmjs.org/argparse/-/argparse-2.0.1.tgz. Extracting by manifest.
751 silly tarball no local data for metro-config@https://registry.npmjs.org/metro-config/-/metro-config-0.83.6.tgz. Extracting by manifest.
752 silly tarball no local data for type-fest@https://registry.npmjs.org/type-fest/-/type-fest-5.6.0.tgz. Extracting by manifest.
753 silly tarball no local data for xmlbuilder@https://registry.npmjs.org/xmlbuilder/-/xmlbuilder-11.0.1.tgz. Extracting by manifest.
754 silly tarball no local data for fdir@https://registry.npmjs.org/fdir/-/fdir-6.5.0.tgz. Extracting by manifest.
755 silly tarball no local data for picomatch@https://registry.npmjs.org/picomatch/-/picomatch-4.0.4.tgz. Extracting by manifest.
756 silly tarball no local data for commander@https://registry.npmjs.org/commander/-/commander-2.20.3.tgz. Extracting by manifest.
757 silly tarball no local data for glob@https://registry.npmjs.org/glob/-/glob-7.2.3.tgz. Extracting by manifest.
758 silly tarball no local data for minimatch@https://registry.npmjs.org/minimatch/-/minimatch-3.1.5.tgz. Extracting by manifest.
759 silly tarball no local data for escape-string-regexp@https://registry.npmjs.org/escape-string-regexp/-/escape-string-regexp-2.0.0.tgz. Extracting by manifest.
760 silly tarball no local data for brace-expansion@https://registry.npmjs.org/brace-expansion/-/brace-expansion-1.1.14.tgz. Extracting by manifest.
761 silly tarball no local data for encodeurl@https://registry.npmjs.org/encodeurl/-/encodeurl-2.0.0.tgz. Extracting by manifest.
762 silly tarball no local data for source-map@https://registry.npmjs.org/source-map/-/source-map-0.6.1.tgz. Extracting by manifest.
763 silly tarball no local data for statuses@https://registry.npmjs.org/statuses/-/statuses-2.0.2.tgz. Extracting by manifest.
764 silly tarball no local data for encodeurl@https://registry.npmjs.org/encodeurl/-/encodeurl-2.0.0.tgz. Extracting by manifest.
765 silly tarball no local data for ms@https://registry.npmjs.org/ms/-/ms-2.0.0.tgz. Extracting by manifest.
766 silly tarball no local data for on-finished@https://registry.npmjs.org/on-finished/-/on-finished-2.4.1.tgz. Extracting by manifest.
767 silly tarball no local data for minimatch@https://registry.npmjs.org/minimatch/-/minimatch-3.1.5.tgz. Extracting by manifest.
768 silly tarball no local data for debug@https://registry.npmjs.org/debug/-/debug-2.6.9.tgz. Extracting by manifest.
769 silly tarball no local data for glob@https://registry.npmjs.org/glob/-/glob-7.2.3.tgz. Extracting by manifest.
770 silly tarball no local data for @react-native/normalize-colors@https://registry.npmjs.org/@react-native/normalize-colors/-/normalize-colors-0.74.89.tgz. Extracting by manifest.
771 silly tarball no local data for brace-expansion@https://registry.npmjs.org/brace-expansion/-/brace-expansion-1.1.14.tgz. Extracting by manifest.
772 silly tarball no local data for semver@https://registry.npmjs.org/semver/-/semver-7.7.4.tgz. Extracting by manifest.
773 silly tarball no local data for semver@https://registry.npmjs.org/semver/-/semver-7.7.3.tgz. Extracting by manifest.
774 silly tarball no local data for memoize-one@https://registry.npmjs.org/memoize-one/-/memoize-one-6.0.0.tgz. Extracting by manifest.
775 silly tarball no local data for react-native-is-edge-to-edge@https://registry.npmjs.org/react-native-is-edge-to-edge/-/react-native-is-edge-to-edge-1.2.1.tgz. Extracting by manifest.
776 silly tarball no local data for @react-native/virtualized-lists@https://registry.npmjs.org/@react-native/virtualized-lists/-/virtualized-lists-0.83.6.tgz. Extracting by manifest.
777 silly tarball no local data for react-refresh@https://registry.npmjs.org/react-refresh/-/react-refresh-0.14.2.tgz. Extracting by manifest.
778 silly tarball no local data for semver@https://registry.npmjs.org/semver/-/semver-7.7.4.tgz. Extracting by manifest.
779 silly tarball no local data for @react-native/js-polyfills@https://registry.npmjs.org/@react-native/js-polyfills/-/js-polyfills-0.83.6.tgz. Extracting by manifest.
780 silly tarball no local data for @react-native/codegen@https://registry.npmjs.org/@react-native/codegen/-/codegen-0.83.6.tgz. Extracting by manifest.
781 silly tarball no local data for minimatch@https://registry.npmjs.org/minimatch/-/minimatch-3.1.5.tgz. Extracting by manifest.
782 silly tarball no local data for metro-runtime@https://registry.npmjs.org/metro-runtime/-/metro-runtime-0.83.6.tgz. Extracting by manifest.
783 silly tarball no local data for hermes-parser@https://registry.npmjs.org/hermes-parser/-/hermes-parser-0.32.0.tgz. Extracting by manifest.
784 silly tarball no local data for hermes-estree@https://registry.npmjs.org/hermes-estree/-/hermes-estree-0.32.0.tgz. Extracting by manifest.
785 silly tarball no local data for glob@https://registry.npmjs.org/glob/-/glob-7.2.3.tgz. Extracting by manifest.
786 silly tarball no local data for commander@https://registry.npmjs.org/commander/-/commander-12.1.0.tgz. Extracting by manifest.
787 silly tarball no local data for babel-plugin-syntax-hermes-parser@https://registry.npmjs.org/babel-plugin-syntax-hermes-parser/-/babel-plugin-syntax-hermes-parser-0.32.0.tgz. Extracting by manifest.
788 silly tarball no local data for brace-expansion@https://registry.npmjs.org/brace-expansion/-/brace-expansion-1.1.14.tgz. Extracting by manifest.
789 silly tarball no local data for y18n@https://registry.npmjs.org/y18n/-/y18n-4.0.3.tgz. Extracting by manifest.
790 silly tarball no local data for yargs-parser@https://registry.npmjs.org/yargs-parser/-/yargs-parser-18.1.3.tgz. Extracting by manifest.
791 silly tarball no local data for wrap-ansi@https://registry.npmjs.org/wrap-ansi/-/wrap-ansi-6.2.0.tgz. Extracting by manifest.
792 silly tarball no local data for yargs@https://registry.npmjs.org/yargs/-/yargs-15.4.1.tgz. Extracting by manifest.
793 silly tarball no local data for cliui@https://registry.npmjs.org/cliui/-/cliui-6.0.0.tgz. Extracting by manifest.
794 silly tarball no local data for pngjs@https://registry.npmjs.org/pngjs/-/pngjs-5.0.0.tgz. Extracting by manifest.
795 silly tarball no local data for camelcase@https://registry.npmjs.org/camelcase/-/camelcase-5.3.1.tgz. Extracting by manifest.
796 silly tarball no local data for react-is@https://registry.npmjs.org/react-is/-/react-is-18.3.1.tgz. Extracting by manifest.
797 silly tarball no local data for react-is@https://registry.npmjs.org/react-is/-/react-is-16.13.1.tgz. Extracting by manifest.
798 silly tarball no local data for ansi-styles@https://registry.npmjs.org/ansi-styles/-/ansi-styles-5.2.0.tgz. Extracting by manifest.
799 silly tarball no local data for p-limit@https://registry.npmjs.org/p-limit/-/p-limit-2.3.0.tgz. Extracting by manifest.
800 silly tarball no local data for lru-cache@https://registry.npmjs.org/lru-cache/-/lru-cache-11.3.5.tgz. Extracting by manifest.
801 silly tarball no local data for supports-color@https://registry.npmjs.org/supports-color/-/supports-color-5.5.0.tgz. Extracting by manifest.
802 silly tarball no local data for strip-ansi@https://registry.npmjs.org/strip-ansi/-/strip-ansi-5.2.0.tgz. Extracting by manifest.
803 silly tarball no local data for has-flag@https://registry.npmjs.org/has-flag/-/has-flag-3.0.0.tgz. Extracting by manifest.
804 silly tarball no local data for escape-string-regexp@https://registry.npmjs.org/escape-string-regexp/-/escape-string-regexp-1.0.5.tgz. Extracting by manifest.
805 silly tarball no local data for color-name@https://registry.npmjs.org/color-name/-/color-name-1.1.3.tgz. Extracting by manifest.
806 silly tarball no local data for color-convert@https://registry.npmjs.org/color-convert/-/color-convert-1.9.3.tgz. Extracting by manifest.
807 silly tarball no local data for chalk@https://registry.npmjs.org/chalk/-/chalk-2.4.2.tgz. Extracting by manifest.
808 silly tarball no local data for ansi-styles@https://registry.npmjs.org/ansi-styles/-/ansi-styles-3.2.1.tgz. Extracting by manifest.
809 silly tarball no local data for semver@https://registry.npmjs.org/semver/-/semver-7.8.0.tgz. Extracting by manifest.
810 silly tarball no local data for ansi-regex@https://registry.npmjs.org/ansi-regex/-/ansi-regex-4.1.1.tgz. Extracting by manifest.
811 silly tarball no local data for ob1@https://registry.npmjs.org/ob1/-/ob1-0.84.3.tgz. Extracting by manifest.
812 silly tarball no local data for metro-transform-worker@https://registry.npmjs.org/metro-transform-worker/-/metro-transform-worker-0.84.3.tgz. Extracting by manifest.
813 silly tarball no local data for metro-symbolicate@https://registry.npmjs.org/metro-symbolicate/-/metro-symbolicate-0.84.3.tgz. Extracting by manifest.
814 silly tarball no local data for metro-transform-plugins@https://registry.npmjs.org/metro-transform-plugins/-/metro-transform-plugins-0.84.3.tgz. Extracting by manifest.
815 silly tarball no local data for metro-source-map@https://registry.npmjs.org/metro-source-map/-/metro-source-map-0.84.3.tgz. Extracting by manifest.
816 silly tarball no local data for metro-resolver@https://registry.npmjs.org/metro-resolver/-/metro-resolver-0.84.3.tgz. Extracting by manifest.
817 silly tarball no local data for metro-minify-terser@https://registry.npmjs.org/metro-minify-terser/-/metro-minify-terser-0.84.3.tgz. Extracting by manifest.
818 silly tarball no local data for metro-file-map@https://registry.npmjs.org/metro-file-map/-/metro-file-map-0.84.3.tgz. Extracting by manifest.
819 silly tarball no local data for metro-cache-key@https://registry.npmjs.org/metro-cache-key/-/metro-cache-key-0.84.3.tgz. Extracting by manifest.
820 silly tarball no local data for metro-core@https://registry.npmjs.org/metro-core/-/metro-core-0.84.3.tgz. Extracting by manifest.
821 silly tarball no local data for metro-cache@https://registry.npmjs.org/metro-cache/-/metro-cache-0.84.3.tgz. Extracting by manifest.
822 silly tarball no local data for hermes-parser@https://registry.npmjs.org/hermes-parser/-/hermes-parser-0.35.0.tgz. Extracting by manifest.
823 silly tarball no local data for metro-babel-transformer@https://registry.npmjs.org/metro-babel-transformer/-/metro-babel-transformer-0.84.3.tgz. Extracting by manifest.
824 silly tarball no local data for metro-runtime@https://registry.npmjs.org/metro-runtime/-/metro-runtime-0.83.6.tgz. Extracting by manifest.
825 silly tarball no local data for metro@https://registry.npmjs.org/metro/-/metro-0.84.3.tgz. Extracting by manifest.
826 silly tarball no local data for hermes-parser@https://registry.npmjs.org/hermes-parser/-/hermes-parser-0.35.0.tgz. Extracting by manifest.
827 silly tarball no local data for hermes-estree@https://registry.npmjs.org/hermes-estree/-/hermes-estree-0.35.0.tgz. Extracting by manifest.
828 silly tarball no local data for hermes-estree@https://registry.npmjs.org/hermes-estree/-/hermes-estree-0.35.0.tgz. Extracting by manifest.
829 silly tarball no local data for supports-color@https://registry.npmjs.org/supports-color/-/supports-color-5.5.0.tgz. Extracting by manifest.
830 silly tarball no local data for has-flag@https://registry.npmjs.org/has-flag/-/has-flag-3.0.0.tgz. Extracting by manifest.
831 silly tarball no local data for hermes-estree@https://registry.npmjs.org/hermes-estree/-/hermes-estree-0.35.0.tgz. Extracting by manifest.
832 silly tarball no local data for escape-string-regexp@https://registry.npmjs.org/escape-string-regexp/-/escape-string-regexp-1.0.5.tgz. Extracting by manifest.
833 silly tarball no local data for hermes-parser@https://registry.npmjs.org/hermes-parser/-/hermes-parser-0.35.0.tgz. Extracting by manifest.
834 silly tarball no local data for color-name@https://registry.npmjs.org/color-name/-/color-name-1.1.3.tgz. Extracting by manifest.
835 silly tarball no local data for color-convert@https://registry.npmjs.org/color-convert/-/color-convert-1.9.3.tgz. Extracting by manifest.
836 silly tarball no local data for chalk@https://registry.npmjs.org/chalk/-/chalk-2.4.2.tgz. Extracting by manifest.
837 silly tarball no local data for metro-config@https://registry.npmjs.org/metro-config/-/metro-config-0.83.6.tgz. Extracting by manifest.
838 silly tarball no local data for ansi-styles@https://registry.npmjs.org/ansi-styles/-/ansi-styles-3.2.1.tgz. Extracting by manifest.
839 silly tarball no local data for supports-color@https://registry.npmjs.org/supports-color/-/supports-color-8.1.1.tgz. Extracting by manifest.
840 silly tarball no local data for ms@https://registry.npmjs.org/ms/-/ms-2.0.0.tgz. Extracting by manifest.
841 silly tarball no local data for ci-info@https://registry.npmjs.org/ci-info/-/ci-info-3.9.0.tgz. Extracting by manifest.
842 silly tarball no local data for debug@https://registry.npmjs.org/debug/-/debug-2.6.9.tgz. Extracting by manifest.
843 silly tarball no local data for statuses@https://registry.npmjs.org/statuses/-/statuses-2.0.2.tgz. Extracting by manifest.
844 silly tarball no local data for react-is@https://registry.npmjs.org/react-is/-/react-is-16.13.1.tgz. Extracting by manifest.
845 silly tarball no local data for ms@https://registry.npmjs.org/ms/-/ms-2.0.0.tgz. Extracting by manifest.
846 silly tarball no local data for debug@https://registry.npmjs.org/debug/-/debug-2.6.9.tgz. Extracting by manifest.
847 silly tarball no local data for @expo/cli@https://registry.npmjs.org/@expo/cli/-/cli-55.0.30.tgz. Extracting by manifest.
848 silly tarball no local data for promise@https://registry.npmjs.org/promise/-/promise-7.3.1.tgz. Extracting by manifest.
849 silly tarball no local data for @expo/router-server@https://registry.npmjs.org/@expo/router-server/-/router-server-55.0.16.tgz. Extracting by manifest.
850 silly tarball no local data for ws@https://registry.npmjs.org/ws/-/ws-8.20.1.tgz. Extracting by manifest.
851 silly tarball no local data for react-refresh@https://registry.npmjs.org/react-refresh/-/react-refresh-0.14.2.tgz. Extracting by manifest.
852 silly tarball no local data for semver@https://registry.npmjs.org/semver/-/semver-7.8.0.tgz. Extracting by manifest.
853 silly tarball no local data for picomatch@https://registry.npmjs.org/picomatch/-/picomatch-4.0.4.tgz. Extracting by manifest.
854 silly tarball no local data for lru-cache@https://registry.npmjs.org/lru-cache/-/lru-cache-10.4.3.tgz. Extracting by manifest.
855 silly tarball no local data for negotiator@https://registry.npmjs.org/negotiator/-/negotiator-0.6.3.tgz. Extracting by manifest.
856 silly tarball no local data for ci-info@https://registry.npmjs.org/ci-info/-/ci-info-3.9.0.tgz. Extracting by manifest.
857 silly tarball no local data for mime-types@https://registry.npmjs.org/mime-types/-/mime-types-2.1.35.tgz. Extracting by manifest.
858 silly tarball no local data for accepts@https://registry.npmjs.org/accepts/-/accepts-1.3.8.tgz. Extracting by manifest.
859 silly tarball no local data for source-map@https://registry.npmjs.org/source-map/-/source-map-0.6.1.tgz. Extracting by manifest.
860 silly tarball no local data for ms@https://registry.npmjs.org/ms/-/ms-2.0.0.tgz. Extracting by manifest.
861 silly tarball no local data for debug@https://registry.npmjs.org/debug/-/debug-2.6.9.tgz. Extracting by manifest.
862 silly tarball no local data for negotiator@https://registry.npmjs.org/negotiator/-/negotiator-0.6.4.tgz. Extracting by manifest.
863 silly tarball no local data for ms@https://registry.npmjs.org/ms/-/ms-2.0.0.tgz. Extracting by manifest.
864 silly tarball no local data for balanced-match@https://registry.npmjs.org/balanced-match/-/balanced-match-4.0.4.tgz. Extracting by manifest.
865 silly tarball no local data for debug@https://registry.npmjs.org/debug/-/debug-2.6.9.tgz. Extracting by manifest.
866 silly tarball no local data for open@https://registry.npmjs.org/open/-/open-8.4.2.tgz. Extracting by manifest.
867 silly tarball no local data for @react-native/babel-preset@https://registry.npmjs.org/@react-native/babel-preset/-/babel-preset-0.83.6.tgz. Extracting by manifest.
868 silly tarball no local data for @react-native/codegen@https://registry.npmjs.org/@react-native/codegen/-/codegen-0.83.6.tgz. Extracting by manifest.
869 silly tarball no local data for babel-plugin-syntax-hermes-parser@https://registry.npmjs.org/babel-plugin-syntax-hermes-parser/-/babel-plugin-syntax-hermes-parser-0.32.0.tgz. Extracting by manifest.
870 silly tarball no local data for @react-native/babel-plugin-codegen@https://registry.npmjs.org/@react-native/babel-plugin-codegen/-/babel-plugin-codegen-0.83.6.tgz. Extracting by manifest.
871 silly tarball no local data for minimatch@https://registry.npmjs.org/minimatch/-/minimatch-3.1.5.tgz. Extracting by manifest.
872 silly tarball no local data for hermes-estree@https://registry.npmjs.org/hermes-estree/-/hermes-estree-0.32.0.tgz. Extracting by manifest.
873 silly tarball no local data for hermes-parser@https://registry.npmjs.org/hermes-parser/-/hermes-parser-0.32.0.tgz. Extracting by manifest.
874 silly tarball no local data for glob@https://registry.npmjs.org/glob/-/glob-7.2.3.tgz. Extracting by manifest.
875 silly tarball no local data for hermes-parser@https://registry.npmjs.org/hermes-parser/-/hermes-parser-0.32.1.tgz. Extracting by manifest.
876 silly tarball no local data for brace-expansion@https://registry.npmjs.org/brace-expansion/-/brace-expansion-1.1.14.tgz. Extracting by manifest.
877 silly tarball no local data for hermes-estree@https://registry.npmjs.org/hermes-estree/-/hermes-estree-0.32.1.tgz. Extracting by manifest.
878 silly tarball no local data for babel-plugin-syntax-hermes-parser@https://registry.npmjs.org/babel-plugin-syntax-hermes-parser/-/babel-plugin-syntax-hermes-parser-0.32.1.tgz. Extracting by manifest.
879 silly tarball no local data for type-fest@https://registry.npmjs.org/type-fest/-/type-fest-0.21.3.tgz. Extracting by manifest.
880 silly tarball no local data for react-refresh@https://registry.npmjs.org/react-refresh/-/react-refresh-0.14.2.tgz. Extracting by manifest.
881 silly tarball no local data for semver@https://registry.npmjs.org/semver/-/semver-7.8.0.tgz. Extracting by manifest.
882 silly tarball no local data for react-refresh@https://registry.npmjs.org/react-refresh/-/react-refresh-0.14.2.tgz. Extracting by manifest.
883 silly tarball no local data for mime-db@https://registry.npmjs.org/mime-db/-/mime-db-1.52.0.tgz. Extracting by manifest.
884 silly tarball no local data for ob1@https://registry.npmjs.org/ob1/-/ob1-0.83.7.tgz. Extracting by manifest.
885 silly tarball no local data for picomatch@https://registry.npmjs.org/picomatch/-/picomatch-4.0.4.tgz. Extracting by manifest.
886 silly tarball no local data for hermes-parser@https://registry.npmjs.org/hermes-parser/-/hermes-parser-0.32.1.tgz. Extracting by manifest.
887 silly tarball no local data for hermes-estree@https://registry.npmjs.org/hermes-estree/-/hermes-estree-0.32.1.tgz. Extracting by manifest.
888 silly tarball no local data for metro-transform-worker@https://registry.npmjs.org/metro-transform-worker/-/metro-transform-worker-0.83.7.tgz. Extracting by manifest.
889 silly tarball no local data for metro-transform-plugins@https://registry.npmjs.org/metro-transform-plugins/-/metro-transform-plugins-0.83.7.tgz. Extracting by manifest.
890 silly tarball no local data for metro-symbolicate@https://registry.npmjs.org/metro-symbolicate/-/metro-symbolicate-0.83.7.tgz. Extracting by manifest.
891 silly tarball no local data for metro-source-map@https://registry.npmjs.org/metro-source-map/-/metro-source-map-0.83.7.tgz. Extracting by manifest.
892 silly tarball no local data for metro-runtime@https://registry.npmjs.org/metro-runtime/-/metro-runtime-0.83.7.tgz. Extracting by manifest.
893 silly tarball no local data for metro-resolver@https://registry.npmjs.org/metro-resolver/-/metro-resolver-0.83.7.tgz. Extracting by manifest.
894 silly tarball no local data for metro-minify-terser@https://registry.npmjs.org/metro-minify-terser/-/metro-minify-terser-0.83.7.tgz. Extracting by manifest.
895 silly tarball no local data for metro-file-map@https://registry.npmjs.org/metro-file-map/-/metro-file-map-0.83.7.tgz. Extracting by manifest.
896 silly tarball no local data for metro-core@https://registry.npmjs.org/metro-core/-/metro-core-0.83.7.tgz. Extracting by manifest.
897 silly tarball no local data for metro-config@https://registry.npmjs.org/metro-config/-/metro-config-0.83.7.tgz. Extracting by manifest.
898 silly tarball no local data for metro-cache@https://registry.npmjs.org/metro-cache/-/metro-cache-0.83.7.tgz. Extracting by manifest.
899 silly tarball no local data for metro@https://registry.npmjs.org/metro/-/metro-0.83.7.tgz. Extracting by manifest.
900 silly tarball no local data for metro-cache-key@https://registry.npmjs.org/metro-cache-key/-/metro-cache-key-0.83.7.tgz. Extracting by manifest.
901 silly tarball no local data for metro-babel-transformer@https://registry.npmjs.org/metro-babel-transformer/-/metro-babel-transformer-0.83.7.tgz. Extracting by manifest.
902 silly tarball no local data for hermes-parser@https://registry.npmjs.org/hermes-parser/-/hermes-parser-0.35.0.tgz. Extracting by manifest.
903 silly tarball no local data for semver@https://registry.npmjs.org/semver/-/semver-7.8.0.tgz. Extracting by manifest.
904 silly tarball no local data for hermes-estree@https://registry.npmjs.org/hermes-estree/-/hermes-estree-0.35.0.tgz. Extracting by manifest.
905 silly tarball no local data for semver@https://registry.npmjs.org/semver/-/semver-7.8.0.tgz. Extracting by manifest.
906 silly tarball no local data for debug@https://registry.npmjs.org/debug/-/debug-3.2.7.tgz. Extracting by manifest.
907 silly tarball no local data for semver@https://registry.npmjs.org/semver/-/semver-7.7.4.tgz. Extracting by manifest.
908 silly tarball no local data for semver@https://registry.npmjs.org/semver/-/semver-7.8.0.tgz. Extracting by manifest.
909 warn deprecated rimraf@3.0.2: Rimraf versions prior to v4 are no longer supported
910 http fetch GET 200 https://registry.npmjs.org/@expo/schema-utils/-/schema-utils-55.0.4.tgz 3176ms (cache miss)
911 http fetch GET 200 https://registry.npmjs.org/@react-native/assets-registry/-/assets-registry-0.83.6.tgz 4188ms (cache miss)
912 http fetch GET 200 https://registry.npmjs.org/@react-native/babel-preset/-/babel-preset-0.85.2.tgz 5282ms (cache miss)
913 http fetch GET 200 https://registry.npmjs.org/@expo/plist/-/plist-0.5.3.tgz 5468ms (cache miss)
914 http fetch GET https://registry.npmjs.org/@expo/prebuild-config/-/prebuild-config-55.0.18.tgz attempt 1 failed with ECONNRESET
915 http fetch GET https://registry.npmjs.org/@expo/metro/-/metro-55.1.1.tgz attempt 1 failed with ECONNRESET
916 http fetch GET https://registry.npmjs.org/@expo/package-manager/-/package-manager-1.10.5.tgz attempt 1 failed with ECONNRESET
917 http fetch GET https://registry.npmjs.org/@expo/log-box/-/log-box-55.0.12.tgz attempt 1 failed with ECONNRESET
918 http fetch GET 200 https://registry.npmjs.org/@expo/fingerprint/-/fingerprint-0.16.7.tgz 8246ms (cache miss)
919 http fetch GET https://registry.npmjs.org/@expo/metro-config/-/metro-config-55.0.21.tgz attempt 1 failed with ECONNRESET
920 http fetch GET 200 https://registry.npmjs.org/@expo/local-build-cache-provider/-/local-build-cache-provider-55.0.13.tgz 9058ms (cache miss)
921 http fetch GET https://registry.npmjs.org/@expo/osascript/-/osascript-2.4.3.tgz attempt 1 failed with ECONNRESET
922 http fetch GET 200 https://registry.npmjs.org/@expo/env/-/env-2.1.2.tgz 11084ms (cache miss)
923 http fetch GET 200 https://registry.npmjs.org/@expo/dom-webview/-/dom-webview-55.0.6.tgz 12301ms (cache miss)
924 http fetch GET 200 https://registry.npmjs.org/@react-native/codegen/-/codegen-0.85.2.tgz 12467ms (cache miss)
925 http fetch GET 200 https://registry.npmjs.org/@expo/devtools/-/devtools-55.0.3.tgz 13401ms (cache miss)
926 http fetch GET 200 https://registry.npmjs.org/@expo/code-signing-certificates/-/code-signing-certificates-0.0.6.tgz 14783ms (cache miss)
927 http fetch GET 200 https://registry.npmjs.org/@expo/config-types/-/config-types-55.0.5.tgz 15605ms (cache miss)
928 http fetch GET 200 https://registry.npmjs.org/@react-native/debugger-shell/-/debugger-shell-0.83.6.tgz 16679ms (cache miss)
929 http fetch GET 200 https://registry.npmjs.org/@babel/traverse/-/traverse-7.29.0.tgz 16910ms (cache miss)
930 http fetch GET 200 https://registry.npmjs.org/@expo/json-file/-/json-file-10.0.14.tgz 17852ms (cache miss)
931 http fetch GET 200 https://registry.npmjs.org/@expo/config/-/config-55.0.17.tgz 18761ms (cache miss)
932 http fetch GET 200 https://registry.npmjs.org/@babel/plugin-transform-unicode-regex/-/plugin-transform-unicode-regex-7.27.1.tgz 18977ms (cache miss)
933 http fetch GET 200 https://registry.npmjs.org/@babel/template/-/template-7.28.6.tgz 18991ms (cache miss)
934 http fetch GET 200 https://registry.npmjs.org/@babel/preset-typescript/-/preset-typescript-7.28.5.tgz 19148ms (cache miss)
935 http fetch GET 200 https://registry.npmjs.org/@expo/config-plugins/-/config-plugins-55.0.9.tgz 19307ms (cache miss)
936 http fetch GET 200 https://registry.npmjs.org/@babel/types/-/types-7.29.0.tgz 19321ms (cache miss)
937 http fetch GET 200 https://registry.npmjs.org/@babel/preset-react/-/preset-react-7.28.5.tgz 19318ms (cache miss)
938 http fetch GET 200 https://registry.npmjs.org/@babel/plugin-transform-template-literals/-/plugin-transform-template-literals-7.27.1.tgz 19332ms (cache miss)
939 http fetch GET 200 https://registry.npmjs.org/@babel/plugin-transform-typescript/-/plugin-transform-typescript-7.28.6.tgz 19405ms (cache miss)
940 http fetch GET 200 https://registry.npmjs.org/@babel/plugin-transform-sticky-regex/-/plugin-transform-sticky-regex-7.27.1.tgz 19408ms (cache miss)
941 http fetch GET 200 https://registry.npmjs.org/@babel/plugin-transform-shorthand-properties/-/plugin-transform-shorthand-properties-7.27.1.tgz 19457ms (cache miss)
942 http fetch GET 200 https://registry.npmjs.org/@babel/plugin-transform-spread/-/plugin-transform-spread-7.28.6.tgz 19474ms (cache miss)
943 http fetch GET 200 https://registry.npmjs.org/@babel/plugin-transform-runtime/-/plugin-transform-runtime-7.29.0.tgz 19559ms (cache miss)
944 http fetch GET 200 https://registry.npmjs.org/@babel/plugin-transform-react-pure-annotations/-/plugin-transform-react-pure-annotations-7.27.1.tgz 19670ms (cache miss)
945 http fetch GET 200 https://registry.npmjs.org/@babel/plugin-transform-react-jsx-source/-/plugin-transform-react-jsx-source-7.27.1.tgz 19679ms (cache miss)
946 http fetch GET 200 https://registry.npmjs.org/@babel/plugin-transform-react-jsx-self/-/plugin-transform-react-jsx-self-7.27.1.tgz 19796ms (cache miss)
947 http fetch GET 200 https://registry.npmjs.org/@babel/plugin-transform-react-jsx-development/-/plugin-transform-react-jsx-development-7.27.1.tgz 19824ms (cache miss)
948 http fetch GET 200 https://registry.npmjs.org/@babel/plugin-transform-react-jsx/-/plugin-transform-react-jsx-7.28.6.tgz 19865ms (cache miss)
949 http fetch GET 200 https://registry.npmjs.org/@babel/plugin-transform-react-display-name/-/plugin-transform-react-display-name-7.28.0.tgz 19953ms (cache miss)
950 http fetch GET 200 https://registry.npmjs.org/@babel/plugin-transform-regenerator/-/plugin-transform-regenerator-7.29.0.tgz 19968ms (cache miss)
951 http fetch GET 200 https://registry.npmjs.org/@babel/plugin-transform-private-property-in-object/-/plugin-transform-private-property-in-object-7.28.6.tgz 19960ms (cache miss)
952 http fetch GET 200 https://registry.npmjs.org/@babel/plugin-transform-optional-chaining/-/plugin-transform-optional-chaining-7.28.6.tgz 20048ms (cache miss)
953 http fetch GET 200 https://registry.npmjs.org/@babel/plugin-transform-private-methods/-/plugin-transform-private-methods-7.28.6.tgz 20110ms (cache miss)
954 http fetch GET 200 https://registry.npmjs.org/@babel/plugin-transform-optional-catch-binding/-/plugin-transform-optional-catch-binding-7.28.6.tgz 20139ms (cache miss)
955 http fetch GET 200 https://registry.npmjs.org/@babel/plugin-transform-parameters/-/plugin-transform-parameters-7.27.7.tgz 20149ms (cache miss)
956 http fetch GET 200 https://registry.npmjs.org/@babel/plugin-transform-numeric-separator/-/plugin-transform-numeric-separator-7.28.6.tgz 20198ms (cache miss)
957 http fetch GET 200 https://registry.npmjs.org/@babel/plugin-transform-named-capturing-groups-regex/-/plugin-transform-named-capturing-groups-regex-7.29.0.tgz 20288ms (cache miss)
958 http fetch GET 200 https://registry.npmjs.org/@babel/plugin-transform-nullish-coalescing-operator/-/plugin-transform-nullish-coalescing-operator-7.28.6.tgz 20296ms (cache miss)
959 http fetch GET 200 https://registry.npmjs.org/@babel/plugin-transform-logical-assignment-operators/-/plugin-transform-logical-assignment-operators-7.28.6.tgz 20383ms (cache miss)
960 http fetch GET 200 https://registry.npmjs.org/@babel/plugin-transform-object-rest-spread/-/plugin-transform-object-rest-spread-7.28.6.tgz 20437ms (cache miss)
961 http fetch GET 200 https://registry.npmjs.org/@babel/plugin-transform-literals/-/plugin-transform-literals-7.27.1.tgz 20445ms (cache miss)
962 http fetch GET 200 https://registry.npmjs.org/@babel/plugin-transform-modules-commonjs/-/plugin-transform-modules-commonjs-7.28.6.tgz 20498ms (cache miss)
963 http fetch GET 200 https://registry.npmjs.org/@babel/runtime/-/runtime-7.29.2.tgz 20652ms (cache miss)
964 http fetch GET 200 https://registry.npmjs.org/@babel/plugin-transform-flow-strip-types/-/plugin-transform-flow-strip-types-7.27.1.tgz 20646ms (cache miss)
965 http fetch GET 200 https://registry.npmjs.org/@babel/plugin-transform-for-of/-/plugin-transform-for-of-7.27.1.tgz 20665ms (cache miss)
966 http fetch GET 200 https://registry.npmjs.org/@babel/plugin-transform-function-name/-/plugin-transform-function-name-7.27.1.tgz 20679ms (cache miss)
967 http fetch GET 200 https://registry.npmjs.org/@babel/plugin-transform-export-namespace-from/-/plugin-transform-export-namespace-from-7.27.1.tgz 20676ms (cache miss)
968 http fetch GET 200 https://registry.npmjs.org/@babel/plugin-transform-class-static-block/-/plugin-transform-class-static-block-7.28.6.tgz 20892ms (cache miss)
969 http fetch GET 200 https://registry.npmjs.org/@babel/plugin-transform-destructuring/-/plugin-transform-destructuring-7.28.5.tgz 20922ms (cache miss)
970 http fetch GET 200 https://registry.npmjs.org/@babel/plugin-transform-classes/-/plugin-transform-classes-7.28.6.tgz 20924ms (cache miss)
971 http fetch GET 200 https://registry.npmjs.org/@babel/plugin-transform-computed-properties/-/plugin-transform-computed-properties-7.28.6.tgz 20967ms (cache miss)
972 http fetch GET 200 https://registry.npmjs.org/@babel/plugin-transform-async-to-generator/-/plugin-transform-async-to-generator-7.28.6.tgz 21066ms (cache miss)
973 http fetch GET 200 https://registry.npmjs.org/@babel/plugin-transform-class-properties/-/plugin-transform-class-properties-7.28.6.tgz 21066ms (cache miss)
974 http fetch GET 200 https://registry.npmjs.org/@babel/plugin-transform-async-generator-functions/-/plugin-transform-async-generator-functions-7.29.0.tgz 21147ms (cache miss)
975 http fetch GET 200 https://registry.npmjs.org/@babel/plugin-transform-arrow-functions/-/plugin-transform-arrow-functions-7.27.1.tgz 21217ms (cache miss)
976 http fetch GET 200 https://registry.npmjs.org/@babel/plugin-syntax-typescript/-/plugin-syntax-typescript-7.28.6.tgz 21241ms (cache miss)
977 http fetch GET 200 https://registry.npmjs.org/@babel/plugin-transform-block-scoping/-/plugin-transform-block-scoping-7.28.6.tgz 21252ms (cache miss)
978 http fetch GET 200 https://registry.npmjs.org/@babel/plugin-syntax-private-property-in-object/-/plugin-syntax-private-property-in-object-7.14.5.tgz 21257ms (cache miss)
979 http fetch GET 200 https://registry.npmjs.org/@babel/plugin-syntax-optional-chaining/-/plugin-syntax-optional-chaining-7.8.3.tgz 21366ms (cache miss)
980 http fetch GET 200 https://registry.npmjs.org/@babel/plugin-syntax-top-level-await/-/plugin-syntax-top-level-await-7.14.5.tgz 21369ms (cache miss)
981 http fetch GET 200 https://registry.npmjs.org/@babel/plugin-syntax-optional-catch-binding/-/plugin-syntax-optional-catch-binding-7.8.3.tgz 21393ms (cache miss)
982 http fetch GET 200 https://registry.npmjs.org/@babel/plugin-syntax-object-rest-spread/-/plugin-syntax-object-rest-spread-7.8.3.tgz 21407ms (cache miss)
983 http fetch GET 200 https://registry.npmjs.org/@babel/plugin-syntax-nullish-coalescing-operator/-/plugin-syntax-nullish-coalescing-operator-7.8.3.tgz 21559ms (cache miss)
984 http fetch GET 200 https://registry.npmjs.org/@babel/plugin-syntax-numeric-separator/-/plugin-syntax-numeric-separator-7.10.4.tgz 21565ms (cache miss)
985 http fetch GET 200 https://registry.npmjs.org/@babel/plugin-syntax-jsx/-/plugin-syntax-jsx-7.28.6.tgz 21567ms (cache miss)
986 http fetch GET 200 https://registry.npmjs.org/@babel/plugin-syntax-import-attributes/-/plugin-syntax-import-attributes-7.28.6.tgz 21572ms (cache miss)
987 http fetch GET 200 https://registry.npmjs.org/@babel/plugin-syntax-json-strings/-/plugin-syntax-json-strings-7.8.3.tgz 21665ms (cache miss)
988 http fetch GET 200 https://registry.npmjs.org/@babel/plugin-syntax-logical-assignment-operators/-/plugin-syntax-logical-assignment-operators-7.10.4.tgz 21670ms (cache miss)
989 http fetch GET 200 https://registry.npmjs.org/@babel/plugin-syntax-import-meta/-/plugin-syntax-import-meta-7.10.4.tgz 21706ms (cache miss)
990 http fetch GET 200 https://registry.npmjs.org/@babel/plugin-syntax-export-default-from/-/plugin-syntax-export-default-from-7.28.6.tgz 21864ms (cache miss)
991 http fetch GET 200 https://registry.npmjs.org/@babel/plugin-syntax-class-properties/-/plugin-syntax-class-properties-7.12.13.tgz 21868ms (cache miss)
992 http fetch GET 200 https://registry.npmjs.org/@babel/plugin-syntax-dynamic-import/-/plugin-syntax-dynamic-import-7.8.3.tgz 21879ms (cache miss)
993 http fetch GET 200 https://registry.npmjs.org/@babel/plugin-syntax-flow/-/plugin-syntax-flow-7.28.6.tgz 21962ms (cache miss)
994 http fetch GET 200 https://registry.npmjs.org/@babel/plugin-syntax-decorators/-/plugin-syntax-decorators-7.28.6.tgz 22022ms (cache miss)
995 http fetch GET 200 https://registry.npmjs.org/@babel/plugin-syntax-class-static-block/-/plugin-syntax-class-static-block-7.14.5.tgz 22025ms (cache miss)
996 http fetch GET 200 https://registry.npmjs.org/@babel/plugin-syntax-async-generators/-/plugin-syntax-async-generators-7.8.4.tgz 22025ms (cache miss)
997 http fetch GET 200 https://registry.npmjs.org/@expo/image-utils/-/image-utils-0.8.14.tgz 22205ms (cache miss)
998 http fetch GET 200 https://registry.npmjs.org/@babel/plugin-syntax-bigint/-/plugin-syntax-bigint-7.8.3.tgz 22110ms (cache miss)
999 http fetch GET 200 https://registry.npmjs.org/@babel/plugin-proposal-decorators/-/plugin-proposal-decorators-7.29.0.tgz 22194ms (cache miss)
1000 http fetch GET 200 https://registry.npmjs.org/@babel/plugin-proposal-export-default-from/-/plugin-proposal-export-default-from-7.27.1.tgz 22198ms (cache miss)
1001 http fetch GET 200 https://registry.npmjs.org/@babel/helper-validator-option/-/helper-validator-option-7.27.1.tgz 22265ms (cache miss)
1002 http fetch GET 200 https://registry.npmjs.org/@expo/devcert/-/devcert-1.2.1.tgz 22439ms (cache miss)
1003 http fetch GET 200 https://registry.npmjs.org/@babel/helper-validator-identifier/-/helper-validator-identifier-7.28.5.tgz 22833ms (cache miss)
1004 http fetch GET 200 https://registry.npmjs.org/@babel/helper-skip-transparent-expression-wrappers/-/helper-skip-transparent-expression-wrappers-7.27.1.tgz 23469ms (cache miss)
1005 http fetch GET 200 https://registry.npmjs.org/@babel/helper-string-parser/-/helper-string-parser-7.27.1.tgz 23568ms (cache miss)
1006 http fetch GET 200 https://registry.npmjs.org/@babel/helper-replace-supers/-/helper-replace-supers-7.28.6.tgz 23852ms (cache miss)
1007 http fetch GET 200 https://registry.npmjs.org/@babel/helper-remap-async-to-generator/-/helper-remap-async-to-generator-7.27.1.tgz 24085ms (cache miss)
1008 http fetch GET 200 https://registry.npmjs.org/@babel/helper-plugin-utils/-/helper-plugin-utils-7.28.6.tgz 24735ms (cache miss)
1009 http fetch GET 200 https://registry.npmjs.org/@babel/parser/-/parser-7.29.2.tgz 24825ms (cache miss)
1010 http fetch GET 200 https://registry.npmjs.org/@babel/helper-module-imports/-/helper-module-imports-7.28.6.tgz 25163ms (cache miss)
1011 http fetch GET 200 https://registry.npmjs.org/@babel/helper-globals/-/helper-globals-7.28.0.tgz 25525ms (cache miss)
1012 http fetch GET 200 https://registry.npmjs.org/@babel/helper-member-expression-to-functions/-/helper-member-expression-to-functions-7.28.5.tgz 25529ms (cache miss)
1013 http fetch GET 200 https://registry.npmjs.org/@babel/helper-optimise-call-expression/-/helper-optimise-call-expression-7.27.1.tgz 25744ms (cache miss)
1014 http fetch GET 200 https://registry.npmjs.org/@babel/helper-create-regexp-features-plugin/-/helper-create-regexp-features-plugin-7.28.5.tgz 25955ms (cache miss)
1015 http fetch GET 200 https://registry.npmjs.org/@babel/helper-annotate-as-pure/-/helper-annotate-as-pure-7.27.3.tgz 25982ms (cache miss)
1016 http fetch GET 200 https://registry.npmjs.org/@babel/helper-compilation-targets/-/helper-compilation-targets-7.28.6.tgz 26018ms (cache miss)
1017 http fetch GET 200 https://registry.npmjs.org/@babel/helper-define-polyfill-provider/-/helper-define-polyfill-provider-0.6.8.tgz 26198ms (cache miss)
1018 http fetch GET 200 https://registry.npmjs.org/@babel/helpers/-/helpers-7.29.2.tgz 26269ms (cache miss)
1019 http fetch GET 200 https://registry.npmjs.org/@babel/generator/-/generator-7.29.1.tgz 27250ms (cache miss)
1020 http fetch GET 200 https://registry.npmjs.org/@babel/helper-module-transforms/-/helper-module-transforms-7.28.6.tgz 27345ms (cache miss)
1021 http fetch GET 200 https://registry.npmjs.org/@babel/core/-/core-7.29.0.tgz 27798ms (cache miss)
1022 http fetch GET 200 https://registry.npmjs.org/@egjs/hammerjs/-/hammerjs-2.0.17.tgz 28176ms (cache miss)
1023 http fetch GET 200 https://registry.npmjs.org/@babel/code-frame/-/code-frame-7.29.0.tgz 28218ms (cache miss)
1024 http fetch GET 200 https://registry.npmjs.org/@babel/compat-data/-/compat-data-7.29.0.tgz 28271ms (cache miss)
1025 http fetch GET 200 https://registry.npmjs.org/@babel/helper-wrap-function/-/helper-wrap-function-7.28.6.tgz 28316ms (cache miss)
1026 http fetch GET 200 https://registry.npmjs.org/@expo/vector-icons/-/vector-icons-15.1.1.tgz 31525ms (cache miss)
1027 http fetch GET 200 https://registry.npmjs.org/@expo/package-manager/-/package-manager-1.10.5.tgz 31685ms attempt #2 (cache miss)
1028 http fetch GET 200 https://registry.npmjs.org/camelcase/-/camelcase-5.3.1.tgz 31756ms (cache miss)
1029 http fetch GET 200 https://registry.npmjs.org/semver/-/semver-7.7.4.tgz 33240ms (cache miss)
1030 http fetch GET 200 https://registry.npmjs.org/argparse/-/argparse-2.0.1.tgz 33617ms (cache miss)
1031 http fetch GET 200 https://registry.npmjs.org/@babel/helper-create-class-features-plugin/-/helper-create-class-features-plugin-7.28.6.tgz 33853ms (cache miss)
1032 http fetch GET 200 https://registry.npmjs.org/metro-runtime/-/metro-runtime-0.83.6.tgz 34295ms (cache miss)
1033 http fetch GET 200 https://registry.npmjs.org/js-yaml/-/js-yaml-4.1.1.tgz 34613ms (cache miss)
1034 http fetch GET 200 https://registry.npmjs.org/fdir/-/fdir-6.5.0.tgz 34664ms (cache miss)
1035 http fetch GET 200 https://registry.npmjs.org/@expo/metro-config/-/metro-config-55.0.21.tgz 35216ms attempt #2 (cache miss)
1036 http fetch GET 200 https://registry.npmjs.org/picomatch/-/picomatch-4.0.4.tgz 35065ms (cache miss)
1037 http fetch GET 200 https://registry.npmjs.org/glob/-/glob-7.2.3.tgz 35092ms (cache miss)
1038 warn deprecated glob@7.2.3: Old versions of glob are not supported, and contain widely publicized security vulnerabilities, which have been fixed in the current version. Please update. Support for old versions may be purchased (at exorbitant rates) by contacting i@izs.me
1039 http fetch GET 200 https://registry.npmjs.org/xmlbuilder/-/xmlbuilder-11.0.1.tgz 35152ms (cache miss)
1040 http fetch GET 200 https://registry.npmjs.org/commander/-/commander-2.20.3.tgz 35164ms (cache miss)
1041 http fetch GET 200 https://registry.npmjs.org/minimatch/-/minimatch-3.1.5.tgz 35490ms (cache miss)
1042 http fetch GET 200 https://registry.npmjs.org/encodeurl/-/encodeurl-2.0.0.tgz 35620ms (cache miss)
1043 http fetch GET 200 https://registry.npmjs.org/statuses/-/statuses-2.0.2.tgz 35720ms (cache miss)
1044 http fetch GET 200 https://registry.npmjs.org/escape-string-regexp/-/escape-string-regexp-2.0.0.tgz 35778ms (cache miss)
1045 http fetch GET 200 https://registry.npmjs.org/encodeurl/-/encodeurl-2.0.0.tgz 35943ms (cache miss)
1046 http fetch GET 200 https://registry.npmjs.org/on-finished/-/on-finished-2.4.1.tgz 35964ms (cache miss)
1047 http fetch GET 200 https://registry.npmjs.org/@expo/metro/-/metro-55.1.1.tgz 36187ms attempt #2 (cache miss)
1048 http fetch GET 200 https://registry.npmjs.org/@expo/prebuild-config/-/prebuild-config-55.0.18.tgz 36252ms attempt #2 (cache miss)
1049 http fetch GET 200 https://registry.npmjs.org/@expo/log-box/-/log-box-55.0.12.tgz 36447ms attempt #2 (cache miss)
1050 http fetch GET 200 https://registry.npmjs.org/minimatch/-/minimatch-3.1.5.tgz 36316ms (cache miss)
1051 http fetch GET 200 https://registry.npmjs.org/ms/-/ms-2.0.0.tgz 36421ms (cache miss)
1052 http fetch GET 200 https://registry.npmjs.org/source-map/-/source-map-0.6.1.tgz 36646ms (cache miss)
1053 http fetch GET 200 https://registry.npmjs.org/@react-native/normalize-colors/-/normalize-colors-0.74.89.tgz 36794ms (cache miss)
1054 http fetch GET 200 https://registry.npmjs.org/brace-expansion/-/brace-expansion-1.1.14.tgz 36814ms (cache miss)
1055 http fetch GET 200 https://registry.npmjs.org/@expo/osascript/-/osascript-2.4.3.tgz 37027ms attempt #2 (cache miss)
1056 http fetch GET 200 https://registry.npmjs.org/debug/-/debug-2.6.9.tgz 36886ms (cache miss)
1057 http fetch GET 200 https://registry.npmjs.org/react-native-is-edge-to-edge/-/react-native-is-edge-to-edge-1.2.1.tgz 37069ms (cache miss)
1058 http fetch GET 200 https://registry.npmjs.org/memoize-one/-/memoize-one-6.0.0.tgz 37267ms (cache miss)
1059 http fetch GET 200 https://registry.npmjs.org/semver/-/semver-7.7.3.tgz 37330ms (cache miss)
1060 http fetch GET 200 https://registry.npmjs.org/metro-config/-/metro-config-0.83.6.tgz 37368ms (cache miss)
1061 http fetch GET 200 https://registry.npmjs.org/@react-native/virtualized-lists/-/virtualized-lists-0.83.6.tgz 37911ms (cache miss)
1062 http fetch GET 200 https://registry.npmjs.org/semver/-/semver-7.7.4.tgz 38114ms (cache miss)
1063 http fetch GET 200 https://registry.npmjs.org/semver/-/semver-7.7.4.tgz 38106ms (cache miss)
1064 http fetch GET 200 https://registry.npmjs.org/@react-native/js-polyfills/-/js-polyfills-0.83.6.tgz 38174ms (cache miss)
1065 http fetch GET 200 https://registry.npmjs.org/brace-expansion/-/brace-expansion-1.1.14.tgz 38209ms (cache miss)
1066 http fetch GET 200 https://registry.npmjs.org/metro-runtime/-/metro-runtime-0.83.6.tgz 38191ms (cache miss)
1067 http fetch GET 200 https://registry.npmjs.org/react-refresh/-/react-refresh-0.14.2.tgz 38628ms (cache miss)
1068 http fetch GET 200 https://registry.npmjs.org/glob/-/glob-7.2.3.tgz 38707ms (cache miss)
1069 warn deprecated glob@7.2.3: Old versions of glob are not supported, and contain widely publicized security vulnerabilities, which have been fixed in the current version. Please update. Support for old versions may be purchased (at exorbitant rates) by contacting i@izs.me
1070 http fetch GET 200 https://registry.npmjs.org/babel-plugin-syntax-hermes-parser/-/babel-plugin-syntax-hermes-parser-0.32.0.tgz 38856ms (cache miss)
1071 http fetch GET 200 https://registry.npmjs.org/brace-expansion/-/brace-expansion-1.1.14.tgz 39298ms (cache miss)
1072 http fetch GET 200 https://registry.npmjs.org/minimatch/-/minimatch-3.1.5.tgz 39349ms (cache miss)
1073 http fetch GET 200 https://registry.npmjs.org/hermes-estree/-/hermes-estree-0.32.0.tgz 39411ms (cache miss)
1074 http fetch GET 200 https://registry.npmjs.org/glob/-/glob-7.2.3.tgz 39538ms (cache miss)
1075 warn deprecated glob@7.2.3: Old versions of glob are not supported, and contain widely publicized security vulnerabilities, which have been fixed in the current version. Please update. Support for old versions may be purchased (at exorbitant rates) by contacting i@izs.me
1076 http fetch GET 200 https://registry.npmjs.org/y18n/-/y18n-4.0.3.tgz 39590ms (cache miss)
1077 http fetch GET 200 https://registry.npmjs.org/yargs-parser/-/yargs-parser-18.1.3.tgz 39642ms (cache miss)
1078 http fetch GET 200 https://registry.npmjs.org/wrap-ansi/-/wrap-ansi-6.2.0.tgz 39664ms (cache miss)
1079 http fetch GET 200 https://registry.npmjs.org/camelcase/-/camelcase-5.3.1.tgz 39779ms (cache miss)
1080 http fetch GET 200 https://registry.npmjs.org/@react-native/codegen/-/codegen-0.83.6.tgz 40337ms (cache miss)
1081 http fetch GET 200 https://registry.npmjs.org/yargs/-/yargs-15.4.1.tgz 40641ms (cache miss)
1082 http fetch GET 200 https://registry.npmjs.org/react-is/-/react-is-16.13.1.tgz 40744ms (cache miss)
1083 http fetch GET 200 https://registry.npmjs.org/commander/-/commander-12.1.0.tgz 40819ms (cache miss)
1084 http fetch GET 200 https://registry.npmjs.org/cliui/-/cliui-6.0.0.tgz 41102ms (cache miss)
1085 http fetch GET 200 https://registry.npmjs.org/p-limit/-/p-limit-2.3.0.tgz 41319ms (cache miss)
1086 http fetch GET 200 https://registry.npmjs.org/has-flag/-/has-flag-3.0.0.tgz 41580ms (cache miss)
1087 http fetch GET 200 https://registry.npmjs.org/ansi-styles/-/ansi-styles-5.2.0.tgz 41638ms (cache miss)
1088 http fetch GET 200 https://registry.npmjs.org/pngjs/-/pngjs-5.0.0.tgz 41653ms (cache miss)
1089 http fetch GET 200 https://registry.npmjs.org/color-name/-/color-name-1.1.3.tgz 41804ms (cache miss)
1090 http fetch GET 200 https://registry.npmjs.org/supports-color/-/supports-color-5.5.0.tgz 42150ms (cache miss)
1091 http fetch GET 200 https://registry.npmjs.org/strip-ansi/-/strip-ansi-5.2.0.tgz 42150ms (cache miss)
1092 http fetch GET 200 https://registry.npmjs.org/escape-string-regexp/-/escape-string-regexp-1.0.5.tgz 42148ms (cache miss)
1093 http fetch GET 200 https://registry.npmjs.org/color-convert/-/color-convert-1.9.3.tgz 42304ms (cache miss)
1094 http fetch GET 200 https://registry.npmjs.org/ansi-styles/-/ansi-styles-3.2.1.tgz 42395ms (cache miss)
1095 http fetch GET 200 https://registry.npmjs.org/ansi-regex/-/ansi-regex-4.1.1.tgz 42453ms (cache miss)
1096 http fetch GET 200 https://registry.npmjs.org/react-is/-/react-is-18.3.1.tgz 42739ms (cache miss)
1097 http fetch GET 200 https://registry.npmjs.org/ob1/-/ob1-0.84.3.tgz 42719ms (cache miss)
1098 http fetch GET 200 https://registry.npmjs.org/metro-transform-worker/-/metro-transform-worker-0.84.3.tgz 42721ms (cache miss)
1099 http fetch GET 200 https://registry.npmjs.org/metro-symbolicate/-/metro-symbolicate-0.84.3.tgz 42977ms (cache miss)
1100 http fetch GET 200 https://registry.npmjs.org/semver/-/semver-7.8.0.tgz 43031ms (cache miss)
1101 http fetch GET 200 https://registry.npmjs.org/metro-transform-plugins/-/metro-transform-plugins-0.84.3.tgz 43345ms (cache miss)
1102 http fetch GET 200 https://registry.npmjs.org/chalk/-/chalk-2.4.2.tgz 43813ms (cache miss)
1103 http fetch GET 200 https://registry.npmjs.org/metro-source-map/-/metro-source-map-0.84.3.tgz 43976ms (cache miss)
1104 http fetch GET 200 https://registry.npmjs.org/metro-minify-terser/-/metro-minify-terser-0.84.3.tgz 44131ms (cache miss)
1105 http fetch GET 200 https://registry.npmjs.org/metro-resolver/-/metro-resolver-0.84.3.tgz 44148ms (cache miss)
1106 http fetch GET 200 https://registry.npmjs.org/metro-core/-/metro-core-0.84.3.tgz 44186ms (cache miss)
1107 http fetch GET 200 https://registry.npmjs.org/metro-babel-transformer/-/metro-babel-transformer-0.84.3.tgz 44509ms (cache miss)
1108 http fetch GET 200 https://registry.npmjs.org/metro-cache/-/metro-cache-0.84.3.tgz 44731ms (cache miss)
1109 http fetch GET 200 https://registry.npmjs.org/metro-cache-key/-/metro-cache-key-0.84.3.tgz 44852ms (cache miss)
1110 http fetch GET 200 https://registry.npmjs.org/metro-runtime/-/metro-runtime-0.83.6.tgz 45079ms (cache miss)
1111 http fetch GET 200 https://registry.npmjs.org/type-fest/-/type-fest-5.6.0.tgz 45216ms (cache miss)
1112 http fetch GET 200 https://registry.npmjs.org/lru-cache/-/lru-cache-11.3.5.tgz 45428ms (cache miss)
1113 http fetch GET 200 https://registry.npmjs.org/react-native/-/react-native-0.83.6.tgz 45772ms (cache miss)
1114 http fetch GET 200 https://registry.npmjs.org/supports-color/-/supports-color-5.5.0.tgz 46294ms (cache miss)
1115 http fetch GET 200 https://registry.npmjs.org/has-flag/-/has-flag-3.0.0.tgz 47034ms (cache miss)
1116 http fetch GET 200 https://registry.npmjs.org/hermes-estree/-/hermes-estree-0.35.0.tgz 47680ms (cache miss)
1117 http fetch GET 200 https://registry.npmjs.org/hermes-estree/-/hermes-estree-0.35.0.tgz 48314ms (cache miss)
1118 http fetch GET 200 https://registry.npmjs.org/escape-string-regexp/-/escape-string-regexp-1.0.5.tgz 48525ms (cache miss)
1119 http fetch GET 200 https://registry.npmjs.org/metro/-/metro-0.84.3.tgz 48800ms (cache miss)
1120 http fetch GET 200 https://registry.npmjs.org/color-convert/-/color-convert-1.9.3.tgz 48849ms (cache miss)
1121 http fetch GET 200 https://registry.npmjs.org/color-name/-/color-name-1.1.3.tgz 48974ms (cache miss)
1122 http fetch GET 200 https://registry.npmjs.org/hermes-parser/-/hermes-parser-0.35.0.tgz 49236ms (cache miss)
1123 http fetch GET 200 https://registry.npmjs.org/chalk/-/chalk-2.4.2.tgz 49339ms (cache miss)
1124 http fetch GET 200 https://registry.npmjs.org/metro-config/-/metro-config-0.83.6.tgz 49534ms (cache miss)
1125 http fetch GET 200 https://registry.npmjs.org/ms/-/ms-2.0.0.tgz 49553ms (cache miss)
1126 http fetch GET 200 https://registry.npmjs.org/supports-color/-/supports-color-8.1.1.tgz 49625ms (cache miss)
1127 http fetch GET 200 https://registry.npmjs.org/ci-info/-/ci-info-3.9.0.tgz 49733ms (cache miss)
1128 http fetch GET 200 https://registry.npmjs.org/ansi-styles/-/ansi-styles-3.2.1.tgz 49908ms (cache miss)
1129 http fetch GET 200 https://registry.npmjs.org/react-is/-/react-is-16.13.1.tgz 50108ms (cache miss)
1130 http fetch GET 200 https://registry.npmjs.org/statuses/-/statuses-2.0.2.tgz 50181ms (cache miss)
1131 http fetch GET 200 https://registry.npmjs.org/debug/-/debug-2.6.9.tgz 50543ms (cache miss)
1132 http fetch GET 200 https://registry.npmjs.org/debug/-/debug-2.6.9.tgz 50611ms (cache miss)
1133 http fetch GET 200 https://registry.npmjs.org/ms/-/ms-2.0.0.tgz 50930ms (cache miss)
1134 http fetch GET 200 https://registry.npmjs.org/hermes-parser/-/hermes-parser-0.32.0.tgz 51226ms (cache miss)
1135 http fetch GET 200 https://registry.npmjs.org/promise/-/promise-7.3.1.tgz 51399ms (cache miss)
1136 http fetch GET 200 https://registry.npmjs.org/react-refresh/-/react-refresh-0.14.2.tgz 51785ms (cache miss)
1137 http fetch GET 200 https://registry.npmjs.org/metro-file-map/-/metro-file-map-0.84.3.tgz 51842ms (cache miss)
1138 http fetch GET 200 https://registry.npmjs.org/ws/-/ws-8.20.1.tgz 52161ms (cache miss)
1139 http fetch GET 200 https://registry.npmjs.org/@expo/router-server/-/router-server-55.0.16.tgz 52417ms (cache miss)
1140 http fetch GET 200 https://registry.npmjs.org/picomatch/-/picomatch-4.0.4.tgz 52583ms (cache miss)
1141 http fetch GET 200 https://registry.npmjs.org/semver/-/semver-7.8.0.tgz 52589ms (cache miss)
1142 http fetch GET 200 https://registry.npmjs.org/negotiator/-/negotiator-0.6.3.tgz 52614ms (cache miss)
1143 http fetch GET 200 https://registry.npmjs.org/accepts/-/accepts-1.3.8.tgz 52803ms (cache miss)
1144 http fetch GET 200 https://registry.npmjs.org/mime-types/-/mime-types-2.1.35.tgz 53078ms (cache miss)
1145 http fetch GET 200 https://registry.npmjs.org/hermes-parser/-/hermes-parser-0.35.0.tgz 53270ms (cache miss)
1146 http fetch GET 200 https://registry.npmjs.org/ms/-/ms-2.0.0.tgz 53233ms (cache miss)
1147 http fetch GET 200 https://registry.npmjs.org/debug/-/debug-2.6.9.tgz 53441ms (cache miss)
1148 http fetch GET 200 https://registry.npmjs.org/ci-info/-/ci-info-3.9.0.tgz 53453ms (cache miss)
1149 http fetch GET 200 https://registry.npmjs.org/negotiator/-/negotiator-0.6.4.tgz 53535ms (cache miss)
1150 http fetch GET 200 https://registry.npmjs.org/ms/-/ms-2.0.0.tgz 54017ms (cache miss)
1151 http fetch GET 200 https://registry.npmjs.org/debug/-/debug-2.6.9.tgz 54089ms (cache miss)
1152 http fetch GET 200 https://registry.npmjs.org/balanced-match/-/balanced-match-4.0.4.tgz 54390ms (cache miss)
1153 http fetch GET 200 https://registry.npmjs.org/open/-/open-8.4.2.tgz 55284ms (cache miss)
1154 http fetch GET 200 https://registry.npmjs.org/babel-plugin-syntax-hermes-parser/-/babel-plugin-syntax-hermes-parser-0.32.0.tgz 55445ms (cache miss)
1155 http fetch GET 200 https://registry.npmjs.org/@react-native/babel-preset/-/babel-preset-0.83.6.tgz 55786ms (cache miss)
1156 http fetch GET 200 https://registry.npmjs.org/minimatch/-/minimatch-3.1.5.tgz 56213ms (cache miss)
1157 http fetch GET 200 https://registry.npmjs.org/source-map/-/source-map-0.6.1.tgz 56241ms (cache miss)
1158 http fetch GET 200 https://registry.npmjs.org/hermes-estree/-/hermes-estree-0.35.0.tgz 56576ms (cache miss)
1159 http fetch GET 200 https://registry.npmjs.org/@react-native/babel-plugin-codegen/-/babel-plugin-codegen-0.83.6.tgz 56887ms (cache miss)
1160 http fetch GET 200 https://registry.npmjs.org/glob/-/glob-7.2.3.tgz 67109ms (cache miss)
1161 warn deprecated glob@7.2.3: Old versions of glob are not supported, and contain widely publicized security vulnerabilities, which have been fixed in the current version. Please update. Support for old versions may be purchased (at exorbitant rates) by contacting i@izs.me
1162 http fetch GET 200 https://registry.npmjs.org/brace-expansion/-/brace-expansion-1.1.14.tgz 67212ms (cache miss)
1163 http fetch GET 200 https://registry.npmjs.org/babel-plugin-syntax-hermes-parser/-/babel-plugin-syntax-hermes-parser-0.32.1.tgz 67846ms (cache miss)
1164 http fetch GET 200 https://registry.npmjs.org/hermes-estree/-/hermes-estree-0.32.0.tgz 67916ms (cache miss)
1165 http fetch GET 200 https://registry.npmjs.org/type-fest/-/type-fest-0.21.3.tgz 68348ms (cache miss)
1166 http fetch GET 200 https://registry.npmjs.org/@react-native/codegen/-/codegen-0.83.6.tgz 68468ms (cache miss)
1167 http fetch GET 200 https://registry.npmjs.org/react-refresh/-/react-refresh-0.14.2.tgz 68607ms (cache miss)
1168 http fetch GET 200 https://registry.npmjs.org/react-refresh/-/react-refresh-0.14.2.tgz 68943ms (cache miss)
1169 http fetch GET 200 https://registry.npmjs.org/ob1/-/ob1-0.83.7.tgz 69065ms (cache miss)
1170 http fetch GET 200 https://registry.npmjs.org/hermes-parser/-/hermes-parser-0.32.0.tgz 69116ms (cache miss)
1171 http fetch GET 200 https://registry.npmjs.org/semver/-/semver-7.8.0.tgz 69118ms (cache miss)
1172 http fetch GET 200 https://registry.npmjs.org/mime-db/-/mime-db-1.52.0.tgz 69174ms (cache miss)
1173 http fetch GET 200 https://registry.npmjs.org/picomatch/-/picomatch-4.0.4.tgz 69312ms (cache miss)
1174 http fetch GET 200 https://registry.npmjs.org/metro-transform-worker/-/metro-transform-worker-0.83.7.tgz 69515ms (cache miss)
1175 http fetch GET 200 https://registry.npmjs.org/metro-transform-plugins/-/metro-transform-plugins-0.83.7.tgz 69957ms (cache miss)
1176 http fetch GET 200 https://registry.npmjs.org/metro-symbolicate/-/metro-symbolicate-0.83.7.tgz 70444ms (cache miss)
1177 http fetch GET 200 https://registry.npmjs.org/metro-source-map/-/metro-source-map-0.83.7.tgz 71454ms (cache miss)
1178 http fetch GET 200 https://registry.npmjs.org/metro-minify-terser/-/metro-minify-terser-0.83.7.tgz 72194ms (cache miss)
1179 http fetch GET 200 https://registry.npmjs.org/metro-runtime/-/metro-runtime-0.83.7.tgz 72372ms (cache miss)
1180 http fetch GET 200 https://registry.npmjs.org/hermes-estree/-/hermes-estree-0.32.1.tgz 72483ms (cache miss)
1181 http fetch GET 200 https://registry.npmjs.org/metro-core/-/metro-core-0.83.7.tgz 72950ms (cache miss)
1182 http fetch GET 200 https://registry.npmjs.org/lru-cache/-/lru-cache-10.4.3.tgz 73177ms (cache miss)
1183 http fetch GET 200 https://registry.npmjs.org/@react-native/debugger-frontend/-/debugger-frontend-0.83.6.tgz 73583ms (cache miss)
1184 http fetch GET 200 https://registry.npmjs.org/metro-resolver/-/metro-resolver-0.83.7.tgz 73200ms (cache miss)
1185 http fetch GET 200 https://registry.npmjs.org/metro-cache-key/-/metro-cache-key-0.83.7.tgz 73325ms (cache miss)
1186 http fetch GET 200 https://registry.npmjs.org/metro-config/-/metro-config-0.83.7.tgz 73400ms (cache miss)
1187 http fetch GET 200 https://registry.npmjs.org/metro-cache/-/metro-cache-0.83.7.tgz 73551ms (cache miss)
1188 http fetch GET 200 https://registry.npmjs.org/metro-babel-transformer/-/metro-babel-transformer-0.83.7.tgz 73832ms (cache miss)
1189 http fetch GET 200 https://registry.npmjs.org/metro-file-map/-/metro-file-map-0.83.7.tgz 73884ms (cache miss)
1190 http fetch GET 200 https://registry.npmjs.org/hermes-parser/-/hermes-parser-0.32.1.tgz 75116ms (cache miss)
1191 http fetch GET 200 https://registry.npmjs.org/semver/-/semver-7.8.0.tgz 75264ms (cache miss)
1192 http fetch GET 200 https://registry.npmjs.org/hermes-estree/-/hermes-estree-0.35.0.tgz 75284ms (cache miss)
1193 http fetch GET 200 https://registry.npmjs.org/semver/-/semver-7.7.4.tgz 75894ms (cache miss)
1194 http fetch GET 200 https://registry.npmjs.org/semver/-/semver-7.8.0.tgz 76191ms (cache miss)
1195 http fetch GET 200 https://registry.npmjs.org/semver/-/semver-7.8.0.tgz 76411ms (cache miss)
1196 http fetch GET 200 https://registry.npmjs.org/debug/-/debug-3.2.7.tgz 77078ms (cache miss)
1197 http fetch GET 200 https://registry.npmjs.org/hermes-parser/-/hermes-parser-0.35.0.tgz 77293ms (cache miss)
1198 http fetch GET 200 https://registry.npmjs.org/hermes-parser/-/hermes-parser-0.32.1.tgz 81844ms (cache miss)
1199 http fetch GET 200 https://registry.npmjs.org/hermes-estree/-/hermes-estree-0.32.1.tgz 82283ms (cache miss)
1200 http fetch GET 200 https://registry.npmjs.org/fb-dotslash/-/fb-dotslash-0.5.8.tgz 83276ms (cache miss)
1201 http fetch GET 200 https://registry.npmjs.org/@expo/cli/-/cli-55.0.30.tgz 87039ms (cache miss)
1202 http fetch GET 200 https://registry.npmjs.org/metro/-/metro-0.83.7.tgz 115066ms (cache miss)
1203 http fetch GET 200 https://registry.npmjs.org/hermes-parser/-/hermes-parser-0.35.0.tgz 139993ms (cache miss)
1204 http fetch GET 200 https://registry.npmjs.org/expo-media-library/-/expo-media-library-55.0.17.tgz 160780ms (cache miss)
1205 http fetch GET 200 https://registry.npmjs.org/expo-file-system/-/expo-file-system-55.0.20.tgz 187808ms (cache miss)
1206 http fetch GET 200 https://registry.npmjs.org/expo-modules-core/-/expo-modules-core-55.0.25.tgz 244673ms (cache miss)
1207 http fetch GET 200 https://registry.npmjs.org/hermes-compiler/-/hermes-compiler-0.14.1.tgz 314475ms (cache miss)
1208 http fetch GET 200 https://registry.npmjs.org/expo-camera/-/expo-camera-55.0.18.tgz 317293ms (cache miss)
1209 silly CHANGE node_modules/@react-native/community-cli-plugin/node_modules/semver
1210 silly CHANGE node_modules/@react-native/community-cli-plugin/node_modules/metro-runtime
1211 silly CHANGE node_modules/@react-native/community-cli-plugin/node_modules/metro-config
1212 silly CHANGE node_modules/@istanbuljs/load-nyc-config/node_modules/camelcase
1213 silly CHANGE node_modules/@expo/xcpretty
1214 silly CHANGE node_modules/@expo/xcpretty/node_modules/js-yaml
1215 silly CHANGE node_modules/@expo/xcpretty/node_modules/argparse
1216 silly CHANGE node_modules/zxing-wasm/node_modules/type-fest
1217 silly CHANGE node_modules/yaml
1218 silly CHANGE node_modules/xml2js/node_modules/xmlbuilder
1219 silly CHANGE node_modules/which
1220 silly CHANGE node_modules/uuid
1221 silly CHANGE node_modules/update-browserslist-db
1222 silly CHANGE node_modules/ua-parser-js
1223 silly CHANGE node_modules/tinyglobby/node_modules/picomatch
1224 silly CHANGE node_modules/tinyglobby/node_modules/fdir
1225 silly CHANGE node_modules/test-exclude/node_modules/minimatch
1226 silly CHANGE node_modules/test-exclude/node_modules/glob
1227 silly CHANGE node_modules/test-exclude/node_modules/brace-expansion
1228 silly CHANGE node_modules/terser
1229 silly CHANGE node_modules/terser/node_modules/commander
1230 silly CHANGE node_modules/stack-utils/node_modules/escape-string-regexp
1231 silly CHANGE node_modules/source-map-support/node_modules/source-map
1232 silly CHANGE node_modules/serve-static/node_modules/encodeurl
1233 silly CHANGE node_modules/send/node_modules/statuses
1234 silly CHANGE node_modules/send/node_modules/on-finished
1235 silly CHANGE node_modules/send/node_modules/encodeurl
1236 silly CHANGE node_modules/send/node_modules/debug
1237 silly CHANGE node_modules/send/node_modules/debug/node_modules/ms
1238 silly CHANGE node_modules/semver
1239 silly CHANGE node_modules/rimraf
1240 silly CHANGE node_modules/rimraf/node_modules/minimatch
1241 silly CHANGE node_modules/rimraf/node_modules/glob
1242 silly CHANGE node_modules/rimraf/node_modules/brace-expansion
1243 silly CHANGE node_modules/resolve
1244 silly CHANGE node_modules/regjsparser
1245 silly CHANGE node_modules/react-native-worklets/node_modules/semver
1246 silly CHANGE node_modules/react-native-web/node_modules/@react-native/normalize-colors
1247 silly CHANGE node_modules/react-native-web/node_modules/memoize-one
1248 silly CHANGE node_modules/react-native-reanimated/node_modules/semver
1249 silly CHANGE node_modules/react-native-reanimated/node_modules/react-native-is-edge-to-edge
1250 silly CHANGE node_modules/react-native
1251 silly CHANGE node_modules/react-native/node_modules/@react-native/virtualized-lists
1252 silly CHANGE node_modules/react-native/node_modules/@react-native/js-polyfills
1253 silly CHANGE node_modules/react-native/node_modules/@react-native/codegen
1254 silly CHANGE node_modules/react-native/node_modules/react-refresh
1255 silly CHANGE node_modules/react-native/node_modules/semver
1256 silly CHANGE node_modules/react-native/node_modules/minimatch
1257 silly CHANGE node_modules/react-native/node_modules/metro-runtime
1258 silly CHANGE node_modules/react-native/node_modules/hermes-parser
1259 silly CHANGE node_modules/react-native/node_modules/hermes-estree
1260 silly CHANGE node_modules/react-native/node_modules/glob
1261 silly CHANGE node_modules/react-native/node_modules/commander
1262 silly CHANGE node_modules/react-native/node_modules/brace-expansion
1263 silly CHANGE node_modules/react-native/node_modules/babel-plugin-syntax-hermes-parser
1264 silly CHANGE node_modules/qrcode
1265 silly CHANGE node_modules/qrcode/node_modules/yargs-parser
1266 silly CHANGE node_modules/qrcode/node_modules/yargs
1267 silly CHANGE node_modules/qrcode/node_modules/y18n
1268 silly CHANGE node_modules/qrcode/node_modules/wrap-ansi
1269 silly CHANGE node_modules/qrcode/node_modules/pngjs
1270 silly CHANGE node_modules/qrcode/node_modules/cliui
1271 silly CHANGE node_modules/qrcode/node_modules/camelcase
1272 silly CHANGE node_modules/prop-types/node_modules/react-is
1273 silly CHANGE node_modules/pretty-format/node_modules/react-is
1274 silly CHANGE node_modules/pretty-format/node_modules/ansi-styles
1275 silly CHANGE node_modules/path-scurry/node_modules/lru-cache
1276 silly CHANGE node_modules/p-locate/node_modules/p-limit
1277 silly CHANGE node_modules/ora/node_modules/supports-color
1278 silly CHANGE node_modules/ora/node_modules/strip-ansi
1279 silly CHANGE node_modules/ora/node_modules/has-flag
1280 silly CHANGE node_modules/ora/node_modules/escape-string-regexp
1281 silly CHANGE node_modules/ora/node_modules/color-name
1282 silly CHANGE node_modules/ora/node_modules/color-convert
1283 silly CHANGE node_modules/ora/node_modules/chalk
1284 silly CHANGE node_modules/ora/node_modules/ansi-styles
1285 silly CHANGE node_modules/ora/node_modules/ansi-regex
1286 silly CHANGE node_modules/npm-package-arg/node_modules/semver
1287 silly CHANGE node_modules/nanoid
1288 silly CHANGE node_modules/mkdirp
1289 silly CHANGE node_modules/mime
1290 silly CHANGE node_modules/metro-symbolicate
1291 silly CHANGE node_modules/metro-config/node_modules/ob1
1292 silly CHANGE node_modules/metro-config/node_modules/metro-transform-worker
1293 silly CHANGE node_modules/metro-config/node_modules/metro-transform-plugins
1294 silly CHANGE node_modules/metro-config/node_modules/metro-symbolicate
1295 silly CHANGE node_modules/metro-config/node_modules/metro-source-map
1296 silly CHANGE node_modules/metro-config/node_modules/metro-resolver
1297 silly CHANGE node_modules/metro-config/node_modules/metro-minify-terser
1298 silly CHANGE node_modules/metro-config/node_modules/metro-file-map
1299 silly CHANGE node_modules/metro-config/node_modules/metro-core
1300 silly CHANGE node_modules/metro-config/node_modules/metro-cache-key
1301 silly CHANGE node_modules/metro-config/node_modules/metro-cache
1302 silly CHANGE node_modules/metro-config/node_modules/metro-babel-transformer
1303 silly CHANGE node_modules/metro-config/node_modules/metro
1304 silly CHANGE node_modules/metro-config/node_modules/hermes-parser
1305 silly CHANGE node_modules/metro-config/node_modules/hermes-estree
1306 silly CHANGE node_modules/metro-babel-transformer/node_modules/hermes-parser
1307 silly CHANGE node_modules/metro-babel-transformer/node_modules/hermes-estree
1308 silly CHANGE node_modules/metro
1309 silly CHANGE node_modules/metro/node_modules/metro-runtime
1310 silly CHANGE node_modules/metro/node_modules/metro-config
1311 silly CHANGE node_modules/metro/node_modules/hermes-parser
1312 silly CHANGE node_modules/metro/node_modules/hermes-estree
1313 silly CHANGE node_modules/loose-envify
1314 silly CHANGE node_modules/log-symbols/node_modules/supports-color
1315 silly CHANGE node_modules/log-symbols/node_modules/has-flag
1316 silly CHANGE node_modules/log-symbols/node_modules/escape-string-regexp
1317 silly CHANGE node_modules/log-symbols/node_modules/color-name
1318 silly CHANGE node_modules/log-symbols/node_modules/color-convert
1319 silly CHANGE node_modules/log-symbols/node_modules/chalk
1320 silly CHANGE node_modules/log-symbols/node_modules/ansi-styles
1321 silly CHANGE node_modules/lighthouse-logger/node_modules/ms
1322 silly CHANGE node_modules/lighthouse-logger/node_modules/debug
1323 silly CHANGE node_modules/lan-network
1324 silly CHANGE node_modules/json5
1325 silly CHANGE node_modules/jsesc
1326 silly CHANGE node_modules/js-yaml
1327 silly CHANGE node_modules/jest-worker/node_modules/supports-color
1328 silly CHANGE node_modules/jest-util/node_modules/ci-info
1329 silly CHANGE node_modules/is-docker
1330 silly CHANGE node_modules/image-size
1331 silly CHANGE node_modules/http-errors/node_modules/statuses
1332 silly CHANGE node_modules/hosted-git-info/node_modules/lru-cache
1333 silly CHANGE node_modules/hoist-non-react-statics/node_modules/react-is
1334 silly CHANGE node_modules/finalhandler/node_modules/ms
1335 silly CHANGE node_modules/finalhandler/node_modules/debug
1336 silly CHANGE node_modules/fbjs/node_modules/promise
1337 silly CHANGE node_modules/expo-modules-autolinking
1338 silly CHANGE node_modules/expo
1339 silly CHANGE node_modules/expo/node_modules/@expo/cli
1340 silly CHANGE node_modules/expo/node_modules/@expo/cli/node_modules/@expo/router-server
1341 silly CHANGE node_modules/expo/node_modules/ws
1342 silly CHANGE node_modules/expo/node_modules/semver
1343 silly CHANGE node_modules/expo/node_modules/react-refresh
1344 silly CHANGE node_modules/expo/node_modules/picomatch
1345 silly CHANGE node_modules/expo/node_modules/negotiator
1346 silly CHANGE node_modules/expo/node_modules/mime-types
1347 silly CHANGE node_modules/expo/node_modules/mime-db
1348 silly CHANGE node_modules/expo/node_modules/ci-info
1349 silly CHANGE node_modules/expo/node_modules/accepts
1350 silly CHANGE node_modules/esprima
1351 silly CHANGE node_modules/css-tree/node_modules/source-map
1352 silly CHANGE node_modules/connect/node_modules/ms
1353 silly CHANGE node_modules/connect/node_modules/debug
1354 silly CHANGE node_modules/compression/node_modules/negotiator
1355 silly CHANGE node_modules/compression/node_modules/ms
1356 silly CHANGE node_modules/compression/node_modules/debug
1357 silly CHANGE node_modules/chrome-launcher
1358 silly CHANGE node_modules/browserslist
1359 silly CHANGE node_modules/brace-expansion/node_modules/balanced-match
1360 silly CHANGE node_modules/better-opn/node_modules/open
1361 silly CHANGE node_modules/baseline-browser-mapping
1362 silly CHANGE node_modules/babel-preset-expo/node_modules/@react-native/codegen
1363 silly CHANGE node_modules/babel-preset-expo/node_modules/@react-native/babel-preset
1364 silly CHANGE node_modules/babel-preset-expo/node_modules/@react-native/babel-preset/node_modules/react-refresh
1365 silly CHANGE node_modules/babel-preset-expo/node_modules/@react-native/babel-preset/node_modules/babel-plugin-syntax-hermes-parser
1366 silly CHANGE node_modules/babel-preset-expo/node_modules/@react-native/babel-plugin-codegen
1367 silly CHANGE node_modules/babel-preset-expo/node_modules/minimatch
1368 silly CHANGE node_modules/babel-preset-expo/node_modules/hermes-parser
1369 silly CHANGE node_modules/babel-preset-expo/node_modules/hermes-estree
1370 silly CHANGE node_modules/babel-preset-expo/node_modules/glob
1371 silly CHANGE node_modules/babel-preset-expo/node_modules/brace-expansion
1372 silly CHANGE node_modules/babel-preset-expo/node_modules/babel-plugin-syntax-hermes-parser
1373 silly CHANGE node_modules/babel-preset-expo/node_modules/babel-plugin-syntax-hermes-parser/node_modules/hermes-parser
1374 silly CHANGE node_modules/babel-preset-expo/node_modules/babel-plugin-syntax-hermes-parser/node_modules/hermes-estree
1375 silly CHANGE node_modules/ansi-escapes/node_modules/type-fest
1376 silly CHANGE node_modules/acorn
1377 silly CHANGE node_modules/@react-native/debugger-shell
1378 silly CHANGE node_modules/@react-native/debugger-frontend
1379 silly CHANGE node_modules/@react-native/codegen
1380 silly CHANGE node_modules/@react-native/babel-preset
1381 silly CHANGE node_modules/@react-native/babel-preset/node_modules/react-refresh
1382 silly CHANGE node_modules/@react-native/assets-registry
1383 silly CHANGE node_modules/@expo/vector-icons
1384 silly CHANGE node_modules/@expo/schema-utils
1385 silly CHANGE node_modules/@expo/prebuild-config
1386 silly CHANGE node_modules/@expo/prebuild-config/node_modules/semver
1387 silly CHANGE node_modules/@expo/plist
1388 silly CHANGE node_modules/@expo/package-manager
1389 silly CHANGE node_modules/@expo/osascript
1390 silly CHANGE node_modules/@expo/metro-config
1391 silly CHANGE node_modules/@expo/metro-config/node_modules/picomatch
1392 silly CHANGE node_modules/@expo/metro-config/node_modules/hermes-parser
1393 silly CHANGE node_modules/@expo/metro-config/node_modules/hermes-estree
1394 silly CHANGE node_modules/@expo/metro
1395 silly CHANGE node_modules/@expo/metro/node_modules/ob1
1396 silly CHANGE node_modules/@expo/metro/node_modules/metro-transform-worker
1397 silly CHANGE node_modules/@expo/metro/node_modules/metro-transform-plugins
1398 silly CHANGE node_modules/@expo/metro/node_modules/metro-symbolicate
1399 silly CHANGE node_modules/@expo/metro/node_modules/metro-source-map
1400 silly CHANGE node_modules/@expo/metro/node_modules/metro-runtime
1401 silly CHANGE node_modules/@expo/metro/node_modules/metro-resolver
1402 silly CHANGE node_modules/@expo/metro/node_modules/metro-minify-terser
1403 silly CHANGE node_modules/@expo/metro/node_modules/metro-file-map
1404 silly CHANGE node_modules/@expo/metro/node_modules/metro-core
1405 silly CHANGE node_modules/@expo/metro/node_modules/metro-config
1406 silly CHANGE node_modules/@expo/metro/node_modules/metro-cache-key
1407 silly CHANGE node_modules/@expo/metro/node_modules/metro-cache
1408 silly CHANGE node_modules/@expo/metro/node_modules/metro-babel-transformer
1409 silly CHANGE node_modules/@expo/metro/node_modules/metro
1410 silly CHANGE node_modules/@expo/metro/node_modules/hermes-parser
1411 silly CHANGE node_modules/@expo/metro/node_modules/hermes-estree
1412 silly CHANGE node_modules/@expo/log-box
1413 silly CHANGE node_modules/@expo/local-build-cache-provider
1414 silly CHANGE node_modules/@expo/image-utils
1415 silly CHANGE node_modules/@expo/image-utils/node_modules/semver
1416 silly CHANGE node_modules/@expo/json-file
1417 silly CHANGE node_modules/@expo/fingerprint
1418 silly CHANGE node_modules/@expo/fingerprint/node_modules/semver
1419 silly CHANGE node_modules/@expo/env
1420 silly CHANGE node_modules/@expo/devcert
1421 silly CHANGE node_modules/@expo/devcert/node_modules/debug
1422 silly CHANGE node_modules/@expo/dom-webview
1423 silly CHANGE node_modules/@expo/devtools
1424 silly CHANGE node_modules/@expo/config-types
1425 silly CHANGE node_modules/@expo/code-signing-certificates
1426 silly CHANGE node_modules/@expo/config-plugins
1427 silly CHANGE node_modules/@expo/config-plugins/node_modules/semver
1428 silly CHANGE node_modules/@expo/config
1429 silly CHANGE node_modules/@expo/config/node_modules/semver
1430 silly CHANGE node_modules/@egjs/hammerjs
1431 silly CHANGE node_modules/@babel/traverse
1432 silly CHANGE node_modules/@babel/types
1433 silly CHANGE node_modules/@babel/template
1434 silly CHANGE node_modules/@babel/runtime
1435 silly CHANGE node_modules/@babel/plugin-transform-unicode-regex
1436 silly CHANGE node_modules/@babel/preset-typescript
1437 silly CHANGE node_modules/@babel/preset-react
1438 silly CHANGE node_modules/@babel/plugin-transform-typescript
1439 silly CHANGE node_modules/@babel/plugin-transform-template-literals
1440 silly CHANGE node_modules/@babel/plugin-transform-sticky-regex
1441 silly CHANGE node_modules/@babel/plugin-transform-spread
1442 silly CHANGE node_modules/@babel/plugin-transform-shorthand-properties
1443 silly CHANGE node_modules/@babel/plugin-transform-runtime
1444 silly CHANGE node_modules/@babel/plugin-transform-regenerator
1445 silly CHANGE node_modules/@babel/plugin-transform-react-pure-annotations
1446 silly CHANGE node_modules/@babel/plugin-transform-react-jsx-source
1447 silly CHANGE node_modules/@babel/plugin-transform-react-jsx-self
1448 silly CHANGE node_modules/@babel/plugin-transform-react-jsx-development
1449 silly CHANGE node_modules/@babel/plugin-transform-react-jsx
1450 silly CHANGE node_modules/@babel/plugin-transform-react-display-name
1451 silly CHANGE node_modules/@babel/plugin-transform-private-property-in-object
1452 silly CHANGE node_modules/@babel/plugin-transform-parameters
1453 silly CHANGE node_modules/@babel/plugin-transform-private-methods
1454 silly CHANGE node_modules/@babel/plugin-transform-optional-chaining
1455 silly CHANGE node_modules/@babel/plugin-transform-optional-catch-binding
1456 silly CHANGE node_modules/@babel/plugin-transform-object-rest-spread
1457 silly CHANGE node_modules/@babel/plugin-transform-numeric-separator
1458 silly CHANGE node_modules/@babel/plugin-transform-nullish-coalescing-operator
1459 silly CHANGE node_modules/@babel/plugin-transform-named-capturing-groups-regex
1460 silly CHANGE node_modules/@babel/plugin-transform-modules-commonjs
1461 silly CHANGE node_modules/@babel/plugin-transform-logical-assignment-operators
1462 silly CHANGE node_modules/@babel/plugin-transform-literals
1463 silly CHANGE node_modules/@babel/plugin-transform-function-name
1464 silly CHANGE node_modules/@babel/plugin-transform-for-of
1465 silly CHANGE node_modules/@babel/plugin-transform-flow-strip-types
1466 silly CHANGE node_modules/@babel/plugin-transform-export-namespace-from
1467 silly CHANGE node_modules/@babel/plugin-transform-destructuring
1468 silly CHANGE node_modules/@babel/plugin-transform-computed-properties
1469 silly CHANGE node_modules/@babel/plugin-transform-classes
1470 silly CHANGE node_modules/@babel/plugin-transform-block-scoping
1471 silly CHANGE node_modules/@babel/plugin-transform-class-static-block
1472 silly CHANGE node_modules/@babel/plugin-transform-class-properties
1473 silly CHANGE node_modules/@babel/plugin-transform-async-to-generator
1474 silly CHANGE node_modules/@babel/plugin-transform-async-generator-functions
1475 silly CHANGE node_modules/@babel/plugin-transform-arrow-functions
1476 silly CHANGE node_modules/@babel/plugin-syntax-typescript
1477 silly CHANGE node_modules/@babel/plugin-syntax-top-level-await
1478 silly CHANGE node_modules/@babel/plugin-syntax-private-property-in-object
1479 silly CHANGE node_modules/@babel/plugin-syntax-optional-chaining
1480 silly CHANGE node_modules/@babel/plugin-syntax-optional-catch-binding
1481 silly CHANGE node_modules/@babel/plugin-syntax-object-rest-spread
1482 silly CHANGE node_modules/@babel/plugin-syntax-numeric-separator
1483 silly CHANGE node_modules/@babel/plugin-syntax-nullish-coalescing-operator
1484 silly CHANGE node_modules/@babel/plugin-syntax-logical-assignment-operators
1485 silly CHANGE node_modules/@babel/plugin-syntax-jsx
1486 silly CHANGE node_modules/@babel/plugin-syntax-import-attributes
1487 silly CHANGE node_modules/@babel/plugin-syntax-json-strings
1488 silly CHANGE node_modules/@babel/plugin-syntax-import-meta
1489 silly CHANGE node_modules/@babel/plugin-syntax-flow
1490 silly CHANGE node_modules/@babel/plugin-syntax-export-default-from
1491 silly CHANGE node_modules/@babel/plugin-syntax-dynamic-import
1492 silly CHANGE node_modules/@babel/plugin-syntax-decorators
1493 silly CHANGE node_modules/@babel/plugin-syntax-class-static-block
1494 silly CHANGE node_modules/@babel/plugin-syntax-class-properties
1495 silly CHANGE node_modules/@babel/plugin-syntax-bigint
1496 silly CHANGE node_modules/@babel/plugin-syntax-async-generators
1497 silly CHANGE node_modules/@babel/plugin-proposal-export-default-from
1498 silly CHANGE node_modules/@babel/plugin-proposal-decorators
1499 silly CHANGE node_modules/@babel/parser
1500 silly CHANGE node_modules/@babel/helpers
1501 silly CHANGE node_modules/@babel/helper-wrap-function
1502 silly CHANGE node_modules/@babel/helper-validator-option
1503 silly CHANGE node_modules/@babel/helper-validator-identifier
1504 silly CHANGE node_modules/@babel/helper-string-parser
1505 silly CHANGE node_modules/@babel/helper-skip-transparent-expression-wrappers
1506 silly CHANGE node_modules/@babel/helper-replace-supers
1507 silly CHANGE node_modules/@babel/helper-remap-async-to-generator
1508 silly CHANGE node_modules/@babel/helper-plugin-utils
1509 silly CHANGE node_modules/@babel/helper-optimise-call-expression
1510 silly CHANGE node_modules/@babel/helper-module-transforms
1511 silly CHANGE node_modules/@babel/helper-module-imports
1512 silly CHANGE node_modules/@babel/helper-member-expression-to-functions
1513 silly CHANGE node_modules/@babel/helper-globals
1514 silly CHANGE node_modules/@babel/helper-define-polyfill-provider
1515 silly CHANGE node_modules/@babel/helper-create-regexp-features-plugin
1516 silly CHANGE node_modules/@babel/helper-create-class-features-plugin
1517 silly CHANGE node_modules/@babel/helper-compilation-targets
1518 silly CHANGE node_modules/@babel/helper-annotate-as-pure
1519 silly CHANGE node_modules/@babel/generator
1520 silly CHANGE node_modules/@babel/core
1521 silly CHANGE node_modules/@babel/compat-data
1522 silly CHANGE node_modules/@babel/code-frame
1523 silly CHANGE node_modules/lightningcss-win32-arm64-msvc
1524 silly CHANGE node_modules/lightningcss-linux-x64-musl
1525 silly CHANGE node_modules/lightningcss-linux-x64-gnu
1526 silly CHANGE node_modules/lightningcss-linux-arm64-musl
1527 silly CHANGE node_modules/lightningcss-linux-arm64-gnu
1528 silly CHANGE node_modules/lightningcss-linux-arm-gnueabihf
1529 silly CHANGE node_modules/lightningcss-freebsd-x64
1530 silly CHANGE node_modules/lightningcss-darwin-x64
1531 silly CHANGE node_modules/lightningcss-darwin-arm64
1532 silly CHANGE node_modules/lightningcss-android-arm64
1533 silly CHANGE node_modules/hermes-compiler
1534 silly CHANGE node_modules/fsevents
1535 silly CHANGE node_modules/fb-dotslash
1536 silly CHANGE node_modules/expo-modules-core
1537 silly CHANGE node_modules/expo-media-library
1538 silly CHANGE node_modules/expo-file-system
1539 silly CHANGE node_modules/expo-camera
1540 verbose cwd C:\Users\USUARIO\OneDrive - Unicamacho-academico\Documentos\New project\ProyectoIA
1541 verbose os Windows_NT 10.0.26100
1542 verbose node v22.22.0
1543 verbose npm  v10.9.4
1544 verbose exit 0
1545 info ok
