0 verbose cli C:\Program Files\nodejs\node.exe C:\Program Files\nodejs\node_modules\npm\bin\npm-cli.js
1 info using npm@10.9.4
2 info using node@v22.22.0
3 silly config load:file:C:\Program Files\nodejs\node_modules\npm\npmrc
4 silly config load:file:C:\Users\USUARIO\OneDrive - Unicamacho-academico\Documentos\New project\ProyectoIA\.npmrc
5 silly config load:file:C:\Users\USUARIO\.npmrc
6 silly config load:file:C:\Users\USUARIO\AppData\Roaming\npm\etc\npmrc
7 verbose title npm i qrcode
8 verbose argv "i" "qrcode" "--no-audit" "--no-fund"
9 verbose logfile logs-max:10 dir:C:\Users\USUARIO\OneDrive - Unicamacho-academico\Documentos\New project\ProyectoIA\.npm-cache\_logs\2026-05-17T04_27_48_976Z-
10 verbose logfile C:\Users\USUARIO\OneDrive - Unicamacho-academico\Documentos\New project\ProyectoIA\.npm-cache\_logs\2026-05-17T04_27_48_976Z-debug-0.log
11 silly logfile done cleaning log files
12 silly packumentCache heap:4345298944 maxSize:1086324736 maxEntrySize:543162368
13 silly idealTree buildDeps
14 silly fetch manifest qrcode@*
15 silly packumentCache full:https://registry.npmjs.org/qrcode cache-miss
16 http fetch GET 200 https://registry.npmjs.org/qrcode 775ms (cache miss)
17 silly packumentCache full:https://registry.npmjs.org/qrcode set size:undefined disposed:false
18 silly placeDep ROOT qrcode@1.5.4 REPLACE for: proyectia@1.0.0 want: *
19 silly reify moves {}
20 verbose reify failed optional dependency C:\Users\USUARIO\OneDrive - Unicamacho-academico\Documentos\New project\ProyectoIA\node_modules\lightningcss-win32-arm64-msvc
21 silly reify mark deleted [
21 silly reify   'C:\\Users\\USUARIO\\OneDrive - Unicamacho-academico\\Documentos\\New project\\ProyectoIA\\node_modules\\lightningcss-win32-arm64-msvc'
21 silly reify ]
22 verbose reify failed optional dependency C:\Users\USUARIO\OneDrive - Unicamacho-academico\Documentos\New project\ProyectoIA\node_modules\lightningcss-linux-x64-musl
23 silly reify mark deleted [
23 silly reify   'C:\\Users\\USUARIO\\OneDrive - Unicamacho-academico\\Documentos\\New project\\ProyectoIA\\node_modules\\lightningcss-linux-x64-musl'
23 silly reify ]
24 verbose reify failed optional dependency C:\Users\USUARIO\OneDrive - Unicamacho-academico\Documentos\New project\ProyectoIA\node_modules\lightningcss-linux-x64-gnu
25 silly reify mark deleted [
25 silly reify   'C:\\Users\\USUARIO\\OneDrive - Unicamacho-academico\\Documentos\\New project\\ProyectoIA\\node_modules\\lightningcss-linux-x64-gnu'
25 silly reify ]
26 verbose reify failed optional dependency C:\Users\USUARIO\OneDrive - Unicamacho-academico\Documentos\New project\ProyectoIA\node_modules\lightningcss-linux-arm64-musl
27 silly reify mark deleted [
27 silly reify   'C:\\Users\\USUARIO\\OneDrive - Unicamacho-academico\\Documentos\\New project\\ProyectoIA\\node_modules\\lightningcss-linux-arm64-musl'
27 silly reify ]
28 verbose reify failed optional dependency C:\Users\USUARIO\OneDrive - Unicamacho-academico\Documentos\New project\ProyectoIA\node_modules\lightningcss-linux-arm64-gnu
29 silly reify mark deleted [
29 silly reify   'C:\\Users\\USUARIO\\OneDrive - Unicamacho-academico\\Documentos\\New project\\ProyectoIA\\node_modules\\lightningcss-linux-arm64-gnu'
29 silly reify ]
30 verbose reify failed optional dependency C:\Users\USUARIO\OneDrive - Unicamacho-academico\Documentos\New project\ProyectoIA\node_modules\lightningcss-linux-arm-gnueabihf
31 silly reify mark deleted [
31 silly reify   'C:\\Users\\USUARIO\\OneDrive - Unicamacho-academico\\Documentos\\New project\\ProyectoIA\\node_modules\\lightningcss-linux-arm-gnueabihf'
31 silly reify ]
32 verbose reify failed optional dependency C:\Users\USUARIO\OneDrive - Unicamacho-academico\Documentos\New project\ProyectoIA\node_modules\lightningcss-freebsd-x64
33 silly reify mark deleted [
33 silly reify   'C:\\Users\\USUARIO\\OneDrive - Unicamacho-academico\\Documentos\\New project\\ProyectoIA\\node_modules\\lightningcss-freebsd-x64'
33 silly reify ]
34 verbose reify failed optional dependency C:\Users\USUARIO\OneDrive - Unicamacho-academico\Documentos\New project\ProyectoIA\node_modules\lightningcss-darwin-x64
35 silly reify mark deleted [
35 silly reify   'C:\\Users\\USUARIO\\OneDrive - Unicamacho-academico\\Documentos\\New project\\ProyectoIA\\node_modules\\lightningcss-darwin-x64'
35 silly reify ]
36 verbose reify failed optional dependency C:\Users\USUARIO\OneDrive - Unicamacho-academico\Documentos\New project\ProyectoIA\node_modules\lightningcss-darwin-arm64
37 silly reify mark deleted [
37 silly reify   'C:\\Users\\USUARIO\\OneDrive - Unicamacho-academico\\Documentos\\New project\\ProyectoIA\\node_modules\\lightningcss-darwin-arm64'
37 silly reify ]
38 verbose reify failed optional dependency C:\Users\USUARIO\OneDrive - Unicamacho-academico\Documentos\New project\ProyectoIA\node_modules\lightningcss-android-arm64
39 silly reify mark deleted [
39 silly reify   'C:\\Users\\USUARIO\\OneDrive - Unicamacho-academico\\Documentos\\New project\\ProyectoIA\\node_modules\\lightningcss-android-arm64'
39 silly reify ]
40 verbose reify failed optional dependency C:\Users\USUARIO\OneDrive - Unicamacho-academico\Documentos\New project\ProyectoIA\node_modules\fsevents
41 silly reify mark deleted [
41 silly reify   'C:\\Users\\USUARIO\\OneDrive - Unicamacho-academico\\Documentos\\New project\\ProyectoIA\\node_modules\\fsevents'
41 silly reify ]
42 http cache qrcode@https://registry.npmjs.org/qrcode/-/qrcode-1.5.4.tgz 3ms (cache hit)
43 http cache zxing-wasm@https://registry.npmjs.org/zxing-wasm/-/zxing-wasm-3.0.2.tgz 0ms (cache hit)
44 http cache zod@https://registry.npmjs.org/zod/-/zod-3.25.76.tgz 1ms (cache hit)
45 http cache yargs-parser@https://registry.npmjs.org/yargs-parser/-/yargs-parser-21.1.1.tgz 0ms (cache hit)
46 http cache yargs@https://registry.npmjs.org/yargs/-/yargs-17.7.2.tgz 0ms (cache hit)
47 http cache yaml@https://registry.npmjs.org/yaml/-/yaml-2.8.3.tgz 0ms (cache hit)
48 http cache yallist@https://registry.npmjs.org/yallist/-/yallist-3.1.1.tgz 0ms (cache hit)
49 http cache y18n@https://registry.npmjs.org/y18n/-/y18n-5.0.8.tgz 0ms (cache hit)
50 http cache xmlbuilder@https://registry.npmjs.org/xmlbuilder/-/xmlbuilder-15.1.1.tgz 0ms (cache hit)
51 http cache xml2js@https://registry.npmjs.org/xml2js/-/xml2js-0.6.0.tgz 0ms (cache hit)
52 http cache xcode@https://registry.npmjs.org/xcode/-/xcode-3.0.1.tgz 0ms (cache hit)
53 http cache ws@https://registry.npmjs.org/ws/-/ws-7.5.10.tgz 0ms (cache hit)
54 http cache write-file-atomic@https://registry.npmjs.org/write-file-atomic/-/write-file-atomic-4.0.2.tgz 0ms (cache hit)
55 http cache wrappy@https://registry.npmjs.org/wrappy/-/wrappy-1.0.2.tgz 0ms (cache hit)
56 http cache wrap-ansi@https://registry.npmjs.org/wrap-ansi/-/wrap-ansi-7.0.0.tgz 0ms (cache hit)
57 http cache which-module@https://registry.npmjs.org/which-module/-/which-module-2.0.1.tgz 0ms (cache hit)
58 http cache which@https://registry.npmjs.org/which/-/which-2.0.2.tgz 0ms (cache hit)
59 http cache whatwg-url-minimum@https://registry.npmjs.org/whatwg-url-minimum/-/whatwg-url-minimum-0.1.2.tgz 0ms (cache hit)
60 http cache whatwg-url@https://registry.npmjs.org/whatwg-url/-/whatwg-url-5.0.0.tgz 0ms (cache hit)
61 http cache whatwg-fetch@https://registry.npmjs.org/whatwg-fetch/-/whatwg-fetch-3.6.20.tgz 0ms (cache hit)
62 http cache webidl-conversions@https://registry.npmjs.org/webidl-conversions/-/webidl-conversions-3.0.1.tgz 0ms (cache hit)
63 http cache wcwidth@https://registry.npmjs.org/wcwidth/-/wcwidth-1.0.1.tgz 0ms (cache hit)
64 http cache warn-once@https://registry.npmjs.org/warn-once/-/warn-once-0.1.1.tgz 0ms (cache hit)
65 http cache walker@https://registry.npmjs.org/walker/-/walker-1.0.8.tgz 0ms (cache hit)
66 http cache vary@https://registry.npmjs.org/vary/-/vary-1.1.2.tgz 0ms (cache hit)
67 http cache vlq@https://registry.npmjs.org/vlq/-/vlq-1.0.1.tgz 1ms (cache hit)
68 http cache validate-npm-package-name@https://registry.npmjs.org/validate-npm-package-name/-/validate-npm-package-name-5.0.1.tgz 0ms (cache hit)
69 http cache uuid@https://registry.npmjs.org/uuid/-/uuid-7.0.3.tgz 1ms (cache hit)
70 http cache utils-merge@https://registry.npmjs.org/utils-merge/-/utils-merge-1.0.1.tgz 1ms (cache hit)
71 http cache utrie@https://registry.npmjs.org/utrie/-/utrie-1.0.2.tgz 0ms (cache hit)
72 http cache use-sync-external-store@https://registry.npmjs.org/use-sync-external-store/-/use-sync-external-store-1.6.0.tgz 0ms (cache hit)
73 http cache use-latest-callback@https://registry.npmjs.org/use-latest-callback/-/use-latest-callback-0.2.6.tgz 0ms (cache hit)
74 http cache update-browserslist-db@https://registry.npmjs.org/update-browserslist-db/-/update-browserslist-db-1.2.3.tgz 0ms (cache hit)
75 http cache unicode-property-aliases-ecmascript@https://registry.npmjs.org/unicode-property-aliases-ecmascript/-/unicode-property-aliases-ecmascript-2.2.0.tgz 0ms (cache hit)
76 http cache unicode-match-property-value-ecmascript@https://registry.npmjs.org/unicode-match-property-value-ecmascript/-/unicode-match-property-value-ecmascript-2.2.1.tgz 0ms (cache hit)
77 http cache unpipe@https://registry.npmjs.org/unpipe/-/unpipe-1.0.0.tgz 0ms (cache hit)
78 http cache unicode-canonical-property-names-ecmascript@https://registry.npmjs.org/unicode-canonical-property-names-ecmascript/-/unicode-canonical-property-names-ecmascript-2.0.1.tgz 0ms (cache hit)
79 http cache undici-types@https://registry.npmjs.org/undici-types/-/undici-types-7.19.2.tgz 0ms (cache hit)
80 http cache type-fest@https://registry.npmjs.org/type-fest/-/type-fest-0.7.1.tgz 1ms (cache hit)
81 http cache unicode-match-property-ecmascript@https://registry.npmjs.org/unicode-match-property-ecmascript/-/unicode-match-property-ecmascript-2.0.0.tgz 0ms (cache hit)
82 http cache ua-parser-js@https://registry.npmjs.org/ua-parser-js/-/ua-parser-js-1.0.41.tgz 0ms (cache hit)
83 http cache type-detect@https://registry.npmjs.org/type-detect/-/type-detect-4.0.8.tgz 0ms (cache hit)
84 http cache tr46@https://registry.npmjs.org/tr46/-/tr46-0.0.3.tgz 0ms (cache hit)
85 http cache toidentifier@https://registry.npmjs.org/toidentifier/-/toidentifier-1.0.1.tgz 0ms (cache hit)
86 http cache to-regex-range@https://registry.npmjs.org/to-regex-range/-/to-regex-range-5.0.1.tgz 0ms (cache hit)
87 http cache toqr@https://registry.npmjs.org/toqr/-/toqr-0.1.1.tgz 0ms (cache hit)
88 http cache tmpl@https://registry.npmjs.org/tmpl/-/tmpl-1.0.5.tgz 0ms (cache hit)
89 http cache tinyglobby@https://registry.npmjs.org/tinyglobby/-/tinyglobby-0.2.16.tgz 0ms (cache hit)
90 http cache throat@https://registry.npmjs.org/throat/-/throat-5.0.0.tgz 0ms (cache hit)
91 http cache text-segmentation@https://registry.npmjs.org/text-segmentation/-/text-segmentation-1.0.3.tgz 0ms (cache hit)
92 http cache text-encoding@https://registry.npmjs.org/text-encoding/-/text-encoding-0.7.0.tgz 0ms (cache hit)
93 http cache terser@https://registry.npmjs.org/terser/-/terser-5.46.1.tgz 0ms (cache hit)
94 http cache terminal-link@https://registry.npmjs.org/terminal-link/-/terminal-link-2.1.1.tgz 0ms (cache hit)
95 http cache test-exclude@https://registry.npmjs.org/test-exclude/-/test-exclude-6.0.0.tgz 0ms (cache hit)
96 http cache supports-preserve-symlinks-flag@https://registry.npmjs.org/supports-preserve-symlinks-flag/-/supports-preserve-symlinks-flag-1.0.0.tgz 0ms (cache hit)
97 http cache tagged-tag@https://registry.npmjs.org/tagged-tag/-/tagged-tag-1.0.0.tgz 0ms (cache hit)
98 http cache supports-hyperlinks@https://registry.npmjs.org/supports-hyperlinks/-/supports-hyperlinks-2.3.0.tgz 0ms (cache hit)
99 http cache styleq@https://registry.npmjs.org/styleq/-/styleq-0.1.3.tgz 0ms (cache hit)
100 http cache structured-headers@https://registry.npmjs.org/structured-headers/-/structured-headers-0.4.1.tgz 0ms (cache hit)
101 http cache strip-ansi@https://registry.npmjs.org/strip-ansi/-/strip-ansi-6.0.1.tgz 0ms (cache hit)
102 http cache supports-color@https://registry.npmjs.org/supports-color/-/supports-color-7.2.0.tgz 0ms (cache hit)
103 http cache string-width@https://registry.npmjs.org/string-width/-/string-width-4.2.3.tgz 0ms (cache hit)
104 http cache strict-uri-encode@https://registry.npmjs.org/strict-uri-encode/-/strict-uri-encode-2.0.0.tgz 0ms (cache hit)
105 http cache stream-buffers@https://registry.npmjs.org/stream-buffers/-/stream-buffers-2.2.0.tgz 0ms (cache hit)
106 http cache statuses@https://registry.npmjs.org/statuses/-/statuses-1.5.0.tgz 0ms (cache hit)
107 http cache stacktrace-parser@https://registry.npmjs.org/stacktrace-parser/-/stacktrace-parser-0.1.11.tgz 0ms (cache hit)
108 http cache stackframe@https://registry.npmjs.org/stackframe/-/stackframe-1.3.4.tgz 0ms (cache hit)
109 http cache stack-utils@https://registry.npmjs.org/stack-utils/-/stack-utils-2.0.6.tgz 1ms (cache hit)
110 http cache sprintf-js@https://registry.npmjs.org/sprintf-js/-/sprintf-js-1.0.3.tgz 0ms (cache hit)
111 http cache source-map-support@https://registry.npmjs.org/source-map-support/-/source-map-support-0.5.21.tgz 0ms (cache hit)
112 http cache source-map-js@https://registry.npmjs.org/source-map-js/-/source-map-js-1.2.1.tgz 0ms (cache hit)
113 http cache source-map@https://registry.npmjs.org/source-map/-/source-map-0.5.7.tgz 0ms (cache hit)
114 http cache sisteransi@https://registry.npmjs.org/sisteransi/-/sisteransi-1.0.5.tgz 0ms (cache hit)
115 http cache slugify@https://registry.npmjs.org/slugify/-/slugify-1.6.9.tgz 0ms (cache hit)
116 http cache slash@https://registry.npmjs.org/slash/-/slash-3.0.0.tgz 0ms (cache hit)
117 http cache simple-swizzle@https://registry.npmjs.org/simple-swizzle/-/simple-swizzle-0.2.4.tgz 0ms (cache hit)
118 http cache simple-plist@https://registry.npmjs.org/simple-plist/-/simple-plist-1.3.1.tgz 0ms (cache hit)
119 http cache signal-exit@https://registry.npmjs.org/signal-exit/-/signal-exit-3.0.7.tgz 0ms (cache hit)
120 http cache shell-quote@https://registry.npmjs.org/shell-quote/-/shell-quote-1.8.3.tgz 0ms (cache hit)
121 http cache shebang-regex@https://registry.npmjs.org/shebang-regex/-/shebang-regex-3.0.0.tgz 0ms (cache hit)
122 http cache shebang-command@https://registry.npmjs.org/shebang-command/-/shebang-command-2.0.0.tgz 0ms (cache hit)
123 http cache sf-symbols-typescript@https://registry.npmjs.org/sf-symbols-typescript/-/sf-symbols-typescript-2.2.0.tgz 1ms (cache hit)
124 http cache setprototypeof@https://registry.npmjs.org/setprototypeof/-/setprototypeof-1.2.0.tgz 0ms (cache hit)
125 http cache set-blocking@https://registry.npmjs.org/set-blocking/-/set-blocking-2.0.0.tgz 0ms (cache hit)
126 http cache setimmediate@https://registry.npmjs.org/setimmediate/-/setimmediate-1.0.5.tgz 0ms (cache hit)
127 http cache serve-static@https://registry.npmjs.org/serve-static/-/serve-static-1.16.3.tgz 0ms (cache hit)
128 http cache serialize-error@https://registry.npmjs.org/serialize-error/-/serialize-error-2.1.0.tgz 0ms (cache hit)
129 http cache send@https://registry.npmjs.org/send/-/send-0.19.2.tgz 0ms (cache hit)
130 http cache sax@https://registry.npmjs.org/sax/-/sax-1.6.0.tgz 0ms (cache hit)
131 http cache semver@https://registry.npmjs.org/semver/-/semver-6.3.1.tgz 0ms (cache hit)
132 http cache safe-buffer@https://registry.npmjs.org/safe-buffer/-/safe-buffer-5.2.1.tgz 0ms (cache hit)
133 http cache scheduler@https://registry.npmjs.org/scheduler/-/scheduler-0.27.0.tgz 0ms (cache hit)
134 http cache rimraf@https://registry.npmjs.org/rimraf/-/rimraf-3.0.2.tgz 0ms (cache hit)
135 http cache restore-cursor@https://registry.npmjs.org/restore-cursor/-/restore-cursor-2.0.0.tgz 0ms (cache hit)
136 http cache resolve-from@https://registry.npmjs.org/resolve-from/-/resolve-from-5.0.0.tgz 0ms (cache hit)
137 http cache resolve@https://registry.npmjs.org/resolve/-/resolve-1.22.12.tgz 0ms (cache hit)
138 http cache resolve-workspace-root@https://registry.npmjs.org/resolve-workspace-root/-/resolve-workspace-root-2.0.1.tgz 0ms (cache hit)
139 http cache require-main-filename@https://registry.npmjs.org/require-main-filename/-/require-main-filename-2.0.0.tgz 0ms (cache hit)
140 http cache require-directory@https://registry.npmjs.org/require-directory/-/require-directory-2.1.1.tgz 0ms (cache hit)
141 http cache regjsparser@https://registry.npmjs.org/regjsparser/-/regjsparser-0.13.1.tgz 0ms (cache hit)
142 http cache regjsgen@https://registry.npmjs.org/regjsgen/-/regjsgen-0.8.0.tgz 0ms (cache hit)
143 http cache regexpu-core@https://registry.npmjs.org/regexpu-core/-/regexpu-core-6.4.0.tgz 0ms (cache hit)
144 http cache regenerator-runtime@https://registry.npmjs.org/regenerator-runtime/-/regenerator-runtime-0.13.11.tgz 0ms (cache hit)
145 http cache regenerate-unicode-properties@https://registry.npmjs.org/regenerate-unicode-properties/-/regenerate-unicode-properties-10.2.2.tgz 0ms (cache hit)
146 http cache regenerate@https://registry.npmjs.org/regenerate/-/regenerate-1.4.2.tgz 0ms (cache hit)
147 http cache react-refresh@https://registry.npmjs.org/react-refresh/-/react-refresh-0.18.0.tgz 0ms (cache hit)
148 http cache react-native-worklets@https://registry.npmjs.org/react-native-worklets/-/react-native-worklets-0.8.1.tgz 0ms (cache hit)
149 http cache react-native-view-shot@https://registry.npmjs.org/react-native-view-shot/-/react-native-view-shot-4.0.3.tgz 0ms (cache hit)
150 http cache react-native-web@https://registry.npmjs.org/react-native-web/-/react-native-web-0.21.2.tgz 0ms (cache hit)
151 http cache react-native-svg@https://registry.npmjs.org/react-native-svg/-/react-native-svg-15.15.3.tgz 0ms (cache hit)
152 http cache react-native-screens@https://registry.npmjs.org/react-native-screens/-/react-native-screens-4.23.0.tgz 0ms (cache hit)
153 http cache react-native-safe-area-context@https://registry.npmjs.org/react-native-safe-area-context/-/react-native-safe-area-context-5.6.2.tgz 0ms (cache hit)
154 http cache react-native-reanimated@https://registry.npmjs.org/react-native-reanimated/-/react-native-reanimated-4.2.1.tgz 0ms (cache hit)
155 http cache react-native-is-edge-to-edge@https://registry.npmjs.org/react-native-is-edge-to-edge/-/react-native-is-edge-to-edge-1.3.1.tgz 0ms (cache hit)
156 http cache react-native-gesture-handler@https://registry.npmjs.org/react-native-gesture-handler/-/react-native-gesture-handler-2.30.1.tgz 0ms (cache hit)
157 http cache react-native@https://registry.npmjs.org/react-native/-/react-native-0.83.6.tgz 0ms (cache hit)
158 http cache react-is@https://registry.npmjs.org/react-is/-/react-is-19.2.5.tgz 0ms (cache hit)
159 http cache react-freeze@https://registry.npmjs.org/react-freeze/-/react-freeze-1.0.4.tgz 1ms (cache hit)
160 http cache react-dom@https://registry.npmjs.org/react-dom/-/react-dom-19.2.0.tgz 0ms (cache hit)
161 http cache react@https://registry.npmjs.org/react/-/react-19.2.0.tgz 0ms (cache hit)
162 http cache react-devtools-core@https://registry.npmjs.org/react-devtools-core/-/react-devtools-core-6.1.5.tgz 0ms (cache hit)
163 http cache range-parser@https://registry.npmjs.org/range-parser/-/range-parser-1.2.1.tgz 0ms (cache hit)
164 http cache queue@https://registry.npmjs.org/queue/-/queue-6.0.2.tgz 0ms (cache hit)
165 http cache split-on-first@https://registry.npmjs.org/split-on-first/-/split-on-first-1.1.0.tgz 0ms (cache hit)
166 http cache query-string@https://registry.npmjs.org/query-string/-/query-string-7.1.3.tgz 1ms (cache hit)
167 http cache prop-types@https://registry.npmjs.org/prop-types/-/prop-types-15.8.1.tgz 0ms (cache hit)
168 http cache promise@https://registry.npmjs.org/promise/-/promise-8.3.0.tgz 0ms (cache hit)
169 http cache prompts@https://registry.npmjs.org/prompts/-/prompts-2.4.2.tgz 0ms (cache hit)
170 http cache progress@https://registry.npmjs.org/progress/-/progress-2.0.3.tgz 0ms (cache hit)
171 http cache proc-log@https://registry.npmjs.org/proc-log/-/proc-log-4.2.0.tgz 0ms (cache hit)
172 http cache pretty-format@https://registry.npmjs.org/pretty-format/-/pretty-format-29.7.0.tgz 0ms (cache hit)
173 http cache postcss@https://registry.npmjs.org/postcss/-/postcss-8.4.49.tgz 0ms (cache hit)
174 http cache plist@https://registry.npmjs.org/plist/-/plist-3.1.0.tgz 0ms (cache hit)
175 http cache pngjs@https://registry.npmjs.org/pngjs/-/pngjs-3.4.0.tgz 0ms (cache hit)
176 http cache pirates@https://registry.npmjs.org/pirates/-/pirates-4.0.7.tgz 0ms (cache hit)
177 http cache picomatch@https://registry.npmjs.org/picomatch/-/picomatch-2.3.2.tgz 0ms (cache hit)
178 http cache picocolors@https://registry.npmjs.org/picocolors/-/picocolors-1.1.1.tgz 0ms (cache hit)
179 http cache path-scurry@https://registry.npmjs.org/path-scurry/-/path-scurry-2.0.2.tgz 0ms (cache hit)
180 http cache path-parse@https://registry.npmjs.org/path-parse/-/path-parse-1.0.7.tgz 0ms (cache hit)
181 http cache path-key@https://registry.npmjs.org/path-key/-/path-key-3.1.1.tgz 0ms (cache hit)
182 http cache path-is-absolute@https://registry.npmjs.org/path-is-absolute/-/path-is-absolute-1.0.1.tgz 0ms (cache hit)
183 http cache path-exists@https://registry.npmjs.org/path-exists/-/path-exists-4.0.0.tgz 0ms (cache hit)
184 http cache postcss-value-parser@https://registry.npmjs.org/postcss-value-parser/-/postcss-value-parser-4.2.0.tgz 0ms (cache hit)
185 http cache parse-png@https://registry.npmjs.org/parse-png/-/parse-png-2.1.0.tgz 0ms (cache hit)
186 http cache parseurl@https://registry.npmjs.org/parseurl/-/parseurl-1.3.3.tgz 0ms (cache hit)
187 http cache p-try@https://registry.npmjs.org/p-try/-/p-try-2.2.0.tgz 0ms (cache hit)
188 http cache p-locate@https://registry.npmjs.org/p-locate/-/p-locate-4.1.0.tgz 0ms (cache hit)
189 http cache ora@https://registry.npmjs.org/ora/-/ora-3.4.0.tgz 0ms (cache hit)
190 http cache onetime@https://registry.npmjs.org/onetime/-/onetime-2.0.1.tgz 0ms (cache hit)
191 http cache open@https://registry.npmjs.org/open/-/open-7.4.2.tgz 0ms (cache hit)
192 http cache once@https://registry.npmjs.org/once/-/once-1.4.0.tgz 0ms (cache hit)
193 http cache on-headers@https://registry.npmjs.org/on-headers/-/on-headers-1.1.0.tgz 0ms (cache hit)
194 http cache object-assign@https://registry.npmjs.org/object-assign/-/object-assign-4.1.1.tgz 0ms (cache hit)
195 http cache ob1@https://registry.npmjs.org/ob1/-/ob1-0.83.6.tgz 0ms (cache hit)
196 http cache nullthrows@https://registry.npmjs.org/nullthrows/-/nullthrows-1.1.1.tgz 0ms (cache hit)
197 http cache nth-check@https://registry.npmjs.org/nth-check/-/nth-check-2.1.1.tgz 0ms (cache hit)
198 http cache normalize-path@https://registry.npmjs.org/normalize-path/-/normalize-path-3.0.0.tgz 0ms (cache hit)
199 http cache npm-package-arg@https://registry.npmjs.org/npm-package-arg/-/npm-package-arg-11.0.3.tgz 0ms (cache hit)
200 http cache node-releases@https://registry.npmjs.org/node-releases/-/node-releases-2.0.37.tgz 0ms (cache hit)
201 http cache node-int64@https://registry.npmjs.org/node-int64/-/node-int64-0.4.0.tgz 0ms (cache hit)
202 http cache node-fetch@https://registry.npmjs.org/node-fetch/-/node-fetch-2.7.0.tgz 0ms (cache hit)
203 http cache node-forge@https://registry.npmjs.org/node-forge/-/node-forge-1.4.0.tgz 0ms (cache hit)
204 http cache negotiator@https://registry.npmjs.org/negotiator/-/negotiator-1.0.0.tgz 0ms (cache hit)
205 http cache nanoid@https://registry.npmjs.org/nanoid/-/nanoid-3.3.11.tgz 0ms (cache hit)
206 http cache multitars@https://registry.npmjs.org/multitars/-/multitars-1.0.0.tgz 0ms (cache hit)
207 http cache ms@https://registry.npmjs.org/ms/-/ms-2.1.3.tgz 0ms (cache hit)
208 http cache minipass@https://registry.npmjs.org/minipass/-/minipass-7.1.3.tgz 0ms (cache hit)
209 http cache minimatch@https://registry.npmjs.org/minimatch/-/minimatch-10.2.5.tgz 0ms (cache hit)
210 http cache mimic-fn@https://registry.npmjs.org/mimic-fn/-/mimic-fn-1.2.0.tgz 0ms (cache hit)
211 http cache mime-types@https://registry.npmjs.org/mime-types/-/mime-types-3.0.2.tgz 0ms (cache hit)
212 http cache mime-db@https://registry.npmjs.org/mime-db/-/mime-db-1.54.0.tgz 0ms (cache hit)
213 http cache mkdirp@https://registry.npmjs.org/mkdirp/-/mkdirp-1.0.4.tgz 0ms (cache hit)
214 http cache micromatch@https://registry.npmjs.org/micromatch/-/micromatch-4.0.8.tgz 0ms (cache hit)
215 http cache metro-transform-worker@https://registry.npmjs.org/metro-transform-worker/-/metro-transform-worker-0.83.6.tgz 0ms (cache hit)
216 http cache metro-transform-plugins@https://registry.npmjs.org/metro-transform-plugins/-/metro-transform-plugins-0.83.6.tgz 0ms (cache hit)
217 http cache metro-symbolicate@https://registry.npmjs.org/metro-symbolicate/-/metro-symbolicate-0.83.6.tgz 0ms (cache hit)
218 http cache metro-source-map@https://registry.npmjs.org/metro-source-map/-/metro-source-map-0.83.6.tgz 0ms (cache hit)
219 http cache metro-runtime@https://registry.npmjs.org/metro-runtime/-/metro-runtime-0.84.3.tgz 0ms (cache hit)
220 http cache metro-resolver@https://registry.npmjs.org/metro-resolver/-/metro-resolver-0.83.6.tgz 0ms (cache hit)
221 http cache metro-minify-terser@https://registry.npmjs.org/metro-minify-terser/-/metro-minify-terser-0.83.6.tgz 0ms (cache hit)
222 http cache metro-file-map@https://registry.npmjs.org/metro-file-map/-/metro-file-map-0.83.6.tgz 0ms (cache hit)
223 http cache metro-core@https://registry.npmjs.org/metro-core/-/metro-core-0.83.6.tgz 0ms (cache hit)
224 http cache metro-config@https://registry.npmjs.org/metro-config/-/metro-config-0.84.3.tgz 0ms (cache hit)
225 http cache metro-cache-key@https://registry.npmjs.org/metro-cache-key/-/metro-cache-key-0.83.6.tgz 1ms (cache hit)
226 http cache react-native-qrcode-svg@https://registry.npmjs.org/react-native-qrcode-svg/-/react-native-qrcode-svg-6.3.21.tgz 0ms (cache hit)
227 http cache metro-cache@https://registry.npmjs.org/metro-cache/-/metro-cache-0.83.6.tgz 0ms (cache hit)
228 http cache merge-stream@https://registry.npmjs.org/merge-stream/-/merge-stream-2.0.0.tgz 0ms (cache hit)
229 http cache merge-options@https://registry.npmjs.org/merge-options/-/merge-options-3.0.4.tgz 0ms (cache hit)
230 http cache memoize-one@https://registry.npmjs.org/memoize-one/-/memoize-one-5.2.1.tgz 0ms (cache hit)
231 http cache mime@https://registry.npmjs.org/mime/-/mime-1.6.0.tgz 0ms (cache hit)
232 http cache metro@https://registry.npmjs.org/metro/-/metro-0.83.6.tgz 0ms (cache hit)
233 http cache metro-babel-transformer@https://registry.npmjs.org/metro-babel-transformer/-/metro-babel-transformer-0.83.6.tgz 0ms (cache hit)
234 http cache on-finished@https://registry.npmjs.org/on-finished/-/on-finished-2.3.0.tgz 0ms (cache hit)
235 http cache marky@https://registry.npmjs.org/marky/-/marky-1.3.0.tgz 0ms (cache hit)
236 http cache makeerror@https://registry.npmjs.org/makeerror/-/makeerror-1.0.12.tgz 1ms (cache hit)
237 http cache loose-envify@https://registry.npmjs.org/loose-envify/-/loose-envify-1.4.0.tgz 0ms (cache hit)
238 http cache lru-cache@https://registry.npmjs.org/lru-cache/-/lru-cache-5.1.1.tgz 1ms (cache hit)
239 http cache mdn-data@https://registry.npmjs.org/mdn-data/-/mdn-data-2.0.14.tgz 0ms (cache hit)
240 http cache log-symbols@https://registry.npmjs.org/log-symbols/-/log-symbols-2.2.0.tgz 0ms (cache hit)
241 http cache lodash.throttle@https://registry.npmjs.org/lodash.throttle/-/lodash.throttle-4.1.1.tgz 0ms (cache hit)
242 http cache lodash.debounce@https://registry.npmjs.org/lodash.debounce/-/lodash.debounce-4.0.8.tgz 0ms (cache hit)
243 http cache locate-path@https://registry.npmjs.org/locate-path/-/locate-path-5.0.0.tgz 0ms (cache hit)
244 http cache lightningcss@https://registry.npmjs.org/lightningcss/-/lightningcss-1.32.0.tgz 0ms (cache hit)
245 http cache lightningcss-win32-x64-msvc@https://registry.npmjs.org/lightningcss-win32-x64-msvc/-/lightningcss-win32-x64-msvc-1.32.0.tgz 0ms (cache hit)
246 http cache leven@https://registry.npmjs.org/leven/-/leven-3.1.0.tgz 0ms (cache hit)
247 http cache lighthouse-logger@https://registry.npmjs.org/lighthouse-logger/-/lighthouse-logger-1.4.2.tgz 0ms (cache hit)
248 http cache lan-network@https://registry.npmjs.org/lan-network/-/lan-network-0.2.1.tgz 0ms (cache hit)
249 http cache kleur@https://registry.npmjs.org/kleur/-/kleur-3.0.3.tgz 0ms (cache hit)
250 http cache json5@https://registry.npmjs.org/json5/-/json5-2.2.3.tgz 0ms (cache hit)
251 http cache jsc-safe-url@https://registry.npmjs.org/jsc-safe-url/-/jsc-safe-url-0.2.4.tgz 1ms (cache hit)
252 http cache jsesc@https://registry.npmjs.org/jsesc/-/jsesc-3.1.0.tgz 0ms (cache hit)
253 http cache js-yaml@https://registry.npmjs.org/js-yaml/-/js-yaml-3.14.2.tgz 0ms (cache hit)
254 http cache jimp-compact@https://registry.npmjs.org/jimp-compact/-/jimp-compact-0.16.1.tgz 0ms (cache hit)
255 http cache js-tokens@https://registry.npmjs.org/js-tokens/-/js-tokens-4.0.0.tgz 0ms (cache hit)
256 http cache jest-worker@https://registry.npmjs.org/jest-worker/-/jest-worker-29.7.0.tgz 0ms (cache hit)
257 http cache jest-util@https://registry.npmjs.org/jest-util/-/jest-util-29.7.0.tgz 0ms (cache hit)
258 http cache jest-message-util@https://registry.npmjs.org/jest-message-util/-/jest-message-util-29.7.0.tgz 0ms (cache hit)
259 http cache jest-regex-util@https://registry.npmjs.org/jest-regex-util/-/jest-regex-util-29.6.3.tgz 0ms (cache hit)
260 http cache jest-mock@https://registry.npmjs.org/jest-mock/-/jest-mock-29.7.0.tgz 0ms (cache hit)
261 http cache jest-haste-map@https://registry.npmjs.org/jest-haste-map/-/jest-haste-map-29.7.0.tgz 0ms (cache hit)
262 http cache jest-get-type@https://registry.npmjs.org/jest-get-type/-/jest-get-type-29.6.3.tgz 0ms (cache hit)
263 http cache jest-validate@https://registry.npmjs.org/jest-validate/-/jest-validate-29.7.0.tgz 0ms (cache hit)
264 http cache jest-environment-node@https://registry.npmjs.org/jest-environment-node/-/jest-environment-node-29.7.0.tgz 0ms (cache hit)
265 http cache istanbul-lib-coverage@https://registry.npmjs.org/istanbul-lib-coverage/-/istanbul-lib-coverage-3.2.2.tgz 0ms (cache hit)
266 http cache isexe@https://registry.npmjs.org/isexe/-/isexe-2.0.0.tgz 0ms (cache hit)
267 http cache is-wsl@https://registry.npmjs.org/is-wsl/-/is-wsl-2.2.0.tgz 0ms (cache hit)
268 http cache is-fullwidth-code-point@https://registry.npmjs.org/is-fullwidth-code-point/-/is-fullwidth-code-point-3.0.0.tgz 0ms (cache hit)
269 http cache is-plain-obj@https://registry.npmjs.org/is-plain-obj/-/is-plain-obj-2.1.0.tgz 0ms (cache hit)
270 http cache istanbul-lib-instrument@https://registry.npmjs.org/istanbul-lib-instrument/-/istanbul-lib-instrument-5.2.1.tgz 0ms (cache hit)
271 http cache is-docker@https://registry.npmjs.org/is-docker/-/is-docker-2.2.1.tgz 0ms (cache hit)
272 http cache is-number@https://registry.npmjs.org/is-number/-/is-number-7.0.0.tgz 0ms (cache hit)
273 http cache is-core-module@https://registry.npmjs.org/is-core-module/-/is-core-module-2.16.1.tgz 0ms (cache hit)
274 http cache is-arrayish@https://registry.npmjs.org/is-arrayish/-/is-arrayish-0.3.4.tgz 1ms (cache hit)
275 http cache invariant@https://registry.npmjs.org/invariant/-/invariant-2.2.4.tgz 0ms (cache hit)
276 http cache inherits@https://registry.npmjs.org/inherits/-/inherits-2.0.4.tgz 0ms (cache hit)
277 http cache inline-style-prefixer@https://registry.npmjs.org/inline-style-prefixer/-/inline-style-prefixer-7.0.1.tgz 0ms (cache hit)
278 http cache inflight@https://registry.npmjs.org/inflight/-/inflight-1.0.6.tgz 0ms (cache hit)
279 http cache imurmurhash@https://registry.npmjs.org/imurmurhash/-/imurmurhash-0.1.4.tgz 0ms (cache hit)
280 http cache image-size@https://registry.npmjs.org/image-size/-/image-size-1.2.1.tgz 0ms (cache hit)
281 http cache ignore@https://registry.npmjs.org/ignore/-/ignore-5.3.2.tgz 0ms (cache hit)
282 http cache hyphenate-style-name@https://registry.npmjs.org/hyphenate-style-name/-/hyphenate-style-name-1.1.0.tgz 0ms (cache hit)
283 http cache https-proxy-agent@https://registry.npmjs.org/https-proxy-agent/-/https-proxy-agent-7.0.6.tgz 0ms (cache hit)
284 http cache http-errors@https://registry.npmjs.org/http-errors/-/http-errors-2.0.1.tgz 0ms (cache hit)
285 http cache html2canvas@https://registry.npmjs.org/html2canvas/-/html2canvas-1.4.1.tgz 0ms (cache hit)
286 http cache hosted-git-info@https://registry.npmjs.org/hosted-git-info/-/hosted-git-info-7.0.2.tgz 1ms (cache hit)
287 http cache hoist-non-react-statics@https://registry.npmjs.org/hoist-non-react-statics/-/hoist-non-react-statics-3.3.2.tgz 0ms (cache hit)
288 http cache hasown@https://registry.npmjs.org/hasown/-/hasown-2.0.3.tgz 0ms (cache hit)
289 http cache hermes-compiler@https://registry.npmjs.org/hermes-compiler/-/hermes-compiler-0.14.1.tgz 0ms (cache hit)
290 http cache hermes-estree@https://registry.npmjs.org/hermes-estree/-/hermes-estree-0.33.3.tgz 0ms (cache hit)
291 http cache has-flag@https://registry.npmjs.org/has-flag/-/has-flag-4.0.0.tgz 0ms (cache hit)
292 http cache graceful-fs@https://registry.npmjs.org/graceful-fs/-/graceful-fs-4.2.11.tgz 0ms (cache hit)
293 http cache getenv@https://registry.npmjs.org/getenv/-/getenv-2.0.0.tgz 0ms (cache hit)
294 http cache glob@https://registry.npmjs.org/glob/-/glob-13.0.6.tgz 0ms (cache hit)
295 http cache get-package-type@https://registry.npmjs.org/get-package-type/-/get-package-type-0.1.0.tgz 0ms (cache hit)
296 http cache get-caller-file@https://registry.npmjs.org/get-caller-file/-/get-caller-file-2.0.5.tgz 0ms (cache hit)
297 http cache gensync@https://registry.npmjs.org/gensync/-/gensync-1.0.0-beta.2.tgz 0ms (cache hit)
298 http cache function-bind@https://registry.npmjs.org/function-bind/-/function-bind-1.1.2.tgz 0ms (cache hit)
299 http cache fs.realpath@https://registry.npmjs.org/fs.realpath/-/fs.realpath-1.0.0.tgz 0ms (cache hit)
300 http cache fresh@https://registry.npmjs.org/fresh/-/fresh-0.5.2.tgz 0ms (cache hit)
301 http cache fontfaceobserver@https://registry.npmjs.org/fontfaceobserver/-/fontfaceobserver-2.3.0.tgz 0ms (cache hit)
302 http cache find-up@https://registry.npmjs.org/find-up/-/find-up-4.1.0.tgz 0ms (cache hit)
303 http cache finalhandler@https://registry.npmjs.org/finalhandler/-/finalhandler-1.1.2.tgz 0ms (cache hit)
304 http cache flow-enums-runtime@https://registry.npmjs.org/flow-enums-runtime/-/flow-enums-runtime-0.0.6.tgz 0ms (cache hit)
305 http cache filter-obj@https://registry.npmjs.org/filter-obj/-/filter-obj-1.1.0.tgz 0ms (cache hit)
306 http cache fill-range@https://registry.npmjs.org/fill-range/-/fill-range-7.1.1.tgz 0ms (cache hit)
307 http cache fbjs-css-vars@https://registry.npmjs.org/fbjs-css-vars/-/fbjs-css-vars-1.0.2.tgz 0ms (cache hit)
308 http cache fetch-nodeshim@https://registry.npmjs.org/fetch-nodeshim/-/fetch-nodeshim-0.4.10.tgz 0ms (cache hit)
309 http cache fbjs@https://registry.npmjs.org/fbjs/-/fbjs-3.0.5.tgz 0ms (cache hit)
310 http cache fb-watchman@https://registry.npmjs.org/fb-watchman/-/fb-watchman-2.0.2.tgz 0ms (cache hit)
311 http cache fb-dotslash@https://registry.npmjs.org/fb-dotslash/-/fb-dotslash-0.5.8.tgz 0ms (cache hit)
312 http cache fast-json-stable-stringify@https://registry.npmjs.org/fast-json-stable-stringify/-/fast-json-stable-stringify-2.1.0.tgz 0ms (cache hit)
313 http cache exponential-backoff@https://registry.npmjs.org/exponential-backoff/-/exponential-backoff-3.1.3.tgz 0ms (cache hit)
314 http cache expo-status-bar@https://registry.npmjs.org/expo-status-bar/-/expo-status-bar-55.0.6.tgz 0ms (cache hit)
315 http cache fast-deep-equal@https://registry.npmjs.org/fast-deep-equal/-/fast-deep-equal-3.1.3.tgz 0ms (cache hit)
316 http cache expo-sharing@https://registry.npmjs.org/expo-sharing/-/expo-sharing-55.0.19.tgz 0ms (cache hit)
317 http cache expo-server@https://registry.npmjs.org/expo-server/-/expo-server-55.0.9.tgz 0ms (cache hit)
318 http cache expo-sensors@https://registry.npmjs.org/expo-sensors/-/expo-sensors-55.0.15.tgz 0ms (cache hit)
319 http cache expo-print@https://registry.npmjs.org/expo-print/-/expo-print-55.0.15.tgz 0ms (cache hit)
320 http cache expo-modules-core@https://registry.npmjs.org/expo-modules-core/-/expo-modules-core-55.0.25.tgz 0ms (cache hit)
321 http cache expo-linear-gradient@https://registry.npmjs.org/expo-linear-gradient/-/expo-linear-gradient-55.0.14.tgz 0ms (cache hit)
322 http cache expo-modules-autolinking@https://registry.npmjs.org/expo-modules-autolinking/-/expo-modules-autolinking-55.0.22.tgz 0ms (cache hit)
323 http cache expo-media-library@https://registry.npmjs.org/expo-media-library/-/expo-media-library-55.0.17.tgz 0ms (cache hit)
324 http cache expo-keep-awake@https://registry.npmjs.org/expo-keep-awake/-/expo-keep-awake-55.0.8.tgz 0ms (cache hit)
325 http cache expo-font@https://registry.npmjs.org/expo-font/-/expo-font-55.0.7.tgz 0ms (cache hit)
326 http cache expo-constants@https://registry.npmjs.org/expo-constants/-/expo-constants-55.0.16.tgz 0ms (cache hit)
327 http cache expo-file-system@https://registry.npmjs.org/expo-file-system/-/expo-file-system-55.0.20.tgz 0ms (cache hit)
328 http cache expo-clipboard@https://registry.npmjs.org/expo-clipboard/-/expo-clipboard-55.0.13.tgz 0ms (cache hit)
329 http cache expo-camera@https://registry.npmjs.org/expo-camera/-/expo-camera-55.0.18.tgz 0ms (cache hit)
330 http cache expo@https://registry.npmjs.org/expo/-/expo-55.0.24.tgz 0ms (cache hit)
331 http cache expo-asset@https://registry.npmjs.org/expo-asset/-/expo-asset-55.0.17.tgz 0ms (cache hit)
332 http cache event-target-shim@https://registry.npmjs.org/event-target-shim/-/event-target-shim-5.0.1.tgz 0ms (cache hit)
333 http cache etag@https://registry.npmjs.org/etag/-/etag-1.8.1.tgz 0ms (cache hit)
334 http cache esprima@https://registry.npmjs.org/esprima/-/esprima-4.0.1.tgz 0ms (cache hit)
335 http cache escape-string-regexp@https://registry.npmjs.org/escape-string-regexp/-/escape-string-regexp-4.0.0.tgz 0ms (cache hit)
336 http cache escape-html@https://registry.npmjs.org/escape-html/-/escape-html-1.0.3.tgz 0ms (cache hit)
337 http cache escalade@https://registry.npmjs.org/escalade/-/escalade-3.2.0.tgz 0ms (cache hit)
338 http cache es-errors@https://registry.npmjs.org/es-errors/-/es-errors-1.3.0.tgz 0ms (cache hit)
339 http cache error-stack-parser@https://registry.npmjs.org/error-stack-parser/-/error-stack-parser-2.1.4.tgz 0ms (cache hit)
340 http cache entities@https://registry.npmjs.org/entities/-/entities-4.5.0.tgz 1ms (cache hit)
341 http cache emoji-regex@https://registry.npmjs.org/emoji-regex/-/emoji-regex-8.0.0.tgz 0ms (cache hit)
342 http cache encodeurl@https://registry.npmjs.org/encodeurl/-/encodeurl-1.0.2.tgz 0ms (cache hit)
343 http cache electron-to-chromium@https://registry.npmjs.org/electron-to-chromium/-/electron-to-chromium-1.5.341.tgz 0ms (cache hit)
344 http cache ee-first@https://registry.npmjs.org/ee-first/-/ee-first-1.1.1.tgz 0ms (cache hit)
345 http cache domutils@https://registry.npmjs.org/domutils/-/domutils-3.2.2.tgz 0ms (cache hit)
346 http cache domhandler@https://registry.npmjs.org/domhandler/-/domhandler-5.0.3.tgz 0ms (cache hit)
347 http cache domelementtype@https://registry.npmjs.org/domelementtype/-/domelementtype-2.3.0.tgz 1ms (cache hit)
348 http cache dom-serializer@https://registry.npmjs.org/dom-serializer/-/dom-serializer-2.0.0.tgz 0ms (cache hit)
349 http cache dnssd-advertise@https://registry.npmjs.org/dnssd-advertise/-/dnssd-advertise-1.1.4.tgz 0ms (cache hit)
350 http cache dijkstrajs@https://registry.npmjs.org/dijkstrajs/-/dijkstrajs-1.0.3.tgz 0ms (cache hit)
351 http cache detect-libc@https://registry.npmjs.org/detect-libc/-/detect-libc-2.1.2.tgz 0ms (cache hit)
352 http cache destroy@https://registry.npmjs.org/destroy/-/destroy-1.2.0.tgz 0ms (cache hit)
353 http cache depd@https://registry.npmjs.org/depd/-/depd-2.0.0.tgz 1ms (cache hit)
354 http cache defaults@https://registry.npmjs.org/defaults/-/defaults-1.0.4.tgz 0ms (cache hit)
355 http cache define-lazy-prop@https://registry.npmjs.org/define-lazy-prop/-/define-lazy-prop-2.0.0.tgz 0ms (cache hit)
356 http cache deepmerge@https://registry.npmjs.org/deepmerge/-/deepmerge-4.3.1.tgz 0ms (cache hit)
357 http cache decode-uri-component@https://registry.npmjs.org/decode-uri-component/-/decode-uri-component-0.2.2.tgz 0ms (cache hit)
358 http cache decamelize@https://registry.npmjs.org/decamelize/-/decamelize-1.2.0.tgz 0ms (cache hit)
359 http cache debug@https://registry.npmjs.org/debug/-/debug-4.4.3.tgz 0ms (cache hit)
360 http cache css-what@https://registry.npmjs.org/css-what/-/css-what-6.2.2.tgz 0ms (cache hit)
361 http cache css-tree@https://registry.npmjs.org/css-tree/-/css-tree-1.1.3.tgz 0ms (cache hit)
362 http cache css-select@https://registry.npmjs.org/css-select/-/css-select-5.2.2.tgz 0ms (cache hit)
363 http cache css-in-js-utils@https://registry.npmjs.org/css-in-js-utils/-/css-in-js-utils-3.1.0.tgz 0ms (cache hit)
364 http cache css-line-break@https://registry.npmjs.org/css-line-break/-/css-line-break-2.1.0.tgz 0ms (cache hit)
365 http cache cross-spawn@https://registry.npmjs.org/cross-spawn/-/cross-spawn-7.0.6.tgz 0ms (cache hit)
366 http cache cross-fetch@https://registry.npmjs.org/cross-fetch/-/cross-fetch-3.2.0.tgz 0ms (cache hit)
367 http cache core-js-compat@https://registry.npmjs.org/core-js-compat/-/core-js-compat-3.49.0.tgz 0ms (cache hit)
368 http cache convert-source-map@https://registry.npmjs.org/convert-source-map/-/convert-source-map-2.0.0.tgz 0ms (cache hit)
369 http cache concat-map@https://registry.npmjs.org/concat-map/-/concat-map-0.0.1.tgz 0ms (cache hit)
370 http cache color-string@https://registry.npmjs.org/color-string/-/color-string-1.9.1.tgz 0ms (cache hit)
371 http cache compression@https://registry.npmjs.org/compression/-/compression-1.8.1.tgz 0ms (cache hit)
372 http cache hermes-parser@https://registry.npmjs.org/hermes-parser/-/hermes-parser-0.33.3.tgz 0ms (cache hit)
373 http cache expo-speech@https://registry.npmjs.org/expo-speech/-/expo-speech-55.0.14.tgz 0ms (cache hit)
374 http cache color-name@https://registry.npmjs.org/color-name/-/color-name-1.1.4.tgz 0ms (cache hit)
375 http cache commander@https://registry.npmjs.org/commander/-/commander-7.2.0.tgz 0ms (cache hit)
376 http cache color-convert@https://registry.npmjs.org/color-convert/-/color-convert-2.0.1.tgz 0ms (cache hit)
377 http cache color@https://registry.npmjs.org/color/-/color-4.2.3.tgz 0ms (cache hit)
378 http cache clone@https://registry.npmjs.org/clone/-/clone-1.0.4.tgz 0ms (cache hit)
379 http cache cliui@https://registry.npmjs.org/cliui/-/cliui-8.0.1.tgz 0ms (cache hit)
380 http cache cli-cursor@https://registry.npmjs.org/cli-cursor/-/cli-cursor-2.1.0.tgz 0ms (cache hit)
381 http cache cli-spinners@https://registry.npmjs.org/cli-spinners/-/cli-spinners-2.9.2.tgz 0ms (cache hit)
382 http cache ci-info@https://registry.npmjs.org/ci-info/-/ci-info-2.0.0.tgz 0ms (cache hit)
383 http cache chrome-launcher@https://registry.npmjs.org/chrome-launcher/-/chrome-launcher-0.15.2.tgz 0ms (cache hit)
384 http cache chromium-edge-launcher@https://registry.npmjs.org/chromium-edge-launcher/-/chromium-edge-launcher-0.2.0.tgz 0ms (cache hit)
385 http cache chalk@https://registry.npmjs.org/chalk/-/chalk-4.1.2.tgz 0ms (cache hit)
386 http cache caniuse-lite@https://registry.npmjs.org/caniuse-lite/-/caniuse-lite-1.0.30001788.tgz 0ms (cache hit)
387 http cache bytes@https://registry.npmjs.org/bytes/-/bytes-3.1.2.tgz 0ms (cache hit)
388 http cache camelcase@https://registry.npmjs.org/camelcase/-/camelcase-6.3.0.tgz 0ms (cache hit)
389 http cache buffer-from@https://registry.npmjs.org/buffer-from/-/buffer-from-1.1.2.tgz 0ms (cache hit)
390 http cache bser@https://registry.npmjs.org/bser/-/bser-2.1.1.tgz 0ms (cache hit)
391 http cache braces@https://registry.npmjs.org/braces/-/braces-3.0.3.tgz 0ms (cache hit)
392 http cache browserslist@https://registry.npmjs.org/browserslist/-/browserslist-4.28.2.tgz 0ms (cache hit)
393 http cache bplist-creator@https://registry.npmjs.org/bplist-creator/-/bplist-creator-0.1.0.tgz 0ms (cache hit)
394 http cache bplist-parser@https://registry.npmjs.org/bplist-parser/-/bplist-parser-0.3.1.tgz 0ms (cache hit)
395 http cache brace-expansion@https://registry.npmjs.org/brace-expansion/-/brace-expansion-5.0.5.tgz 0ms (cache hit)
396 http cache boolbase@https://registry.npmjs.org/boolbase/-/boolbase-1.0.0.tgz 0ms (cache hit)
397 http cache big-integer@https://registry.npmjs.org/big-integer/-/big-integer-1.6.52.tgz 0ms (cache hit)
398 http cache better-opn@https://registry.npmjs.org/better-opn/-/better-opn-3.0.2.tgz 0ms (cache hit)
399 http cache baseline-browser-mapping@https://registry.npmjs.org/baseline-browser-mapping/-/baseline-browser-mapping-2.10.20.tgz 0ms (cache hit)
400 http cache base64-js@https://registry.npmjs.org/base64-js/-/base64-js-1.5.1.tgz 0ms (cache hit)
401 http cache base64-arraybuffer@https://registry.npmjs.org/base64-arraybuffer/-/base64-arraybuffer-1.0.2.tgz 0ms (cache hit)
402 http cache balanced-match@https://registry.npmjs.org/balanced-match/-/balanced-match-1.0.2.tgz 0ms (cache hit)
403 http cache barcode-detector@https://registry.npmjs.org/barcode-detector/-/barcode-detector-3.1.2.tgz 0ms (cache hit)
404 http cache babel-preset-jest@https://registry.npmjs.org/babel-preset-jest/-/babel-preset-jest-29.6.3.tgz 0ms (cache hit)
405 http cache babel-preset-current-node-syntax@https://registry.npmjs.org/babel-preset-current-node-syntax/-/babel-preset-current-node-syntax-1.2.0.tgz 0ms (cache hit)
406 http cache babel-preset-expo@https://registry.npmjs.org/babel-preset-expo/-/babel-preset-expo-55.0.21.tgz 0ms (cache hit)
407 http cache babel-plugin-syntax-hermes-parser@https://registry.npmjs.org/babel-plugin-syntax-hermes-parser/-/babel-plugin-syntax-hermes-parser-0.33.3.tgz 1ms (cache hit)
408 http cache compressible@https://registry.npmjs.org/compressible/-/compressible-2.0.18.tgz 0ms (cache hit)
409 http cache babel-plugin-react-compiler@https://registry.npmjs.org/babel-plugin-react-compiler/-/babel-plugin-react-compiler-1.0.0.tgz 0ms (cache hit)
410 http cache babel-plugin-react-native-web@https://registry.npmjs.org/babel-plugin-react-native-web/-/babel-plugin-react-native-web-0.21.2.tgz 0ms (cache hit)
411 http cache babel-plugin-polyfill-regenerator@https://registry.npmjs.org/babel-plugin-polyfill-regenerator/-/babel-plugin-polyfill-regenerator-0.6.8.tgz 0ms (cache hit)
412 http cache babel-plugin-polyfill-corejs3@https://registry.npmjs.org/babel-plugin-polyfill-corejs3/-/babel-plugin-polyfill-corejs3-0.13.0.tgz 0ms (cache hit)
413 http cache babel-plugin-istanbul@https://registry.npmjs.org/babel-plugin-istanbul/-/babel-plugin-istanbul-6.1.1.tgz 0ms (cache hit)
414 http cache babel-plugin-jest-hoist@https://registry.npmjs.org/babel-plugin-jest-hoist/-/babel-plugin-jest-hoist-29.6.3.tgz 0ms (cache hit)
415 http cache babel-plugin-polyfill-corejs2@https://registry.npmjs.org/babel-plugin-polyfill-corejs2/-/babel-plugin-polyfill-corejs2-0.4.17.tgz 0ms (cache hit)
416 http cache babel-jest@https://registry.npmjs.org/babel-jest/-/babel-jest-29.7.0.tgz 0ms (cache hit)
417 http cache asap@https://registry.npmjs.org/asap/-/asap-2.0.6.tgz 0ms (cache hit)
418 http cache argparse@https://registry.npmjs.org/argparse/-/argparse-1.0.10.tgz 0ms (cache hit)
419 http cache arg@https://registry.npmjs.org/arg/-/arg-5.0.2.tgz 0ms (cache hit)
420 http cache anymatch@https://registry.npmjs.org/anymatch/-/anymatch-3.1.3.tgz 0ms (cache hit)
421 http cache ansi-styles@https://registry.npmjs.org/ansi-styles/-/ansi-styles-4.3.0.tgz 0ms (cache hit)
422 http cache anser@https://registry.npmjs.org/anser/-/anser-1.4.10.tgz 1ms (cache hit)
423 http cache ansi-regex@https://registry.npmjs.org/ansi-regex/-/ansi-regex-5.0.1.tgz 0ms (cache hit)
424 http cache agent-base@https://registry.npmjs.org/agent-base/-/agent-base-7.1.4.tgz 0ms (cache hit)
425 http cache @xmldom/xmldom@https://registry.npmjs.org/@xmldom/xmldom/-/xmldom-0.8.13.tgz 0ms (cache hit)
426 http cache acorn@https://registry.npmjs.org/acorn/-/acorn-8.16.0.tgz 0ms (cache hit)
427 http cache @ungap/structured-clone@https://registry.npmjs.org/@ungap/structured-clone/-/structured-clone-1.3.0.tgz 0ms (cache hit)
428 http cache accepts@https://registry.npmjs.org/accepts/-/accepts-2.0.0.tgz 0ms (cache hit)
429 http cache abort-controller@https://registry.npmjs.org/abort-controller/-/abort-controller-3.0.0.tgz 0ms (cache hit)
430 http cache @types/yargs-parser@https://registry.npmjs.org/@types/yargs-parser/-/yargs-parser-21.0.3.tgz 0ms (cache hit)
431 http cache ansi-escapes@https://registry.npmjs.org/ansi-escapes/-/ansi-escapes-4.3.2.tgz 0ms (cache hit)
432 http cache @types/yargs@https://registry.npmjs.org/@types/yargs/-/yargs-17.0.35.tgz 0ms (cache hit)
433 http cache @types/stack-utils@https://registry.npmjs.org/@types/stack-utils/-/stack-utils-2.0.3.tgz 0ms (cache hit)
434 http cache connect@https://registry.npmjs.org/connect/-/connect-3.7.0.tgz 0ms (cache hit)
435 http cache @types/node@https://registry.npmjs.org/@types/node/-/node-25.6.0.tgz 0ms (cache hit)
436 http cache @types/istanbul-reports@https://registry.npmjs.org/@types/istanbul-reports/-/istanbul-reports-3.0.4.tgz 0ms (cache hit)
437 http cache @types/istanbul-lib-report@https://registry.npmjs.org/@types/istanbul-lib-report/-/istanbul-lib-report-3.0.3.tgz 0ms (cache hit)
438 http cache @types/istanbul-lib-coverage@https://registry.npmjs.org/@types/istanbul-lib-coverage/-/istanbul-lib-coverage-2.0.6.tgz 0ms (cache hit)
439 http cache @types/hammerjs@https://registry.npmjs.org/@types/hammerjs/-/hammerjs-2.0.46.tgz 0ms (cache hit)
440 http cache @types/emscripten@https://registry.npmjs.org/@types/emscripten/-/emscripten-1.41.5.tgz 0ms (cache hit)
441 http cache @types/babel__traverse@https://registry.npmjs.org/@types/babel__traverse/-/babel__traverse-7.28.0.tgz 1ms (cache hit)
442 http cache @types/graceful-fs@https://registry.npmjs.org/@types/graceful-fs/-/graceful-fs-4.1.9.tgz 0ms (cache hit)
443 http cache @types/babel__template@https://registry.npmjs.org/@types/babel__template/-/babel__template-7.4.4.tgz 0ms (cache hit)
444 http cache @types/babel__generator@https://registry.npmjs.org/@types/babel__generator/-/babel__generator-7.27.0.tgz 0ms (cache hit)
445 http cache @types/babel__core@https://registry.npmjs.org/@types/babel__core/-/babel__core-7.20.5.tgz 1ms (cache hit)
446 http cache @sinonjs/commons@https://registry.npmjs.org/@sinonjs/commons/-/commons-3.0.1.tgz 0ms (cache hit)
447 http cache @sinonjs/fake-timers@https://registry.npmjs.org/@sinonjs/fake-timers/-/fake-timers-10.3.0.tgz 0ms (cache hit)
448 http cache @sinclair/typebox@https://registry.npmjs.org/@sinclair/typebox/-/typebox-0.27.10.tgz 0ms (cache hit)
449 http cache @react-navigation/stack@https://registry.npmjs.org/@react-navigation/stack/-/stack-7.8.10.tgz 1ms (cache hit)
450 http cache @react-navigation/routers@https://registry.npmjs.org/@react-navigation/routers/-/routers-7.5.3.tgz 0ms (cache hit)
451 http cache @react-navigation/native-stack@https://registry.npmjs.org/@react-navigation/native-stack/-/native-stack-7.14.11.tgz 0ms (cache hit)
452 http cache @react-navigation/native@https://registry.npmjs.org/@react-navigation/native/-/native-7.2.2.tgz 0ms (cache hit)
453 http cache @react-navigation/elements@https://registry.npmjs.org/@react-navigation/elements/-/elements-2.9.14.tgz 0ms (cache hit)
454 http cache @react-native/normalize-colors@https://registry.npmjs.org/@react-native/normalize-colors/-/normalize-colors-0.83.6.tgz 0ms (cache hit)
455 http cache @react-native/metro-babel-transformer@https://registry.npmjs.org/@react-native/metro-babel-transformer/-/metro-babel-transformer-0.85.2.tgz 1ms (cache hit)
456 http cache @react-native/metro-config@https://registry.npmjs.org/@react-native/metro-config/-/metro-config-0.85.2.tgz 0ms (cache hit)
457 http cache babel-plugin-transform-flow-enums@https://registry.npmjs.org/babel-plugin-transform-flow-enums/-/babel-plugin-transform-flow-enums-0.0.2.tgz 0ms (cache hit)
458 http cache @react-native/gradle-plugin@https://registry.npmjs.org/@react-native/gradle-plugin/-/gradle-plugin-0.83.6.tgz 0ms (cache hit)
459 http cache @react-native/dev-middleware@https://registry.npmjs.org/@react-native/dev-middleware/-/dev-middleware-0.83.6.tgz 0ms (cache hit)
460 http cache @react-navigation/core@https://registry.npmjs.org/@react-navigation/core/-/core-7.17.2.tgz 0ms (cache hit)
461 http cache @react-native/debugger-shell@https://registry.npmjs.org/@react-native/debugger-shell/-/debugger-shell-0.83.6.tgz 0ms (cache hit)
462 http cache @react-native/debugger-frontend@https://registry.npmjs.org/@react-native/debugger-frontend/-/debugger-frontend-0.83.6.tgz 0ms (cache hit)
463 http cache @react-native/js-polyfills@https://registry.npmjs.org/@react-native/js-polyfills/-/js-polyfills-0.85.2.tgz 0ms (cache hit)
464 http cache @react-native/codegen@https://registry.npmjs.org/@react-native/codegen/-/codegen-0.85.2.tgz 0ms (cache hit)
465 http cache @react-native/community-cli-plugin@https://registry.npmjs.org/@react-native/community-cli-plugin/-/community-cli-plugin-0.83.6.tgz 0ms (cache hit)
466 http cache @react-native/babel-plugin-codegen@https://registry.npmjs.org/@react-native/babel-plugin-codegen/-/babel-plugin-codegen-0.85.2.tgz 0ms (cache hit)
467 http cache @jridgewell/trace-mapping@https://registry.npmjs.org/@jridgewell/trace-mapping/-/trace-mapping-0.3.31.tgz 0ms (cache hit)
468 http cache @react-native-async-storage/async-storage@https://registry.npmjs.org/@react-native-async-storage/async-storage/-/async-storage-2.2.0.tgz 0ms (cache hit)
469 http cache @jridgewell/sourcemap-codec@https://registry.npmjs.org/@jridgewell/sourcemap-codec/-/sourcemap-codec-1.5.5.tgz 0ms (cache hit)
470 http cache @jridgewell/source-map@https://registry.npmjs.org/@jridgewell/source-map/-/source-map-0.3.11.tgz 0ms (cache hit)
471 http cache @jridgewell/remapping@https://registry.npmjs.org/@jridgewell/remapping/-/remapping-2.3.5.tgz 0ms (cache hit)
472 http cache @jridgewell/resolve-uri@https://registry.npmjs.org/@jridgewell/resolve-uri/-/resolve-uri-3.1.2.tgz 0ms (cache hit)
473 http cache @jridgewell/gen-mapping@https://registry.npmjs.org/@jridgewell/gen-mapping/-/gen-mapping-0.3.13.tgz 0ms (cache hit)
474 http cache @jest/types@https://registry.npmjs.org/@jest/types/-/types-29.6.3.tgz 0ms (cache hit)
475 http cache @jest/schemas@https://registry.npmjs.org/@jest/schemas/-/schemas-29.6.3.tgz 0ms (cache hit)
476 http cache @jest/fake-timers@https://registry.npmjs.org/@jest/fake-timers/-/fake-timers-29.7.0.tgz 0ms (cache hit)
477 http cache @jest/transform@https://registry.npmjs.org/@jest/transform/-/transform-29.7.0.tgz 0ms (cache hit)
478 http cache @jest/environment@https://registry.npmjs.org/@jest/environment/-/environment-29.7.0.tgz 0ms (cache hit)
479 http cache @jest/create-cache-key-function@https://registry.npmjs.org/@jest/create-cache-key-function/-/create-cache-key-function-29.7.0.tgz 0ms (cache hit)
480 http cache @isaacs/ttlcache@https://registry.npmjs.org/@isaacs/ttlcache/-/ttlcache-1.4.1.tgz 0ms (cache hit)
481 http cache @expo/xcpretty@https://registry.npmjs.org/@expo/xcpretty/-/xcpretty-4.4.4.tgz 0ms (cache hit)
482 http cache @istanbuljs/schema@https://registry.npmjs.org/@istanbuljs/schema/-/schema-0.1.6.tgz 0ms (cache hit)
483 http cache @istanbuljs/load-nyc-config@https://registry.npmjs.org/@istanbuljs/load-nyc-config/-/load-nyc-config-1.1.0.tgz 0ms (cache hit)
484 http cache @expo/vector-icons@https://registry.npmjs.org/@expo/vector-icons/-/vector-icons-15.1.1.tgz 0ms (cache hit)
485 http cache @expo/ws-tunnel@https://registry.npmjs.org/@expo/ws-tunnel/-/ws-tunnel-1.0.6.tgz 0ms (cache hit)
486 http cache @expo/sudo-prompt@https://registry.npmjs.org/@expo/sudo-prompt/-/sudo-prompt-9.3.2.tgz 0ms (cache hit)
487 http cache @expo/spawn-async@https://registry.npmjs.org/@expo/spawn-async/-/spawn-async-1.7.2.tgz 0ms (cache hit)
488 http cache @expo/sdk-runtime-versions@https://registry.npmjs.org/@expo/sdk-runtime-versions/-/sdk-runtime-versions-1.0.0.tgz 0ms (cache hit)
489 http cache @expo/schema-utils@https://registry.npmjs.org/@expo/schema-utils/-/schema-utils-55.0.4.tgz 0ms (cache hit)
490 http cache @expo/require-utils@https://registry.npmjs.org/@expo/require-utils/-/require-utils-55.0.5.tgz 0ms (cache hit)
491 http cache @expo/prebuild-config@https://registry.npmjs.org/@expo/prebuild-config/-/prebuild-config-55.0.18.tgz 0ms (cache hit)
492 http cache @expo/plist@https://registry.npmjs.org/@expo/plist/-/plist-0.5.3.tgz 0ms (cache hit)
493 http cache @expo/osascript@https://registry.npmjs.org/@expo/osascript/-/osascript-2.4.3.tgz 0ms (cache hit)
494 http cache @expo/package-manager@https://registry.npmjs.org/@expo/package-manager/-/package-manager-1.10.5.tgz 0ms (cache hit)
495 http cache @expo/metro-config@https://registry.npmjs.org/@expo/metro-config/-/metro-config-55.0.21.tgz 0ms (cache hit)
496 http cache @expo/log-box@https://registry.npmjs.org/@expo/log-box/-/log-box-55.0.12.tgz 0ms (cache hit)
497 http cache @expo/metro@https://registry.npmjs.org/@expo/metro/-/metro-55.1.1.tgz 0ms (cache hit)
498 http cache @expo/local-build-cache-provider@https://registry.npmjs.org/@expo/local-build-cache-provider/-/local-build-cache-provider-55.0.13.tgz 0ms (cache hit)
499 http cache @expo/json-file@https://registry.npmjs.org/@expo/json-file/-/json-file-10.0.14.tgz 0ms (cache hit)
500 http cache @expo/image-utils@https://registry.npmjs.org/@expo/image-utils/-/image-utils-0.8.14.tgz 0ms (cache hit)
501 http cache @expo/fingerprint@https://registry.npmjs.org/@expo/fingerprint/-/fingerprint-0.16.7.tgz 0ms (cache hit)
502 http cache @expo/env@https://registry.npmjs.org/@expo/env/-/env-2.1.2.tgz 0ms (cache hit)
503 http cache @expo/dom-webview@https://registry.npmjs.org/@expo/dom-webview/-/dom-webview-55.0.6.tgz 0ms (cache hit)
504 http cache @expo/devcert@https://registry.npmjs.org/@expo/devcert/-/devcert-1.2.1.tgz 0ms (cache hit)
505 http cache @expo/devtools@https://registry.npmjs.org/@expo/devtools/-/devtools-55.0.3.tgz 0ms (cache hit)
506 http cache @egjs/hammerjs@https://registry.npmjs.org/@egjs/hammerjs/-/hammerjs-2.0.17.tgz 0ms (cache hit)
507 http cache @react-native/babel-preset@https://registry.npmjs.org/@react-native/babel-preset/-/babel-preset-0.85.2.tgz 0ms (cache hit)
508 http cache @expo/config-plugins@https://registry.npmjs.org/@expo/config-plugins/-/config-plugins-55.0.9.tgz 0ms (cache hit)
509 http cache @expo/config@https://registry.npmjs.org/@expo/config/-/config-55.0.17.tgz 0ms (cache hit)
510 http cache @expo/code-signing-certificates@https://registry.npmjs.org/@expo/code-signing-certificates/-/code-signing-certificates-0.0.6.tgz 0ms (cache hit)
511 http cache @babel/types@https://registry.npmjs.org/@babel/types/-/types-7.29.0.tgz 0ms (cache hit)
512 http cache @expo/config-types@https://registry.npmjs.org/@expo/config-types/-/config-types-55.0.5.tgz 0ms (cache hit)
513 http cache @babel/traverse@https://registry.npmjs.org/@babel/traverse/-/traverse-7.29.0.tgz 0ms (cache hit)
514 http cache @babel/template@https://registry.npmjs.org/@babel/template/-/template-7.28.6.tgz 0ms (cache hit)
515 http cache @babel/runtime@https://registry.npmjs.org/@babel/runtime/-/runtime-7.29.2.tgz 0ms (cache hit)
516 http cache @babel/preset-typescript@https://registry.npmjs.org/@babel/preset-typescript/-/preset-typescript-7.28.5.tgz 0ms (cache hit)
517 http cache @babel/plugin-transform-unicode-regex@https://registry.npmjs.org/@babel/plugin-transform-unicode-regex/-/plugin-transform-unicode-regex-7.27.1.tgz 0ms (cache hit)
518 http cache @babel/preset-react@https://registry.npmjs.org/@babel/preset-react/-/preset-react-7.28.5.tgz 0ms (cache hit)
519 http cache @babel/plugin-transform-typescript@https://registry.npmjs.org/@babel/plugin-transform-typescript/-/plugin-transform-typescript-7.28.6.tgz 0ms (cache hit)
520 http cache @babel/plugin-transform-sticky-regex@https://registry.npmjs.org/@babel/plugin-transform-sticky-regex/-/plugin-transform-sticky-regex-7.27.1.tgz 0ms (cache hit)
521 http cache @babel/plugin-transform-template-literals@https://registry.npmjs.org/@babel/plugin-transform-template-literals/-/plugin-transform-template-literals-7.27.1.tgz 0ms (cache hit)
522 http cache @babel/plugin-transform-spread@https://registry.npmjs.org/@babel/plugin-transform-spread/-/plugin-transform-spread-7.28.6.tgz 0ms (cache hit)
523 http cache @babel/plugin-transform-shorthand-properties@https://registry.npmjs.org/@babel/plugin-transform-shorthand-properties/-/plugin-transform-shorthand-properties-7.27.1.tgz 0ms (cache hit)
524 http cache @babel/plugin-transform-regenerator@https://registry.npmjs.org/@babel/plugin-transform-regenerator/-/plugin-transform-regenerator-7.29.0.tgz 0ms (cache hit)
525 http cache @babel/plugin-transform-react-pure-annotations@https://registry.npmjs.org/@babel/plugin-transform-react-pure-annotations/-/plugin-transform-react-pure-annotations-7.27.1.tgz 0ms (cache hit)
526 http cache @babel/plugin-transform-react-jsx-source@https://registry.npmjs.org/@babel/plugin-transform-react-jsx-source/-/plugin-transform-react-jsx-source-7.27.1.tgz 0ms (cache hit)
527 http cache @babel/plugin-transform-react-jsx-self@https://registry.npmjs.org/@babel/plugin-transform-react-jsx-self/-/plugin-transform-react-jsx-self-7.27.1.tgz 0ms (cache hit)
528 http cache @babel/plugin-transform-react-jsx-development@https://registry.npmjs.org/@babel/plugin-transform-react-jsx-development/-/plugin-transform-react-jsx-development-7.27.1.tgz 0ms (cache hit)
529 http cache @babel/plugin-transform-react-jsx@https://registry.npmjs.org/@babel/plugin-transform-react-jsx/-/plugin-transform-react-jsx-7.28.6.tgz 0ms (cache hit)
530 http cache @babel/plugin-transform-react-display-name@https://registry.npmjs.org/@babel/plugin-transform-react-display-name/-/plugin-transform-react-display-name-7.28.0.tgz 0ms (cache hit)
531 http cache @babel/plugin-transform-private-property-in-object@https://registry.npmjs.org/@babel/plugin-transform-private-property-in-object/-/plugin-transform-private-property-in-object-7.28.6.tgz 1ms (cache hit)
532 http cache @babel/plugin-transform-private-methods@https://registry.npmjs.org/@babel/plugin-transform-private-methods/-/plugin-transform-private-methods-7.28.6.tgz 0ms (cache hit)
533 http cache @babel/plugin-transform-parameters@https://registry.npmjs.org/@babel/plugin-transform-parameters/-/plugin-transform-parameters-7.27.7.tgz 0ms (cache hit)
534 http cache @babel/plugin-transform-optional-chaining@https://registry.npmjs.org/@babel/plugin-transform-optional-chaining/-/plugin-transform-optional-chaining-7.28.6.tgz 0ms (cache hit)
535 http cache @babel/plugin-transform-optional-catch-binding@https://registry.npmjs.org/@babel/plugin-transform-optional-catch-binding/-/plugin-transform-optional-catch-binding-7.28.6.tgz 0ms (cache hit)
536 http cache @babel/plugin-transform-numeric-separator@https://registry.npmjs.org/@babel/plugin-transform-numeric-separator/-/plugin-transform-numeric-separator-7.28.6.tgz 0ms (cache hit)
537 http cache @babel/plugin-transform-nullish-coalescing-operator@https://registry.npmjs.org/@babel/plugin-transform-nullish-coalescing-operator/-/plugin-transform-nullish-coalescing-operator-7.28.6.tgz 0ms (cache hit)
538 http cache @react-native/assets-registry@https://registry.npmjs.org/@react-native/assets-registry/-/assets-registry-0.83.6.tgz 0ms (cache hit)
539 http cache @babel/plugin-transform-modules-commonjs@https://registry.npmjs.org/@babel/plugin-transform-modules-commonjs/-/plugin-transform-modules-commonjs-7.28.6.tgz 0ms (cache hit)
540 http cache @babel/plugin-transform-logical-assignment-operators@https://registry.npmjs.org/@babel/plugin-transform-logical-assignment-operators/-/plugin-transform-logical-assignment-operators-7.28.6.tgz 0ms (cache hit)
541 http cache @babel/plugin-transform-named-capturing-groups-regex@https://registry.npmjs.org/@babel/plugin-transform-named-capturing-groups-regex/-/plugin-transform-named-capturing-groups-regex-7.29.0.tgz 1ms (cache hit)
542 http cache @babel/plugin-transform-literals@https://registry.npmjs.org/@babel/plugin-transform-literals/-/plugin-transform-literals-7.27.1.tgz 0ms (cache hit)
543 http cache @babel/plugin-transform-function-name@https://registry.npmjs.org/@babel/plugin-transform-function-name/-/plugin-transform-function-name-7.27.1.tgz 0ms (cache hit)
544 http cache @babel/plugin-transform-for-of@https://registry.npmjs.org/@babel/plugin-transform-for-of/-/plugin-transform-for-of-7.27.1.tgz 1ms (cache hit)
545 http cache @babel/plugin-transform-flow-strip-types@https://registry.npmjs.org/@babel/plugin-transform-flow-strip-types/-/plugin-transform-flow-strip-types-7.27.1.tgz 0ms (cache hit)
546 http cache @babel/plugin-transform-export-namespace-from@https://registry.npmjs.org/@babel/plugin-transform-export-namespace-from/-/plugin-transform-export-namespace-from-7.27.1.tgz 0ms (cache hit)
547 http cache @babel/plugin-transform-destructuring@https://registry.npmjs.org/@babel/plugin-transform-destructuring/-/plugin-transform-destructuring-7.28.5.tgz 0ms (cache hit)
548 http cache @babel/plugin-transform-computed-properties@https://registry.npmjs.org/@babel/plugin-transform-computed-properties/-/plugin-transform-computed-properties-7.28.6.tgz 0ms (cache hit)
549 http cache @babel/plugin-transform-classes@https://registry.npmjs.org/@babel/plugin-transform-classes/-/plugin-transform-classes-7.28.6.tgz 0ms (cache hit)
550 http cache @babel/plugin-transform-class-properties@https://registry.npmjs.org/@babel/plugin-transform-class-properties/-/plugin-transform-class-properties-7.28.6.tgz 0ms (cache hit)
551 http cache @babel/plugin-transform-block-scoping@https://registry.npmjs.org/@babel/plugin-transform-block-scoping/-/plugin-transform-block-scoping-7.28.6.tgz 0ms (cache hit)
552 http cache @babel/plugin-transform-class-static-block@https://registry.npmjs.org/@babel/plugin-transform-class-static-block/-/plugin-transform-class-static-block-7.28.6.tgz 0ms (cache hit)
553 http cache @babel/plugin-transform-async-to-generator@https://registry.npmjs.org/@babel/plugin-transform-async-to-generator/-/plugin-transform-async-to-generator-7.28.6.tgz 0ms (cache hit)
554 http cache @babel/plugin-transform-async-generator-functions@https://registry.npmjs.org/@babel/plugin-transform-async-generator-functions/-/plugin-transform-async-generator-functions-7.29.0.tgz 0ms (cache hit)
555 http cache @babel/plugin-transform-arrow-functions@https://registry.npmjs.org/@babel/plugin-transform-arrow-functions/-/plugin-transform-arrow-functions-7.27.1.tgz 0ms (cache hit)
556 http cache @babel/plugin-syntax-typescript@https://registry.npmjs.org/@babel/plugin-syntax-typescript/-/plugin-syntax-typescript-7.28.6.tgz 0ms (cache hit)
557 http cache @babel/plugin-syntax-top-level-await@https://registry.npmjs.org/@babel/plugin-syntax-top-level-await/-/plugin-syntax-top-level-await-7.14.5.tgz 0ms (cache hit)
558 http cache @babel/plugin-transform-object-rest-spread@https://registry.npmjs.org/@babel/plugin-transform-object-rest-spread/-/plugin-transform-object-rest-spread-7.28.6.tgz 0ms (cache hit)
559 http cache @babel/plugin-syntax-optional-chaining@https://registry.npmjs.org/@babel/plugin-syntax-optional-chaining/-/plugin-syntax-optional-chaining-7.8.3.tgz 0ms (cache hit)
560 http cache @babel/plugin-syntax-private-property-in-object@https://registry.npmjs.org/@babel/plugin-syntax-private-property-in-object/-/plugin-syntax-private-property-in-object-7.14.5.tgz 0ms (cache hit)
561 http cache @babel/plugin-syntax-numeric-separator@https://registry.npmjs.org/@babel/plugin-syntax-numeric-separator/-/plugin-syntax-numeric-separator-7.10.4.tgz 0ms (cache hit)
562 http cache @babel/plugin-syntax-nullish-coalescing-operator@https://registry.npmjs.org/@babel/plugin-syntax-nullish-coalescing-operator/-/plugin-syntax-nullish-coalescing-operator-7.8.3.tgz 0ms (cache hit)
563 http cache @babel/plugin-syntax-optional-catch-binding@https://registry.npmjs.org/@babel/plugin-syntax-optional-catch-binding/-/plugin-syntax-optional-catch-binding-7.8.3.tgz 0ms (cache hit)
564 http cache @babel/plugin-syntax-logical-assignment-operators@https://registry.npmjs.org/@babel/plugin-syntax-logical-assignment-operators/-/plugin-syntax-logical-assignment-operators-7.10.4.tgz 0ms (cache hit)
565 http cache @babel/plugin-syntax-object-rest-spread@https://registry.npmjs.org/@babel/plugin-syntax-object-rest-spread/-/plugin-syntax-object-rest-spread-7.8.3.tgz 0ms (cache hit)
566 http cache @babel/plugin-syntax-jsx@https://registry.npmjs.org/@babel/plugin-syntax-jsx/-/plugin-syntax-jsx-7.28.6.tgz 0ms (cache hit)
567 http cache @babel/plugin-syntax-json-strings@https://registry.npmjs.org/@babel/plugin-syntax-json-strings/-/plugin-syntax-json-strings-7.8.3.tgz 0ms (cache hit)
568 http cache @babel/plugin-syntax-import-meta@https://registry.npmjs.org/@babel/plugin-syntax-import-meta/-/plugin-syntax-import-meta-7.10.4.tgz 0ms (cache hit)
569 http cache @babel/plugin-syntax-import-attributes@https://registry.npmjs.org/@babel/plugin-syntax-import-attributes/-/plugin-syntax-import-attributes-7.28.6.tgz 0ms (cache hit)
570 http cache @babel/plugin-syntax-flow@https://registry.npmjs.org/@babel/plugin-syntax-flow/-/plugin-syntax-flow-7.28.6.tgz 0ms (cache hit)
571 http cache @babel/plugin-syntax-export-default-from@https://registry.npmjs.org/@babel/plugin-syntax-export-default-from/-/plugin-syntax-export-default-from-7.28.6.tgz 1ms (cache hit)
572 http cache @babel/plugin-syntax-dynamic-import@https://registry.npmjs.org/@babel/plugin-syntax-dynamic-import/-/plugin-syntax-dynamic-import-7.8.3.tgz 0ms (cache hit)
573 http cache @babel/plugin-syntax-decorators@https://registry.npmjs.org/@babel/plugin-syntax-decorators/-/plugin-syntax-decorators-7.28.6.tgz 0ms (cache hit)
574 http cache @babel/plugin-syntax-class-static-block@https://registry.npmjs.org/@babel/plugin-syntax-class-static-block/-/plugin-syntax-class-static-block-7.14.5.tgz 0ms (cache hit)
575 http cache @babel/plugin-syntax-class-properties@https://registry.npmjs.org/@babel/plugin-syntax-class-properties/-/plugin-syntax-class-properties-7.12.13.tgz 0ms (cache hit)
576 http cache @babel/plugin-syntax-bigint@https://registry.npmjs.org/@babel/plugin-syntax-bigint/-/plugin-syntax-bigint-7.8.3.tgz 0ms (cache hit)
577 http cache @babel/plugin-syntax-async-generators@https://registry.npmjs.org/@babel/plugin-syntax-async-generators/-/plugin-syntax-async-generators-7.8.4.tgz 1ms (cache hit)
578 http cache @babel/plugin-proposal-export-default-from@https://registry.npmjs.org/@babel/plugin-proposal-export-default-from/-/plugin-proposal-export-default-from-7.27.1.tgz 0ms (cache hit)
579 http cache @babel/plugin-proposal-decorators@https://registry.npmjs.org/@babel/plugin-proposal-decorators/-/plugin-proposal-decorators-7.29.0.tgz 0ms (cache hit)
580 http cache @babel/parser@https://registry.npmjs.org/@babel/parser/-/parser-7.29.2.tgz 0ms (cache hit)
581 http cache @babel/helper-validator-option@https://registry.npmjs.org/@babel/helper-validator-option/-/helper-validator-option-7.27.1.tgz 0ms (cache hit)
582 http cache @babel/helpers@https://registry.npmjs.org/@babel/helpers/-/helpers-7.29.2.tgz 0ms (cache hit)
583 http cache @babel/helper-skip-transparent-expression-wrappers@https://registry.npmjs.org/@babel/helper-skip-transparent-expression-wrappers/-/helper-skip-transparent-expression-wrappers-7.27.1.tgz 0ms (cache hit)
584 http cache @babel/helper-wrap-function@https://registry.npmjs.org/@babel/helper-wrap-function/-/helper-wrap-function-7.28.6.tgz 0ms (cache hit)
585 http cache @babel/helper-string-parser@https://registry.npmjs.org/@babel/helper-string-parser/-/helper-string-parser-7.27.1.tgz 0ms (cache hit)
586 http cache @babel/helper-validator-identifier@https://registry.npmjs.org/@babel/helper-validator-identifier/-/helper-validator-identifier-7.28.5.tgz 0ms (cache hit)
587 http cache @babel/plugin-transform-runtime@https://registry.npmjs.org/@babel/plugin-transform-runtime/-/plugin-transform-runtime-7.29.0.tgz 0ms (cache hit)
588 http cache @babel/helper-replace-supers@https://registry.npmjs.org/@babel/helper-replace-supers/-/helper-replace-supers-7.28.6.tgz 0ms (cache hit)
589 http cache @babel/helper-plugin-utils@https://registry.npmjs.org/@babel/helper-plugin-utils/-/helper-plugin-utils-7.28.6.tgz 0ms (cache hit)
590 http cache @babel/helper-remap-async-to-generator@https://registry.npmjs.org/@babel/helper-remap-async-to-generator/-/helper-remap-async-to-generator-7.27.1.tgz 0ms (cache hit)
591 http cache @babel/helper-optimise-call-expression@https://registry.npmjs.org/@babel/helper-optimise-call-expression/-/helper-optimise-call-expression-7.27.1.tgz 0ms (cache hit)
592 http cache @babel/helper-module-transforms@https://registry.npmjs.org/@babel/helper-module-transforms/-/helper-module-transforms-7.28.6.tgz 0ms (cache hit)
593 http cache @babel/helper-module-imports@https://registry.npmjs.org/@babel/helper-module-imports/-/helper-module-imports-7.28.6.tgz 0ms (cache hit)
594 http cache @babel/helper-member-expression-to-functions@https://registry.npmjs.org/@babel/helper-member-expression-to-functions/-/helper-member-expression-to-functions-7.28.5.tgz 0ms (cache hit)
595 http cache @babel/helper-globals@https://registry.npmjs.org/@babel/helper-globals/-/helper-globals-7.28.0.tgz 0ms (cache hit)
596 http cache @babel/helper-define-polyfill-provider@https://registry.npmjs.org/@babel/helper-define-polyfill-provider/-/helper-define-polyfill-provider-0.6.8.tgz 0ms (cache hit)
597 http cache @babel/helper-create-regexp-features-plugin@https://registry.npmjs.org/@babel/helper-create-regexp-features-plugin/-/helper-create-regexp-features-plugin-7.28.5.tgz 1ms (cache hit)
598 http cache @babel/helper-create-class-features-plugin@https://registry.npmjs.org/@babel/helper-create-class-features-plugin/-/helper-create-class-features-plugin-7.28.6.tgz 0ms (cache hit)
599 http cache @babel/helper-compilation-targets@https://registry.npmjs.org/@babel/helper-compilation-targets/-/helper-compilation-targets-7.28.6.tgz 0ms (cache hit)
600 http cache @babel/helper-annotate-as-pure@https://registry.npmjs.org/@babel/helper-annotate-as-pure/-/helper-annotate-as-pure-7.27.3.tgz 0ms (cache hit)
601 http cache @babel/generator@https://registry.npmjs.org/@babel/generator/-/generator-7.29.1.tgz 0ms (cache hit)
602 http cache @babel/core@https://registry.npmjs.org/@babel/core/-/core-7.29.0.tgz 0ms (cache hit)
603 http cache @babel/code-frame@https://registry.npmjs.org/@babel/code-frame/-/code-frame-7.29.0.tgz 0ms (cache hit)
604 http cache yargs-parser@https://registry.npmjs.org/yargs-parser/-/yargs-parser-18.1.3.tgz 0ms (cache hit)
605 http cache @babel/compat-data@https://registry.npmjs.org/@babel/compat-data/-/compat-data-7.29.0.tgz 0ms (cache hit)
606 http cache yargs@https://registry.npmjs.org/yargs/-/yargs-15.4.1.tgz 0ms (cache hit)
607 http cache y18n@https://registry.npmjs.org/y18n/-/y18n-4.0.3.tgz 0ms (cache hit)
608 http cache wrap-ansi@https://registry.npmjs.org/wrap-ansi/-/wrap-ansi-6.2.0.tgz 0ms (cache hit)
609 http cache pngjs@https://registry.npmjs.org/pngjs/-/pngjs-5.0.0.tgz 0ms (cache hit)
610 http cache cliui@https://registry.npmjs.org/cliui/-/cliui-6.0.0.tgz 0ms (cache hit)
611 http cache camelcase@https://registry.npmjs.org/camelcase/-/camelcase-5.3.1.tgz 0ms (cache hit)
612 http cache type-fest@https://registry.npmjs.org/type-fest/-/type-fest-5.6.0.tgz 0ms (cache hit)
613 http cache xmlbuilder@https://registry.npmjs.org/xmlbuilder/-/xmlbuilder-11.0.1.tgz 0ms (cache hit)
614 http cache fdir@https://registry.npmjs.org/fdir/-/fdir-6.5.0.tgz 0ms (cache hit)
615 http cache picomatch@https://registry.npmjs.org/picomatch/-/picomatch-4.0.4.tgz 0ms (cache hit)
616 http cache commander@https://registry.npmjs.org/commander/-/commander-2.20.3.tgz 0ms (cache hit)
617 http cache minimatch@https://registry.npmjs.org/minimatch/-/minimatch-3.1.5.tgz 0ms (cache hit)
618 http cache glob@https://registry.npmjs.org/glob/-/glob-7.2.3.tgz 0ms (cache hit)
619 http cache brace-expansion@https://registry.npmjs.org/brace-expansion/-/brace-expansion-1.1.14.tgz 0ms (cache hit)
620 http cache escape-string-regexp@https://registry.npmjs.org/escape-string-regexp/-/escape-string-regexp-2.0.0.tgz 0ms (cache hit)
621 http cache statuses@https://registry.npmjs.org/statuses/-/statuses-2.0.2.tgz 0ms (cache hit)
622 http cache source-map@https://registry.npmjs.org/source-map/-/source-map-0.6.1.tgz 0ms (cache hit)
623 http cache encodeurl@https://registry.npmjs.org/encodeurl/-/encodeurl-2.0.0.tgz 1ms (cache hit)
624 http cache encodeurl@https://registry.npmjs.org/encodeurl/-/encodeurl-2.0.0.tgz 0ms (cache hit)
625 http cache debug@https://registry.npmjs.org/debug/-/debug-2.6.9.tgz 0ms (cache hit)
626 http cache ms@https://registry.npmjs.org/ms/-/ms-2.0.0.tgz 0ms (cache hit)
627 http cache semver@https://registry.npmjs.org/semver/-/semver-7.7.4.tgz 0ms (cache hit)
628 http cache on-finished@https://registry.npmjs.org/on-finished/-/on-finished-2.4.1.tgz 0ms (cache hit)
629 http cache brace-expansion@https://registry.npmjs.org/brace-expansion/-/brace-expansion-1.1.14.tgz 0ms (cache hit)
630 http cache minimatch@https://registry.npmjs.org/minimatch/-/minimatch-3.1.5.tgz 0ms (cache hit)
631 http cache memoize-one@https://registry.npmjs.org/memoize-one/-/memoize-one-6.0.0.tgz 0ms (cache hit)
632 http cache @react-native/normalize-colors@https://registry.npmjs.org/@react-native/normalize-colors/-/normalize-colors-0.74.89.tgz 0ms (cache hit)
633 http cache semver@https://registry.npmjs.org/semver/-/semver-7.7.3.tgz 0ms (cache hit)
634 http cache react-refresh@https://registry.npmjs.org/react-refresh/-/react-refresh-0.14.2.tgz 0ms (cache hit)
635 http cache react-native-is-edge-to-edge@https://registry.npmjs.org/react-native-is-edge-to-edge/-/react-native-is-edge-to-edge-1.2.1.tgz 0ms (cache hit)
636 http cache glob@https://registry.npmjs.org/glob/-/glob-7.2.3.tgz 0ms (cache hit)
637 http cache semver@https://registry.npmjs.org/semver/-/semver-7.7.4.tgz 0ms (cache hit)
638 http cache metro-runtime@https://registry.npmjs.org/metro-runtime/-/metro-runtime-0.83.6.tgz 0ms (cache hit)
639 http cache minimatch@https://registry.npmjs.org/minimatch/-/minimatch-3.1.5.tgz 0ms (cache hit)
640 http cache glob@https://registry.npmjs.org/glob/-/glob-7.2.3.tgz 0ms (cache hit)
641 http cache hermes-parser@https://registry.npmjs.org/hermes-parser/-/hermes-parser-0.32.0.tgz 0ms (cache hit)
642 http cache hermes-estree@https://registry.npmjs.org/hermes-estree/-/hermes-estree-0.32.0.tgz 0ms (cache hit)
643 http cache commander@https://registry.npmjs.org/commander/-/commander-12.1.0.tgz 0ms (cache hit)
644 http cache brace-expansion@https://registry.npmjs.org/brace-expansion/-/brace-expansion-1.1.14.tgz 0ms (cache hit)
645 http cache babel-plugin-syntax-hermes-parser@https://registry.npmjs.org/babel-plugin-syntax-hermes-parser/-/babel-plugin-syntax-hermes-parser-0.32.0.tgz 0ms (cache hit)
646 http cache @react-native/virtualized-lists@https://registry.npmjs.org/@react-native/virtualized-lists/-/virtualized-lists-0.83.6.tgz 0ms (cache hit)
647 http cache @react-native/js-polyfills@https://registry.npmjs.org/@react-native/js-polyfills/-/js-polyfills-0.83.6.tgz 0ms (cache hit)
648 http cache react-is@https://registry.npmjs.org/react-is/-/react-is-16.13.1.tgz 0ms (cache hit)
649 http cache @react-native/codegen@https://registry.npmjs.org/@react-native/codegen/-/codegen-0.83.6.tgz 0ms (cache hit)
650 http cache react-is@https://registry.npmjs.org/react-is/-/react-is-18.3.1.tgz 0ms (cache hit)
651 http cache ansi-styles@https://registry.npmjs.org/ansi-styles/-/ansi-styles-5.2.0.tgz 0ms (cache hit)
652 http cache p-limit@https://registry.npmjs.org/p-limit/-/p-limit-2.3.0.tgz 0ms (cache hit)
653 http cache lru-cache@https://registry.npmjs.org/lru-cache/-/lru-cache-11.3.5.tgz 0ms (cache hit)
654 http cache supports-color@https://registry.npmjs.org/supports-color/-/supports-color-5.5.0.tgz 0ms (cache hit)
655 http cache strip-ansi@https://registry.npmjs.org/strip-ansi/-/strip-ansi-5.2.0.tgz 0ms (cache hit)
656 http cache has-flag@https://registry.npmjs.org/has-flag/-/has-flag-3.0.0.tgz 0ms (cache hit)
657 http cache color-convert@https://registry.npmjs.org/color-convert/-/color-convert-1.9.3.tgz 0ms (cache hit)
658 http cache ansi-styles@https://registry.npmjs.org/ansi-styles/-/ansi-styles-3.2.1.tgz 0ms (cache hit)
659 http cache ansi-regex@https://registry.npmjs.org/ansi-regex/-/ansi-regex-4.1.1.tgz 0ms (cache hit)
660 http cache escape-string-regexp@https://registry.npmjs.org/escape-string-regexp/-/escape-string-regexp-1.0.5.tgz 0ms (cache hit)
661 http cache color-name@https://registry.npmjs.org/color-name/-/color-name-1.1.3.tgz 0ms (cache hit)
662 http cache chalk@https://registry.npmjs.org/chalk/-/chalk-2.4.2.tgz 0ms (cache hit)
663 http cache ob1@https://registry.npmjs.org/ob1/-/ob1-0.84.3.tgz 0ms (cache hit)
664 http cache metro-transform-plugins@https://registry.npmjs.org/metro-transform-plugins/-/metro-transform-plugins-0.84.3.tgz 0ms (cache hit)
665 http cache metro-symbolicate@https://registry.npmjs.org/metro-symbolicate/-/metro-symbolicate-0.84.3.tgz 0ms (cache hit)
666 http cache semver@https://registry.npmjs.org/semver/-/semver-7.8.0.tgz 0ms (cache hit)
667 http cache metro-transform-worker@https://registry.npmjs.org/metro-transform-worker/-/metro-transform-worker-0.84.3.tgz 0ms (cache hit)
668 http cache metro-resolver@https://registry.npmjs.org/metro-resolver/-/metro-resolver-0.84.3.tgz 0ms (cache hit)
669 http cache metro-source-map@https://registry.npmjs.org/metro-source-map/-/metro-source-map-0.84.3.tgz 0ms (cache hit)
670 http cache metro-file-map@https://registry.npmjs.org/metro-file-map/-/metro-file-map-0.84.3.tgz 0ms (cache hit)
671 http cache metro-core@https://registry.npmjs.org/metro-core/-/metro-core-0.84.3.tgz 0ms (cache hit)
672 http cache metro-minify-terser@https://registry.npmjs.org/metro-minify-terser/-/metro-minify-terser-0.84.3.tgz 0ms (cache hit)
673 http cache metro-cache-key@https://registry.npmjs.org/metro-cache-key/-/metro-cache-key-0.84.3.tgz 0ms (cache hit)
674 http cache metro-babel-transformer@https://registry.npmjs.org/metro-babel-transformer/-/metro-babel-transformer-0.84.3.tgz 0ms (cache hit)
675 http cache hermes-parser@https://registry.npmjs.org/hermes-parser/-/hermes-parser-0.35.0.tgz 0ms (cache hit)
676 http cache metro-cache@https://registry.npmjs.org/metro-cache/-/metro-cache-0.84.3.tgz 0ms (cache hit)
677 http cache metro@https://registry.npmjs.org/metro/-/metro-0.84.3.tgz 1ms (cache hit)
678 http cache hermes-parser@https://registry.npmjs.org/hermes-parser/-/hermes-parser-0.35.0.tgz 0ms (cache hit)
679 http cache hermes-estree@https://registry.npmjs.org/hermes-estree/-/hermes-estree-0.35.0.tgz 0ms (cache hit)
680 http cache metro-runtime@https://registry.npmjs.org/metro-runtime/-/metro-runtime-0.83.6.tgz 0ms (cache hit)
681 http cache metro-config@https://registry.npmjs.org/metro-config/-/metro-config-0.83.6.tgz 0ms (cache hit)
682 http cache hermes-estree@https://registry.npmjs.org/hermes-estree/-/hermes-estree-0.35.0.tgz 0ms (cache hit)
683 http cache hermes-estree@https://registry.npmjs.org/hermes-estree/-/hermes-estree-0.35.0.tgz 0ms (cache hit)
684 http cache hermes-parser@https://registry.npmjs.org/hermes-parser/-/hermes-parser-0.35.0.tgz 0ms (cache hit)
685 http cache supports-color@https://registry.npmjs.org/supports-color/-/supports-color-5.5.0.tgz 1ms (cache hit)
686 http cache escape-string-regexp@https://registry.npmjs.org/escape-string-regexp/-/escape-string-regexp-1.0.5.tgz 0ms (cache hit)
687 http cache color-name@https://registry.npmjs.org/color-name/-/color-name-1.1.3.tgz 0ms (cache hit)
688 http cache color-convert@https://registry.npmjs.org/color-convert/-/color-convert-1.9.3.tgz 0ms (cache hit)
689 http cache ansi-styles@https://registry.npmjs.org/ansi-styles/-/ansi-styles-3.2.1.tgz 0ms (cache hit)
690 http cache ms@https://registry.npmjs.org/ms/-/ms-2.0.0.tgz 0ms (cache hit)
691 http cache supports-color@https://registry.npmjs.org/supports-color/-/supports-color-8.1.1.tgz 0ms (cache hit)
692 http cache debug@https://registry.npmjs.org/debug/-/debug-2.6.9.tgz 0ms (cache hit)
693 http cache ci-info@https://registry.npmjs.org/ci-info/-/ci-info-3.9.0.tgz 0ms (cache hit)
694 http cache statuses@https://registry.npmjs.org/statuses/-/statuses-2.0.2.tgz 0ms (cache hit)
695 http cache has-flag@https://registry.npmjs.org/has-flag/-/has-flag-3.0.0.tgz 0ms (cache hit)
696 http cache react-is@https://registry.npmjs.org/react-is/-/react-is-16.13.1.tgz 0ms (cache hit)
697 http cache lru-cache@https://registry.npmjs.org/lru-cache/-/lru-cache-10.4.3.tgz 0ms (cache hit)
698 http cache ms@https://registry.npmjs.org/ms/-/ms-2.0.0.tgz 0ms (cache hit)
699 http cache promise@https://registry.npmjs.org/promise/-/promise-7.3.1.tgz 0ms (cache hit)
700 http cache ws@https://registry.npmjs.org/ws/-/ws-8.20.1.tgz 0ms (cache hit)
701 http cache debug@https://registry.npmjs.org/debug/-/debug-2.6.9.tgz 0ms (cache hit)
702 http cache picomatch@https://registry.npmjs.org/picomatch/-/picomatch-4.0.4.tgz 0ms (cache hit)
703 http cache react-refresh@https://registry.npmjs.org/react-refresh/-/react-refresh-0.14.2.tgz 0ms (cache hit)
704 http cache semver@https://registry.npmjs.org/semver/-/semver-7.8.0.tgz 0ms (cache hit)
705 http cache mime-types@https://registry.npmjs.org/mime-types/-/mime-types-2.1.35.tgz 0ms (cache hit)
706 http cache negotiator@https://registry.npmjs.org/negotiator/-/negotiator-0.6.3.tgz 0ms (cache hit)
707 http cache mime-db@https://registry.npmjs.org/mime-db/-/mime-db-1.52.0.tgz 0ms (cache hit)
708 http cache @expo/cli@https://registry.npmjs.org/@expo/cli/-/cli-55.0.30.tgz 0ms (cache hit)
709 http cache ci-info@https://registry.npmjs.org/ci-info/-/ci-info-3.9.0.tgz 0ms (cache hit)
710 http cache accepts@https://registry.npmjs.org/accepts/-/accepts-1.3.8.tgz 0ms (cache hit)
711 http cache @expo/router-server@https://registry.npmjs.org/@expo/router-server/-/router-server-55.0.16.tgz 0ms (cache hit)
712 http cache source-map@https://registry.npmjs.org/source-map/-/source-map-0.6.1.tgz 0ms (cache hit)
713 http cache debug@https://registry.npmjs.org/debug/-/debug-2.6.9.tgz 0ms (cache hit)
714 http cache negotiator@https://registry.npmjs.org/negotiator/-/negotiator-0.6.4.tgz 0ms (cache hit)
715 http cache ms@https://registry.npmjs.org/ms/-/ms-2.0.0.tgz 0ms (cache hit)
716 http cache ms@https://registry.npmjs.org/ms/-/ms-2.0.0.tgz 0ms (cache hit)
717 http cache balanced-match@https://registry.npmjs.org/balanced-match/-/balanced-match-4.0.4.tgz 0ms (cache hit)
718 http cache open@https://registry.npmjs.org/open/-/open-8.4.2.tgz 0ms (cache hit)
719 http cache minimatch@https://registry.npmjs.org/minimatch/-/minimatch-3.1.5.tgz 0ms (cache hit)
720 http cache hermes-parser@https://registry.npmjs.org/hermes-parser/-/hermes-parser-0.32.0.tgz 0ms (cache hit)
721 http cache glob@https://registry.npmjs.org/glob/-/glob-7.2.3.tgz 0ms (cache hit)
722 http cache chalk@https://registry.npmjs.org/chalk/-/chalk-2.4.2.tgz 0ms (cache hit)
723 http cache brace-expansion@https://registry.npmjs.org/brace-expansion/-/brace-expansion-1.1.14.tgz 0ms (cache hit)
724 http cache hermes-parser@https://registry.npmjs.org/hermes-parser/-/hermes-parser-0.32.1.tgz 0ms (cache hit)
725 http cache hermes-estree@https://registry.npmjs.org/hermes-estree/-/hermes-estree-0.32.0.tgz 0ms (cache hit)
726 http cache babel-plugin-syntax-hermes-parser@https://registry.npmjs.org/babel-plugin-syntax-hermes-parser/-/babel-plugin-syntax-hermes-parser-0.32.1.tgz 0ms (cache hit)
727 http cache @react-native/codegen@https://registry.npmjs.org/@react-native/codegen/-/codegen-0.83.6.tgz 0ms (cache hit)
728 http cache hermes-estree@https://registry.npmjs.org/hermes-estree/-/hermes-estree-0.32.1.tgz 0ms (cache hit)
729 http cache @react-native/babel-preset@https://registry.npmjs.org/@react-native/babel-preset/-/babel-preset-0.83.6.tgz 0ms (cache hit)
730 http cache @react-native/babel-plugin-codegen@https://registry.npmjs.org/@react-native/babel-plugin-codegen/-/babel-plugin-codegen-0.83.6.tgz 0ms (cache hit)
731 http cache debug@https://registry.npmjs.org/debug/-/debug-2.6.9.tgz 0ms (cache hit)
732 http cache babel-plugin-syntax-hermes-parser@https://registry.npmjs.org/babel-plugin-syntax-hermes-parser/-/babel-plugin-syntax-hermes-parser-0.32.0.tgz 0ms (cache hit)
733 http cache type-fest@https://registry.npmjs.org/type-fest/-/type-fest-0.21.3.tgz 0ms (cache hit)
734 http cache react-refresh@https://registry.npmjs.org/react-refresh/-/react-refresh-0.14.2.tgz 0ms (cache hit)
735 http cache metro-config@https://registry.npmjs.org/metro-config/-/metro-config-0.83.6.tgz 0ms (cache hit)
736 http cache semver@https://registry.npmjs.org/semver/-/semver-7.7.4.tgz 0ms (cache hit)
737 http cache react-refresh@https://registry.npmjs.org/react-refresh/-/react-refresh-0.14.2.tgz 0ms (cache hit)
738 http cache camelcase@https://registry.npmjs.org/camelcase/-/camelcase-5.3.1.tgz 0ms (cache hit)
739 http cache js-yaml@https://registry.npmjs.org/js-yaml/-/js-yaml-4.1.1.tgz 0ms (cache hit)
740 http cache argparse@https://registry.npmjs.org/argparse/-/argparse-2.0.1.tgz 0ms (cache hit)
741 http cache semver@https://registry.npmjs.org/semver/-/semver-7.8.0.tgz 0ms (cache hit)
742 http cache picomatch@https://registry.npmjs.org/picomatch/-/picomatch-4.0.4.tgz 0ms (cache hit)
743 http cache metro-runtime@https://registry.npmjs.org/metro-runtime/-/metro-runtime-0.83.6.tgz 0ms (cache hit)
744 http cache ob1@https://registry.npmjs.org/ob1/-/ob1-0.83.7.tgz 0ms (cache hit)
745 http cache metro-symbolicate@https://registry.npmjs.org/metro-symbolicate/-/metro-symbolicate-0.83.7.tgz 0ms (cache hit)
746 http cache metro-transform-worker@https://registry.npmjs.org/metro-transform-worker/-/metro-transform-worker-0.83.7.tgz 0ms (cache hit)
747 http cache hermes-estree@https://registry.npmjs.org/hermes-estree/-/hermes-estree-0.32.1.tgz 0ms (cache hit)
748 http cache metro-transform-plugins@https://registry.npmjs.org/metro-transform-plugins/-/metro-transform-plugins-0.83.7.tgz 0ms (cache hit)
749 http cache metro-source-map@https://registry.npmjs.org/metro-source-map/-/metro-source-map-0.83.7.tgz 0ms (cache hit)
750 http cache hermes-parser@https://registry.npmjs.org/hermes-parser/-/hermes-parser-0.32.1.tgz 0ms (cache hit)
751 http cache metro-runtime@https://registry.npmjs.org/metro-runtime/-/metro-runtime-0.83.7.tgz 0ms (cache hit)
752 http cache metro-resolver@https://registry.npmjs.org/metro-resolver/-/metro-resolver-0.83.7.tgz 0ms (cache hit)
753 http cache metro-minify-terser@https://registry.npmjs.org/metro-minify-terser/-/metro-minify-terser-0.83.7.tgz 0ms (cache hit)
754 http cache metro-file-map@https://registry.npmjs.org/metro-file-map/-/metro-file-map-0.83.7.tgz 0ms (cache hit)
755 http cache metro-core@https://registry.npmjs.org/metro-core/-/metro-core-0.83.7.tgz 1ms (cache hit)
756 http cache metro-config@https://registry.npmjs.org/metro-config/-/metro-config-0.83.7.tgz 0ms (cache hit)
757 http cache metro-cache-key@https://registry.npmjs.org/metro-cache-key/-/metro-cache-key-0.83.7.tgz 0ms (cache hit)
758 http cache metro-babel-transformer@https://registry.npmjs.org/metro-babel-transformer/-/metro-babel-transformer-0.83.7.tgz 0ms (cache hit)
759 http cache metro@https://registry.npmjs.org/metro/-/metro-0.83.7.tgz 0ms (cache hit)
760 http cache hermes-parser@https://registry.npmjs.org/hermes-parser/-/hermes-parser-0.35.0.tgz 0ms (cache hit)
761 http cache semver@https://registry.npmjs.org/semver/-/semver-7.8.0.tgz 0ms (cache hit)
762 http cache hermes-estree@https://registry.npmjs.org/hermes-estree/-/hermes-estree-0.35.0.tgz 0ms (cache hit)
763 http cache semver@https://registry.npmjs.org/semver/-/semver-7.8.0.tgz 0ms (cache hit)
764 http cache debug@https://registry.npmjs.org/debug/-/debug-3.2.7.tgz 0ms (cache hit)
765 http cache metro-cache@https://registry.npmjs.org/metro-cache/-/metro-cache-0.83.7.tgz 0ms (cache hit)
766 silly tarball no local data for qrcode@https://registry.npmjs.org/qrcode/-/qrcode-1.5.4.tgz. Extracting by manifest.
767 silly tarball no local data for zxing-wasm@https://registry.npmjs.org/zxing-wasm/-/zxing-wasm-3.0.2.tgz. Extracting by manifest.
768 silly tarball no local data for zod@https://registry.npmjs.org/zod/-/zod-3.25.76.tgz. Extracting by manifest.
769 silly tarball no local data for yargs-parser@https://registry.npmjs.org/yargs-parser/-/yargs-parser-21.1.1.tgz. Extracting by manifest.
770 silly tarball no local data for yargs@https://registry.npmjs.org/yargs/-/yargs-17.7.2.tgz. Extracting by manifest.
771 silly tarball no local data for yaml@https://registry.npmjs.org/yaml/-/yaml-2.8.3.tgz. Extracting by manifest.
772 silly tarball no local data for yallist@https://registry.npmjs.org/yallist/-/yallist-3.1.1.tgz. Extracting by manifest.
773 silly tarball no local data for y18n@https://registry.npmjs.org/y18n/-/y18n-5.0.8.tgz. Extracting by manifest.
774 silly tarball no local data for xmlbuilder@https://registry.npmjs.org/xmlbuilder/-/xmlbuilder-15.1.1.tgz. Extracting by manifest.
775 silly tarball no local data for xml2js@https://registry.npmjs.org/xml2js/-/xml2js-0.6.0.tgz. Extracting by manifest.
776 silly tarball no local data for xcode@https://registry.npmjs.org/xcode/-/xcode-3.0.1.tgz. Extracting by manifest.
777 silly tarball no local data for ws@https://registry.npmjs.org/ws/-/ws-7.5.10.tgz. Extracting by manifest.
778 silly tarball no local data for write-file-atomic@https://registry.npmjs.org/write-file-atomic/-/write-file-atomic-4.0.2.tgz. Extracting by manifest.
779 http cache semver@https://registry.npmjs.org/semver/-/semver-7.7.4.tgz 1ms (cache hit)
780 silly tarball no local data for wrappy@https://registry.npmjs.org/wrappy/-/wrappy-1.0.2.tgz. Extracting by manifest.
781 silly tarball no local data for wrap-ansi@https://registry.npmjs.org/wrap-ansi/-/wrap-ansi-7.0.0.tgz. Extracting by manifest.
782 silly tarball no local data for which-module@https://registry.npmjs.org/which-module/-/which-module-2.0.1.tgz. Extracting by manifest.
783 silly tarball no local data for which@https://registry.npmjs.org/which/-/which-2.0.2.tgz. Extracting by manifest.
784 silly tarball no local data for whatwg-url-minimum@https://registry.npmjs.org/whatwg-url-minimum/-/whatwg-url-minimum-0.1.2.tgz. Extracting by manifest.
785 silly tarball no local data for whatwg-url@https://registry.npmjs.org/whatwg-url/-/whatwg-url-5.0.0.tgz. Extracting by manifest.
786 silly tarball no local data for whatwg-fetch@https://registry.npmjs.org/whatwg-fetch/-/whatwg-fetch-3.6.20.tgz. Extracting by manifest.
787 silly tarball no local data for webidl-conversions@https://registry.npmjs.org/webidl-conversions/-/webidl-conversions-3.0.1.tgz. Extracting by manifest.
788 silly tarball no local data for wcwidth@https://registry.npmjs.org/wcwidth/-/wcwidth-1.0.1.tgz. Extracting by manifest.
789 silly tarball no local data for warn-once@https://registry.npmjs.org/warn-once/-/warn-once-0.1.1.tgz. Extracting by manifest.
790 silly tarball no local data for walker@https://registry.npmjs.org/walker/-/walker-1.0.8.tgz. Extracting by manifest.
791 silly tarball no local data for vary@https://registry.npmjs.org/vary/-/vary-1.1.2.tgz. Extracting by manifest.
792 http cache semver@https://registry.npmjs.org/semver/-/semver-7.8.0.tgz 0ms (cache hit)
793 silly tarball no local data for vlq@https://registry.npmjs.org/vlq/-/vlq-1.0.1.tgz. Extracting by manifest.
794 silly tarball no local data for validate-npm-package-name@https://registry.npmjs.org/validate-npm-package-name/-/validate-npm-package-name-5.0.1.tgz. Extracting by manifest.
795 silly tarball no local data for uuid@https://registry.npmjs.org/uuid/-/uuid-7.0.3.tgz. Extracting by manifest.
796 silly tarball no local data for utils-merge@https://registry.npmjs.org/utils-merge/-/utils-merge-1.0.1.tgz. Extracting by manifest.
797 silly tarball no local data for utrie@https://registry.npmjs.org/utrie/-/utrie-1.0.2.tgz. Extracting by manifest.
798 silly tarball no local data for use-sync-external-store@https://registry.npmjs.org/use-sync-external-store/-/use-sync-external-store-1.6.0.tgz. Extracting by manifest.
799 silly tarball no local data for use-latest-callback@https://registry.npmjs.org/use-latest-callback/-/use-latest-callback-0.2.6.tgz. Extracting by manifest.
800 silly tarball no local data for update-browserslist-db@https://registry.npmjs.org/update-browserslist-db/-/update-browserslist-db-1.2.3.tgz. Extracting by manifest.
801 silly tarball no local data for unicode-property-aliases-ecmascript@https://registry.npmjs.org/unicode-property-aliases-ecmascript/-/unicode-property-aliases-ecmascript-2.2.0.tgz. Extracting by manifest.
802 silly tarball no local data for unicode-match-property-value-ecmascript@https://registry.npmjs.org/unicode-match-property-value-ecmascript/-/unicode-match-property-value-ecmascript-2.2.1.tgz. Extracting by manifest.
803 silly tarball no local data for unpipe@https://registry.npmjs.org/unpipe/-/unpipe-1.0.0.tgz. Extracting by manifest.
804 silly tarball no local data for unicode-canonical-property-names-ecmascript@https://registry.npmjs.org/unicode-canonical-property-names-ecmascript/-/unicode-canonical-property-names-ecmascript-2.0.1.tgz. Extracting by manifest.
805 silly tarball no local data for undici-types@https://registry.npmjs.org/undici-types/-/undici-types-7.19.2.tgz. Extracting by manifest.
806 silly tarball no local data for type-fest@https://registry.npmjs.org/type-fest/-/type-fest-0.7.1.tgz. Extracting by manifest.
807 silly tarball no local data for unicode-match-property-ecmascript@https://registry.npmjs.org/unicode-match-property-ecmascript/-/unicode-match-property-ecmascript-2.0.0.tgz. Extracting by manifest.
808 silly tarball no local data for ua-parser-js@https://registry.npmjs.org/ua-parser-js/-/ua-parser-js-1.0.41.tgz. Extracting by manifest.
809 silly tarball no local data for type-detect@https://registry.npmjs.org/type-detect/-/type-detect-4.0.8.tgz. Extracting by manifest.
810 silly tarball no local data for tr46@https://registry.npmjs.org/tr46/-/tr46-0.0.3.tgz. Extracting by manifest.
811 silly tarball no local data for toidentifier@https://registry.npmjs.org/toidentifier/-/toidentifier-1.0.1.tgz. Extracting by manifest.
812 silly tarball no local data for to-regex-range@https://registry.npmjs.org/to-regex-range/-/to-regex-range-5.0.1.tgz. Extracting by manifest.
813 silly tarball no local data for toqr@https://registry.npmjs.org/toqr/-/toqr-0.1.1.tgz. Extracting by manifest.
814 silly tarball no local data for tmpl@https://registry.npmjs.org/tmpl/-/tmpl-1.0.5.tgz. Extracting by manifest.
815 silly tarball no local data for tinyglobby@https://registry.npmjs.org/tinyglobby/-/tinyglobby-0.2.16.tgz. Extracting by manifest.
816 silly tarball no local data for throat@https://registry.npmjs.org/throat/-/throat-5.0.0.tgz. Extracting by manifest.
817 silly tarball no local data for text-segmentation@https://registry.npmjs.org/text-segmentation/-/text-segmentation-1.0.3.tgz. Extracting by manifest.
818 silly tarball no local data for text-encoding@https://registry.npmjs.org/text-encoding/-/text-encoding-0.7.0.tgz. Extracting by manifest.
819 silly tarball no local data for terser@https://registry.npmjs.org/terser/-/terser-5.46.1.tgz. Extracting by manifest.
820 silly tarball no local data for terminal-link@https://registry.npmjs.org/terminal-link/-/terminal-link-2.1.1.tgz. Extracting by manifest.
821 silly tarball no local data for test-exclude@https://registry.npmjs.org/test-exclude/-/test-exclude-6.0.0.tgz. Extracting by manifest.
822 silly tarball no local data for supports-preserve-symlinks-flag@https://registry.npmjs.org/supports-preserve-symlinks-flag/-/supports-preserve-symlinks-flag-1.0.0.tgz. Extracting by manifest.
823 silly tarball no local data for tagged-tag@https://registry.npmjs.org/tagged-tag/-/tagged-tag-1.0.0.tgz. Extracting by manifest.
824 silly tarball no local data for supports-hyperlinks@https://registry.npmjs.org/supports-hyperlinks/-/supports-hyperlinks-2.3.0.tgz. Extracting by manifest.
825 silly tarball no local data for styleq@https://registry.npmjs.org/styleq/-/styleq-0.1.3.tgz. Extracting by manifest.
826 silly tarball no local data for structured-headers@https://registry.npmjs.org/structured-headers/-/structured-headers-0.4.1.tgz. Extracting by manifest.
827 silly tarball no local data for strip-ansi@https://registry.npmjs.org/strip-ansi/-/strip-ansi-6.0.1.tgz. Extracting by manifest.
828 silly tarball no local data for supports-color@https://registry.npmjs.org/supports-color/-/supports-color-7.2.0.tgz. Extracting by manifest.
829 silly tarball no local data for string-width@https://registry.npmjs.org/string-width/-/string-width-4.2.3.tgz. Extracting by manifest.
830 silly tarball no local data for strict-uri-encode@https://registry.npmjs.org/strict-uri-encode/-/strict-uri-encode-2.0.0.tgz. Extracting by manifest.
831 silly tarball no local data for stream-buffers@https://registry.npmjs.org/stream-buffers/-/stream-buffers-2.2.0.tgz. Extracting by manifest.
832 silly tarball no local data for statuses@https://registry.npmjs.org/statuses/-/statuses-1.5.0.tgz. Extracting by manifest.
833 silly tarball no local data for stacktrace-parser@https://registry.npmjs.org/stacktrace-parser/-/stacktrace-parser-0.1.11.tgz. Extracting by manifest.
834 silly tarball no local data for stackframe@https://registry.npmjs.org/stackframe/-/stackframe-1.3.4.tgz. Extracting by manifest.
835 silly tarball no local data for stack-utils@https://registry.npmjs.org/stack-utils/-/stack-utils-2.0.6.tgz. Extracting by manifest.
836 silly tarball no local data for sprintf-js@https://registry.npmjs.org/sprintf-js/-/sprintf-js-1.0.3.tgz. Extracting by manifest.
837 silly tarball no local data for source-map-support@https://registry.npmjs.org/source-map-support/-/source-map-support-0.5.21.tgz. Extracting by manifest.
838 silly tarball no local data for source-map-js@https://registry.npmjs.org/source-map-js/-/source-map-js-1.2.1.tgz. Extracting by manifest.
839 silly tarball no local data for source-map@https://registry.npmjs.org/source-map/-/source-map-0.5.7.tgz. Extracting by manifest.
840 silly tarball no local data for sisteransi@https://registry.npmjs.org/sisteransi/-/sisteransi-1.0.5.tgz. Extracting by manifest.
841 silly tarball no local data for slugify@https://registry.npmjs.org/slugify/-/slugify-1.6.9.tgz. Extracting by manifest.
842 silly tarball no local data for slash@https://registry.npmjs.org/slash/-/slash-3.0.0.tgz. Extracting by manifest.
843 silly tarball no local data for simple-swizzle@https://registry.npmjs.org/simple-swizzle/-/simple-swizzle-0.2.4.tgz. Extracting by manifest.
844 silly tarball no local data for simple-plist@https://registry.npmjs.org/simple-plist/-/simple-plist-1.3.1.tgz. Extracting by manifest.
845 silly tarball no local data for signal-exit@https://registry.npmjs.org/signal-exit/-/signal-exit-3.0.7.tgz. Extracting by manifest.
846 silly tarball no local data for shell-quote@https://registry.npmjs.org/shell-quote/-/shell-quote-1.8.3.tgz. Extracting by manifest.
847 silly tarball no local data for shebang-regex@https://registry.npmjs.org/shebang-regex/-/shebang-regex-3.0.0.tgz. Extracting by manifest.
848 silly tarball no local data for shebang-command@https://registry.npmjs.org/shebang-command/-/shebang-command-2.0.0.tgz. Extracting by manifest.
849 silly tarball no local data for sf-symbols-typescript@https://registry.npmjs.org/sf-symbols-typescript/-/sf-symbols-typescript-2.2.0.tgz. Extracting by manifest.
850 silly tarball no local data for setprototypeof@https://registry.npmjs.org/setprototypeof/-/setprototypeof-1.2.0.tgz. Extracting by manifest.
851 silly tarball no local data for set-blocking@https://registry.npmjs.org/set-blocking/-/set-blocking-2.0.0.tgz. Extracting by manifest.
852 silly tarball no local data for setimmediate@https://registry.npmjs.org/setimmediate/-/setimmediate-1.0.5.tgz. Extracting by manifest.
853 silly tarball no local data for serve-static@https://registry.npmjs.org/serve-static/-/serve-static-1.16.3.tgz. Extracting by manifest.
854 silly tarball no local data for serialize-error@https://registry.npmjs.org/serialize-error/-/serialize-error-2.1.0.tgz. Extracting by manifest.
855 silly tarball no local data for send@https://registry.npmjs.org/send/-/send-0.19.2.tgz. Extracting by manifest.
856 silly tarball no local data for sax@https://registry.npmjs.org/sax/-/sax-1.6.0.tgz. Extracting by manifest.
857 silly tarball no local data for semver@https://registry.npmjs.org/semver/-/semver-6.3.1.tgz. Extracting by manifest.
858 silly tarball no local data for safe-buffer@https://registry.npmjs.org/safe-buffer/-/safe-buffer-5.2.1.tgz. Extracting by manifest.
859 silly tarball no local data for scheduler@https://registry.npmjs.org/scheduler/-/scheduler-0.27.0.tgz. Extracting by manifest.
860 silly tarball no local data for rimraf@https://registry.npmjs.org/rimraf/-/rimraf-3.0.2.tgz. Extracting by manifest.
861 silly tarball no local data for restore-cursor@https://registry.npmjs.org/restore-cursor/-/restore-cursor-2.0.0.tgz. Extracting by manifest.
862 silly tarball no local data for resolve-from@https://registry.npmjs.org/resolve-from/-/resolve-from-5.0.0.tgz. Extracting by manifest.
863 silly tarball no local data for resolve@https://registry.npmjs.org/resolve/-/resolve-1.22.12.tgz. Extracting by manifest.
864 silly tarball no local data for resolve-workspace-root@https://registry.npmjs.org/resolve-workspace-root/-/resolve-workspace-root-2.0.1.tgz. Extracting by manifest.
865 silly tarball no local data for require-main-filename@https://registry.npmjs.org/require-main-filename/-/require-main-filename-2.0.0.tgz. Extracting by manifest.
866 silly tarball no local data for require-directory@https://registry.npmjs.org/require-directory/-/require-directory-2.1.1.tgz. Extracting by manifest.
867 silly tarball no local data for regjsparser@https://registry.npmjs.org/regjsparser/-/regjsparser-0.13.1.tgz. Extracting by manifest.
868 silly tarball no local data for regjsgen@https://registry.npmjs.org/regjsgen/-/regjsgen-0.8.0.tgz. Extracting by manifest.
869 silly tarball no local data for regexpu-core@https://registry.npmjs.org/regexpu-core/-/regexpu-core-6.4.0.tgz. Extracting by manifest.
870 silly tarball no local data for regenerator-runtime@https://registry.npmjs.org/regenerator-runtime/-/regenerator-runtime-0.13.11.tgz. Extracting by manifest.
871 silly tarball no local data for regenerate-unicode-properties@https://registry.npmjs.org/regenerate-unicode-properties/-/regenerate-unicode-properties-10.2.2.tgz. Extracting by manifest.
872 silly tarball no local data for regenerate@https://registry.npmjs.org/regenerate/-/regenerate-1.4.2.tgz. Extracting by manifest.
873 silly tarball no local data for react-refresh@https://registry.npmjs.org/react-refresh/-/react-refresh-0.18.0.tgz. Extracting by manifest.
874 silly tarball no local data for react-native-worklets@https://registry.npmjs.org/react-native-worklets/-/react-native-worklets-0.8.1.tgz. Extracting by manifest.
875 silly tarball no local data for react-native-view-shot@https://registry.npmjs.org/react-native-view-shot/-/react-native-view-shot-4.0.3.tgz. Extracting by manifest.
876 silly tarball no local data for react-native-web@https://registry.npmjs.org/react-native-web/-/react-native-web-0.21.2.tgz. Extracting by manifest.
877 silly tarball no local data for react-native-svg@https://registry.npmjs.org/react-native-svg/-/react-native-svg-15.15.3.tgz. Extracting by manifest.
878 silly tarball no local data for react-native-screens@https://registry.npmjs.org/react-native-screens/-/react-native-screens-4.23.0.tgz. Extracting by manifest.
879 silly tarball no local data for react-native-safe-area-context@https://registry.npmjs.org/react-native-safe-area-context/-/react-native-safe-area-context-5.6.2.tgz. Extracting by manifest.
880 silly tarball no local data for react-native-reanimated@https://registry.npmjs.org/react-native-reanimated/-/react-native-reanimated-4.2.1.tgz. Extracting by manifest.
881 silly tarball no local data for react-native-is-edge-to-edge@https://registry.npmjs.org/react-native-is-edge-to-edge/-/react-native-is-edge-to-edge-1.3.1.tgz. Extracting by manifest.
882 silly tarball no local data for react-native-gesture-handler@https://registry.npmjs.org/react-native-gesture-handler/-/react-native-gesture-handler-2.30.1.tgz. Extracting by manifest.
883 silly tarball no local data for react-native@https://registry.npmjs.org/react-native/-/react-native-0.83.6.tgz. Extracting by manifest.
884 silly tarball no local data for react-is@https://registry.npmjs.org/react-is/-/react-is-19.2.5.tgz. Extracting by manifest.
885 silly tarball no local data for react-freeze@https://registry.npmjs.org/react-freeze/-/react-freeze-1.0.4.tgz. Extracting by manifest.
886 silly tarball no local data for react-dom@https://registry.npmjs.org/react-dom/-/react-dom-19.2.0.tgz. Extracting by manifest.
887 silly tarball no local data for react@https://registry.npmjs.org/react/-/react-19.2.0.tgz. Extracting by manifest.
888 silly tarball no local data for react-devtools-core@https://registry.npmjs.org/react-devtools-core/-/react-devtools-core-6.1.5.tgz. Extracting by manifest.
889 silly tarball no local data for range-parser@https://registry.npmjs.org/range-parser/-/range-parser-1.2.1.tgz. Extracting by manifest.
890 silly tarball no local data for queue@https://registry.npmjs.org/queue/-/queue-6.0.2.tgz. Extracting by manifest.
891 silly tarball no local data for split-on-first@https://registry.npmjs.org/split-on-first/-/split-on-first-1.1.0.tgz. Extracting by manifest.
892 silly tarball no local data for query-string@https://registry.npmjs.org/query-string/-/query-string-7.1.3.tgz. Extracting by manifest.
893 silly tarball no local data for prop-types@https://registry.npmjs.org/prop-types/-/prop-types-15.8.1.tgz. Extracting by manifest.
894 silly tarball no local data for promise@https://registry.npmjs.org/promise/-/promise-8.3.0.tgz. Extracting by manifest.
895 silly tarball no local data for prompts@https://registry.npmjs.org/prompts/-/prompts-2.4.2.tgz. Extracting by manifest.
896 silly tarball no local data for progress@https://registry.npmjs.org/progress/-/progress-2.0.3.tgz. Extracting by manifest.
897 silly tarball no local data for proc-log@https://registry.npmjs.org/proc-log/-/proc-log-4.2.0.tgz. Extracting by manifest.
898 silly tarball no local data for pretty-format@https://registry.npmjs.org/pretty-format/-/pretty-format-29.7.0.tgz. Extracting by manifest.
899 silly tarball no local data for postcss@https://registry.npmjs.org/postcss/-/postcss-8.4.49.tgz. Extracting by manifest.
900 silly tarball no local data for plist@https://registry.npmjs.org/plist/-/plist-3.1.0.tgz. Extracting by manifest.
901 silly tarball no local data for pngjs@https://registry.npmjs.org/pngjs/-/pngjs-3.4.0.tgz. Extracting by manifest.
902 silly tarball no local data for pirates@https://registry.npmjs.org/pirates/-/pirates-4.0.7.tgz. Extracting by manifest.
903 silly tarball no local data for picomatch@https://registry.npmjs.org/picomatch/-/picomatch-2.3.2.tgz. Extracting by manifest.
904 silly tarball no local data for picocolors@https://registry.npmjs.org/picocolors/-/picocolors-1.1.1.tgz. Extracting by manifest.
905 silly tarball no local data for path-scurry@https://registry.npmjs.org/path-scurry/-/path-scurry-2.0.2.tgz. Extracting by manifest.
906 silly tarball no local data for path-parse@https://registry.npmjs.org/path-parse/-/path-parse-1.0.7.tgz. Extracting by manifest.
907 silly tarball no local data for path-key@https://registry.npmjs.org/path-key/-/path-key-3.1.1.tgz. Extracting by manifest.
908 silly tarball no local data for path-is-absolute@https://registry.npmjs.org/path-is-absolute/-/path-is-absolute-1.0.1.tgz. Extracting by manifest.
909 silly tarball no local data for path-exists@https://registry.npmjs.org/path-exists/-/path-exists-4.0.0.tgz. Extracting by manifest.
910 silly tarball no local data for postcss-value-parser@https://registry.npmjs.org/postcss-value-parser/-/postcss-value-parser-4.2.0.tgz. Extracting by manifest.
911 silly tarball no local data for parse-png@https://registry.npmjs.org/parse-png/-/parse-png-2.1.0.tgz. Extracting by manifest.
912 silly tarball no local data for parseurl@https://registry.npmjs.org/parseurl/-/parseurl-1.3.3.tgz. Extracting by manifest.
913 silly tarball no local data for p-try@https://registry.npmjs.org/p-try/-/p-try-2.2.0.tgz. Extracting by manifest.
914 silly tarball no local data for p-locate@https://registry.npmjs.org/p-locate/-/p-locate-4.1.0.tgz. Extracting by manifest.
915 silly tarball no local data for ora@https://registry.npmjs.org/ora/-/ora-3.4.0.tgz. Extracting by manifest.
916 silly tarball no local data for onetime@https://registry.npmjs.org/onetime/-/onetime-2.0.1.tgz. Extracting by manifest.
917 silly tarball no local data for open@https://registry.npmjs.org/open/-/open-7.4.2.tgz. Extracting by manifest.
918 silly tarball no local data for once@https://registry.npmjs.org/once/-/once-1.4.0.tgz. Extracting by manifest.
919 silly tarball no local data for on-headers@https://registry.npmjs.org/on-headers/-/on-headers-1.1.0.tgz. Extracting by manifest.
920 silly tarball no local data for object-assign@https://registry.npmjs.org/object-assign/-/object-assign-4.1.1.tgz. Extracting by manifest.
921 silly tarball no local data for ob1@https://registry.npmjs.org/ob1/-/ob1-0.83.6.tgz. Extracting by manifest.
922 silly tarball no local data for nullthrows@https://registry.npmjs.org/nullthrows/-/nullthrows-1.1.1.tgz. Extracting by manifest.
923 silly tarball no local data for nth-check@https://registry.npmjs.org/nth-check/-/nth-check-2.1.1.tgz. Extracting by manifest.
924 silly tarball no local data for normalize-path@https://registry.npmjs.org/normalize-path/-/normalize-path-3.0.0.tgz. Extracting by manifest.
925 silly tarball no local data for npm-package-arg@https://registry.npmjs.org/npm-package-arg/-/npm-package-arg-11.0.3.tgz. Extracting by manifest.
926 silly tarball no local data for node-releases@https://registry.npmjs.org/node-releases/-/node-releases-2.0.37.tgz. Extracting by manifest.
927 silly tarball no local data for node-int64@https://registry.npmjs.org/node-int64/-/node-int64-0.4.0.tgz. Extracting by manifest.
928 silly tarball no local data for node-fetch@https://registry.npmjs.org/node-fetch/-/node-fetch-2.7.0.tgz. Extracting by manifest.
929 silly tarball no local data for node-forge@https://registry.npmjs.org/node-forge/-/node-forge-1.4.0.tgz. Extracting by manifest.
930 silly tarball no local data for negotiator@https://registry.npmjs.org/negotiator/-/negotiator-1.0.0.tgz. Extracting by manifest.
931 silly tarball no local data for nanoid@https://registry.npmjs.org/nanoid/-/nanoid-3.3.11.tgz. Extracting by manifest.
932 silly tarball no local data for multitars@https://registry.npmjs.org/multitars/-/multitars-1.0.0.tgz. Extracting by manifest.
933 silly tarball no local data for ms@https://registry.npmjs.org/ms/-/ms-2.1.3.tgz. Extracting by manifest.
934 silly tarball no local data for minipass@https://registry.npmjs.org/minipass/-/minipass-7.1.3.tgz. Extracting by manifest.
935 silly tarball no local data for minimatch@https://registry.npmjs.org/minimatch/-/minimatch-10.2.5.tgz. Extracting by manifest.
936 silly tarball no local data for mimic-fn@https://registry.npmjs.org/mimic-fn/-/mimic-fn-1.2.0.tgz. Extracting by manifest.
937 silly tarball no local data for mime-types@https://registry.npmjs.org/mime-types/-/mime-types-3.0.2.tgz. Extracting by manifest.
938 silly tarball no local data for mime-db@https://registry.npmjs.org/mime-db/-/mime-db-1.54.0.tgz. Extracting by manifest.
939 silly tarball no local data for mkdirp@https://registry.npmjs.org/mkdirp/-/mkdirp-1.0.4.tgz. Extracting by manifest.
940 silly tarball no local data for micromatch@https://registry.npmjs.org/micromatch/-/micromatch-4.0.8.tgz. Extracting by manifest.
941 silly tarball no local data for metro-transform-worker@https://registry.npmjs.org/metro-transform-worker/-/metro-transform-worker-0.83.6.tgz. Extracting by manifest.
942 silly tarball no local data for metro-transform-plugins@https://registry.npmjs.org/metro-transform-plugins/-/metro-transform-plugins-0.83.6.tgz. Extracting by manifest.
943 silly tarball no local data for metro-symbolicate@https://registry.npmjs.org/metro-symbolicate/-/metro-symbolicate-0.83.6.tgz. Extracting by manifest.
944 silly tarball no local data for metro-source-map@https://registry.npmjs.org/metro-source-map/-/metro-source-map-0.83.6.tgz. Extracting by manifest.
945 silly tarball no local data for metro-runtime@https://registry.npmjs.org/metro-runtime/-/metro-runtime-0.84.3.tgz. Extracting by manifest.
946 silly tarball no local data for metro-resolver@https://registry.npmjs.org/metro-resolver/-/metro-resolver-0.83.6.tgz. Extracting by manifest.
947 silly tarball no local data for metro-minify-terser@https://registry.npmjs.org/metro-minify-terser/-/metro-minify-terser-0.83.6.tgz. Extracting by manifest.
948 silly tarball no local data for metro-file-map@https://registry.npmjs.org/metro-file-map/-/metro-file-map-0.83.6.tgz. Extracting by manifest.
949 silly tarball no local data for metro-core@https://registry.npmjs.org/metro-core/-/metro-core-0.83.6.tgz. Extracting by manifest.
950 silly tarball no local data for metro-config@https://registry.npmjs.org/metro-config/-/metro-config-0.84.3.tgz. Extracting by manifest.
951 silly tarball no local data for metro-cache-key@https://registry.npmjs.org/metro-cache-key/-/metro-cache-key-0.83.6.tgz. Extracting by manifest.
952 silly tarball no local data for react-native-qrcode-svg@https://registry.npmjs.org/react-native-qrcode-svg/-/react-native-qrcode-svg-6.3.21.tgz. Extracting by manifest.
953 silly tarball no local data for metro-cache@https://registry.npmjs.org/metro-cache/-/metro-cache-0.83.6.tgz. Extracting by manifest.
954 silly tarball no local data for merge-stream@https://registry.npmjs.org/merge-stream/-/merge-stream-2.0.0.tgz. Extracting by manifest.
955 silly tarball no local data for merge-options@https://registry.npmjs.org/merge-options/-/merge-options-3.0.4.tgz. Extracting by manifest.
956 silly tarball no local data for memoize-one@https://registry.npmjs.org/memoize-one/-/memoize-one-5.2.1.tgz. Extracting by manifest.
957 silly tarball no local data for mime@https://registry.npmjs.org/mime/-/mime-1.6.0.tgz. Extracting by manifest.
958 silly tarball no local data for metro@https://registry.npmjs.org/metro/-/metro-0.83.6.tgz. Extracting by manifest.
959 silly tarball no local data for metro-babel-transformer@https://registry.npmjs.org/metro-babel-transformer/-/metro-babel-transformer-0.83.6.tgz. Extracting by manifest.
960 silly tarball no local data for on-finished@https://registry.npmjs.org/on-finished/-/on-finished-2.3.0.tgz. Extracting by manifest.
961 silly tarball no local data for marky@https://registry.npmjs.org/marky/-/marky-1.3.0.tgz. Extracting by manifest.
962 silly tarball no local data for makeerror@https://registry.npmjs.org/makeerror/-/makeerror-1.0.12.tgz. Extracting by manifest.
963 silly tarball no local data for loose-envify@https://registry.npmjs.org/loose-envify/-/loose-envify-1.4.0.tgz. Extracting by manifest.
964 silly tarball no local data for lru-cache@https://registry.npmjs.org/lru-cache/-/lru-cache-5.1.1.tgz. Extracting by manifest.
965 silly tarball no local data for mdn-data@https://registry.npmjs.org/mdn-data/-/mdn-data-2.0.14.tgz. Extracting by manifest.
966 silly tarball no local data for log-symbols@https://registry.npmjs.org/log-symbols/-/log-symbols-2.2.0.tgz. Extracting by manifest.
967 silly tarball no local data for lodash.throttle@https://registry.npmjs.org/lodash.throttle/-/lodash.throttle-4.1.1.tgz. Extracting by manifest.
968 silly tarball no local data for lodash.debounce@https://registry.npmjs.org/lodash.debounce/-/lodash.debounce-4.0.8.tgz. Extracting by manifest.
969 silly tarball no local data for locate-path@https://registry.npmjs.org/locate-path/-/locate-path-5.0.0.tgz. Extracting by manifest.
970 silly tarball no local data for lightningcss@https://registry.npmjs.org/lightningcss/-/lightningcss-1.32.0.tgz. Extracting by manifest.
971 silly tarball no local data for lightningcss-win32-x64-msvc@https://registry.npmjs.org/lightningcss-win32-x64-msvc/-/lightningcss-win32-x64-msvc-1.32.0.tgz. Extracting by manifest.
972 silly tarball no local data for leven@https://registry.npmjs.org/leven/-/leven-3.1.0.tgz. Extracting by manifest.
973 silly tarball no local data for lighthouse-logger@https://registry.npmjs.org/lighthouse-logger/-/lighthouse-logger-1.4.2.tgz. Extracting by manifest.
974 silly tarball no local data for lan-network@https://registry.npmjs.org/lan-network/-/lan-network-0.2.1.tgz. Extracting by manifest.
975 silly tarball no local data for kleur@https://registry.npmjs.org/kleur/-/kleur-3.0.3.tgz. Extracting by manifest.
976 silly tarball no local data for json5@https://registry.npmjs.org/json5/-/json5-2.2.3.tgz. Extracting by manifest.
977 silly tarball no local data for jsc-safe-url@https://registry.npmjs.org/jsc-safe-url/-/jsc-safe-url-0.2.4.tgz. Extracting by manifest.
978 silly tarball no local data for jsesc@https://registry.npmjs.org/jsesc/-/jsesc-3.1.0.tgz. Extracting by manifest.
979 silly tarball no local data for js-yaml@https://registry.npmjs.org/js-yaml/-/js-yaml-3.14.2.tgz. Extracting by manifest.
980 silly tarball no local data for jimp-compact@https://registry.npmjs.org/jimp-compact/-/jimp-compact-0.16.1.tgz. Extracting by manifest.
981 silly tarball no local data for js-tokens@https://registry.npmjs.org/js-tokens/-/js-tokens-4.0.0.tgz. Extracting by manifest.
982 silly tarball no local data for jest-worker@https://registry.npmjs.org/jest-worker/-/jest-worker-29.7.0.tgz. Extracting by manifest.
983 silly tarball no local data for jest-util@https://registry.npmjs.org/jest-util/-/jest-util-29.7.0.tgz. Extracting by manifest.
984 silly tarball no local data for jest-message-util@https://registry.npmjs.org/jest-message-util/-/jest-message-util-29.7.0.tgz. Extracting by manifest.
985 silly tarball no local data for jest-regex-util@https://registry.npmjs.org/jest-regex-util/-/jest-regex-util-29.6.3.tgz. Extracting by manifest.
986 silly tarball no local data for jest-mock@https://registry.npmjs.org/jest-mock/-/jest-mock-29.7.0.tgz. Extracting by manifest.
987 silly tarball no local data for jest-haste-map@https://registry.npmjs.org/jest-haste-map/-/jest-haste-map-29.7.0.tgz. Extracting by manifest.
988 silly tarball no local data for jest-get-type@https://registry.npmjs.org/jest-get-type/-/jest-get-type-29.6.3.tgz. Extracting by manifest.
989 silly tarball no local data for jest-validate@https://registry.npmjs.org/jest-validate/-/jest-validate-29.7.0.tgz. Extracting by manifest.
990 silly tarball no local data for jest-environment-node@https://registry.npmjs.org/jest-environment-node/-/jest-environment-node-29.7.0.tgz. Extracting by manifest.
991 silly tarball no local data for istanbul-lib-coverage@https://registry.npmjs.org/istanbul-lib-coverage/-/istanbul-lib-coverage-3.2.2.tgz. Extracting by manifest.
992 silly tarball no local data for isexe@https://registry.npmjs.org/isexe/-/isexe-2.0.0.tgz. Extracting by manifest.
993 silly tarball no local data for is-wsl@https://registry.npmjs.org/is-wsl/-/is-wsl-2.2.0.tgz. Extracting by manifest.
994 silly tarball no local data for is-fullwidth-code-point@https://registry.npmjs.org/is-fullwidth-code-point/-/is-fullwidth-code-point-3.0.0.tgz. Extracting by manifest.
995 silly tarball no local data for is-plain-obj@https://registry.npmjs.org/is-plain-obj/-/is-plain-obj-2.1.0.tgz. Extracting by manifest.
996 silly tarball no local data for istanbul-lib-instrument@https://registry.npmjs.org/istanbul-lib-instrument/-/istanbul-lib-instrument-5.2.1.tgz. Extracting by manifest.
997 silly tarball no local data for is-docker@https://registry.npmjs.org/is-docker/-/is-docker-2.2.1.tgz. Extracting by manifest.
998 silly tarball no local data for is-number@https://registry.npmjs.org/is-number/-/is-number-7.0.0.tgz. Extracting by manifest.
999 silly tarball no local data for is-core-module@https://registry.npmjs.org/is-core-module/-/is-core-module-2.16.1.tgz. Extracting by manifest.
1000 silly tarball no local data for is-arrayish@https://registry.npmjs.org/is-arrayish/-/is-arrayish-0.3.4.tgz. Extracting by manifest.
1001 silly tarball no local data for invariant@https://registry.npmjs.org/invariant/-/invariant-2.2.4.tgz. Extracting by manifest.
1002 silly tarball no local data for inherits@https://registry.npmjs.org/inherits/-/inherits-2.0.4.tgz. Extracting by manifest.
1003 silly tarball no local data for inline-style-prefixer@https://registry.npmjs.org/inline-style-prefixer/-/inline-style-prefixer-7.0.1.tgz. Extracting by manifest.
1004 silly tarball no local data for inflight@https://registry.npmjs.org/inflight/-/inflight-1.0.6.tgz. Extracting by manifest.
1005 silly tarball no local data for imurmurhash@https://registry.npmjs.org/imurmurhash/-/imurmurhash-0.1.4.tgz. Extracting by manifest.
1006 silly tarball no local data for image-size@https://registry.npmjs.org/image-size/-/image-size-1.2.1.tgz. Extracting by manifest.
1007 silly tarball no local data for ignore@https://registry.npmjs.org/ignore/-/ignore-5.3.2.tgz. Extracting by manifest.
1008 silly tarball no local data for hyphenate-style-name@https://registry.npmjs.org/hyphenate-style-name/-/hyphenate-style-name-1.1.0.tgz. Extracting by manifest.
1009 silly tarball no local data for https-proxy-agent@https://registry.npmjs.org/https-proxy-agent/-/https-proxy-agent-7.0.6.tgz. Extracting by manifest.
1010 silly tarball no local data for http-errors@https://registry.npmjs.org/http-errors/-/http-errors-2.0.1.tgz. Extracting by manifest.
1011 silly tarball no local data for html2canvas@https://registry.npmjs.org/html2canvas/-/html2canvas-1.4.1.tgz. Extracting by manifest.
1012 silly tarball no local data for hosted-git-info@https://registry.npmjs.org/hosted-git-info/-/hosted-git-info-7.0.2.tgz. Extracting by manifest.
1013 silly tarball no local data for hoist-non-react-statics@https://registry.npmjs.org/hoist-non-react-statics/-/hoist-non-react-statics-3.3.2.tgz. Extracting by manifest.
1014 silly tarball no local data for hasown@https://registry.npmjs.org/hasown/-/hasown-2.0.3.tgz. Extracting by manifest.
1015 silly tarball no local data for hermes-compiler@https://registry.npmjs.org/hermes-compiler/-/hermes-compiler-0.14.1.tgz. Extracting by manifest.
1016 silly tarball no local data for hermes-estree@https://registry.npmjs.org/hermes-estree/-/hermes-estree-0.33.3.tgz. Extracting by manifest.
1017 silly tarball no local data for has-flag@https://registry.npmjs.org/has-flag/-/has-flag-4.0.0.tgz. Extracting by manifest.
1018 silly tarball no local data for graceful-fs@https://registry.npmjs.org/graceful-fs/-/graceful-fs-4.2.11.tgz. Extracting by manifest.
1019 silly tarball no local data for getenv@https://registry.npmjs.org/getenv/-/getenv-2.0.0.tgz. Extracting by manifest.
1020 silly tarball no local data for glob@https://registry.npmjs.org/glob/-/glob-13.0.6.tgz. Extracting by manifest.
1021 silly tarball no local data for get-package-type@https://registry.npmjs.org/get-package-type/-/get-package-type-0.1.0.tgz. Extracting by manifest.
1022 silly tarball no local data for get-caller-file@https://registry.npmjs.org/get-caller-file/-/get-caller-file-2.0.5.tgz. Extracting by manifest.
1023 silly tarball no local data for gensync@https://registry.npmjs.org/gensync/-/gensync-1.0.0-beta.2.tgz. Extracting by manifest.
1024 silly tarball no local data for function-bind@https://registry.npmjs.org/function-bind/-/function-bind-1.1.2.tgz. Extracting by manifest.
1025 silly tarball no local data for fs.realpath@https://registry.npmjs.org/fs.realpath/-/fs.realpath-1.0.0.tgz. Extracting by manifest.
1026 silly tarball no local data for fresh@https://registry.npmjs.org/fresh/-/fresh-0.5.2.tgz. Extracting by manifest.
1027 silly tarball no local data for fontfaceobserver@https://registry.npmjs.org/fontfaceobserver/-/fontfaceobserver-2.3.0.tgz. Extracting by manifest.
1028 silly tarball no local data for find-up@https://registry.npmjs.org/find-up/-/find-up-4.1.0.tgz. Extracting by manifest.
1029 silly tarball no local data for finalhandler@https://registry.npmjs.org/finalhandler/-/finalhandler-1.1.2.tgz. Extracting by manifest.
1030 silly tarball no local data for flow-enums-runtime@https://registry.npmjs.org/flow-enums-runtime/-/flow-enums-runtime-0.0.6.tgz. Extracting by manifest.
1031 silly tarball no local data for filter-obj@https://registry.npmjs.org/filter-obj/-/filter-obj-1.1.0.tgz. Extracting by manifest.
1032 silly tarball no local data for fill-range@https://registry.npmjs.org/fill-range/-/fill-range-7.1.1.tgz. Extracting by manifest.
1033 silly tarball no local data for fbjs-css-vars@https://registry.npmjs.org/fbjs-css-vars/-/fbjs-css-vars-1.0.2.tgz. Extracting by manifest.
1034 silly tarball no local data for fetch-nodeshim@https://registry.npmjs.org/fetch-nodeshim/-/fetch-nodeshim-0.4.10.tgz. Extracting by manifest.
1035 silly tarball no local data for fbjs@https://registry.npmjs.org/fbjs/-/fbjs-3.0.5.tgz. Extracting by manifest.
1036 silly tarball no local data for fb-watchman@https://registry.npmjs.org/fb-watchman/-/fb-watchman-2.0.2.tgz. Extracting by manifest.
1037 silly tarball no local data for fb-dotslash@https://registry.npmjs.org/fb-dotslash/-/fb-dotslash-0.5.8.tgz. Extracting by manifest.
1038 silly tarball no local data for fast-json-stable-stringify@https://registry.npmjs.org/fast-json-stable-stringify/-/fast-json-stable-stringify-2.1.0.tgz. Extracting by manifest.
1039 silly tarball no local data for exponential-backoff@https://registry.npmjs.org/exponential-backoff/-/exponential-backoff-3.1.3.tgz. Extracting by manifest.
1040 silly tarball no local data for expo-status-bar@https://registry.npmjs.org/expo-status-bar/-/expo-status-bar-55.0.6.tgz. Extracting by manifest.
1041 silly tarball no local data for fast-deep-equal@https://registry.npmjs.org/fast-deep-equal/-/fast-deep-equal-3.1.3.tgz. Extracting by manifest.
1042 silly tarball no local data for expo-sharing@https://registry.npmjs.org/expo-sharing/-/expo-sharing-55.0.19.tgz. Extracting by manifest.
1043 silly tarball no local data for expo-server@https://registry.npmjs.org/expo-server/-/expo-server-55.0.9.tgz. Extracting by manifest.
1044 silly tarball no local data for expo-sensors@https://registry.npmjs.org/expo-sensors/-/expo-sensors-55.0.15.tgz. Extracting by manifest.
1045 silly tarball no local data for expo-print@https://registry.npmjs.org/expo-print/-/expo-print-55.0.15.tgz. Extracting by manifest.
1046 silly tarball no local data for expo-modules-core@https://registry.npmjs.org/expo-modules-core/-/expo-modules-core-55.0.25.tgz. Extracting by manifest.
1047 silly tarball no local data for expo-linear-gradient@https://registry.npmjs.org/expo-linear-gradient/-/expo-linear-gradient-55.0.14.tgz. Extracting by manifest.
1048 silly tarball no local data for expo-modules-autolinking@https://registry.npmjs.org/expo-modules-autolinking/-/expo-modules-autolinking-55.0.22.tgz. Extracting by manifest.
1049 silly tarball no local data for expo-media-library@https://registry.npmjs.org/expo-media-library/-/expo-media-library-55.0.17.tgz. Extracting by manifest.
1050 silly tarball no local data for expo-keep-awake@https://registry.npmjs.org/expo-keep-awake/-/expo-keep-awake-55.0.8.tgz. Extracting by manifest.
1051 silly tarball no local data for expo-font@https://registry.npmjs.org/expo-font/-/expo-font-55.0.7.tgz. Extracting by manifest.
1052 silly tarball no local data for expo-constants@https://registry.npmjs.org/expo-constants/-/expo-constants-55.0.16.tgz. Extracting by manifest.
1053 silly tarball no local data for expo-file-system@https://registry.npmjs.org/expo-file-system/-/expo-file-system-55.0.20.tgz. Extracting by manifest.
1054 silly tarball no local data for expo-clipboard@https://registry.npmjs.org/expo-clipboard/-/expo-clipboard-55.0.13.tgz. Extracting by manifest.
1055 silly tarball no local data for expo-camera@https://registry.npmjs.org/expo-camera/-/expo-camera-55.0.18.tgz. Extracting by manifest.
1056 silly tarball no local data for expo@https://registry.npmjs.org/expo/-/expo-55.0.24.tgz. Extracting by manifest.
1057 silly tarball no local data for expo-asset@https://registry.npmjs.org/expo-asset/-/expo-asset-55.0.17.tgz. Extracting by manifest.
1058 silly tarball no local data for event-target-shim@https://registry.npmjs.org/event-target-shim/-/event-target-shim-5.0.1.tgz. Extracting by manifest.
1059 silly tarball no local data for etag@https://registry.npmjs.org/etag/-/etag-1.8.1.tgz. Extracting by manifest.
1060 silly tarball no local data for esprima@https://registry.npmjs.org/esprima/-/esprima-4.0.1.tgz. Extracting by manifest.
1061 silly tarball no local data for escape-string-regexp@https://registry.npmjs.org/escape-string-regexp/-/escape-string-regexp-4.0.0.tgz. Extracting by manifest.
1062 silly tarball no local data for escape-html@https://registry.npmjs.org/escape-html/-/escape-html-1.0.3.tgz. Extracting by manifest.
1063 silly tarball no local data for escalade@https://registry.npmjs.org/escalade/-/escalade-3.2.0.tgz. Extracting by manifest.
1064 silly tarball no local data for es-errors@https://registry.npmjs.org/es-errors/-/es-errors-1.3.0.tgz. Extracting by manifest.
1065 silly tarball no local data for error-stack-parser@https://registry.npmjs.org/error-stack-parser/-/error-stack-parser-2.1.4.tgz. Extracting by manifest.
1066 silly tarball no local data for entities@https://registry.npmjs.org/entities/-/entities-4.5.0.tgz. Extracting by manifest.
1067 silly tarball no local data for emoji-regex@https://registry.npmjs.org/emoji-regex/-/emoji-regex-8.0.0.tgz. Extracting by manifest.
1068 silly tarball no local data for encodeurl@https://registry.npmjs.org/encodeurl/-/encodeurl-1.0.2.tgz. Extracting by manifest.
1069 silly tarball no local data for electron-to-chromium@https://registry.npmjs.org/electron-to-chromium/-/electron-to-chromium-1.5.341.tgz. Extracting by manifest.
1070 silly tarball no local data for ee-first@https://registry.npmjs.org/ee-first/-/ee-first-1.1.1.tgz. Extracting by manifest.
1071 silly tarball no local data for domutils@https://registry.npmjs.org/domutils/-/domutils-3.2.2.tgz. Extracting by manifest.
1072 silly tarball no local data for domhandler@https://registry.npmjs.org/domhandler/-/domhandler-5.0.3.tgz. Extracting by manifest.
1073 silly tarball no local data for domelementtype@https://registry.npmjs.org/domelementtype/-/domelementtype-2.3.0.tgz. Extracting by manifest.
1074 silly tarball no local data for dom-serializer@https://registry.npmjs.org/dom-serializer/-/dom-serializer-2.0.0.tgz. Extracting by manifest.
1075 silly tarball no local data for dnssd-advertise@https://registry.npmjs.org/dnssd-advertise/-/dnssd-advertise-1.1.4.tgz. Extracting by manifest.
1076 silly tarball no local data for dijkstrajs@https://registry.npmjs.org/dijkstrajs/-/dijkstrajs-1.0.3.tgz. Extracting by manifest.
1077 silly tarball no local data for detect-libc@https://registry.npmjs.org/detect-libc/-/detect-libc-2.1.2.tgz. Extracting by manifest.
1078 silly tarball no local data for destroy@https://registry.npmjs.org/destroy/-/destroy-1.2.0.tgz. Extracting by manifest.
1079 silly tarball no local data for depd@https://registry.npmjs.org/depd/-/depd-2.0.0.tgz. Extracting by manifest.
1080 silly tarball no local data for defaults@https://registry.npmjs.org/defaults/-/defaults-1.0.4.tgz. Extracting by manifest.
1081 silly tarball no local data for define-lazy-prop@https://registry.npmjs.org/define-lazy-prop/-/define-lazy-prop-2.0.0.tgz. Extracting by manifest.
1082 silly tarball no local data for deepmerge@https://registry.npmjs.org/deepmerge/-/deepmerge-4.3.1.tgz. Extracting by manifest.
1083 silly tarball no local data for decode-uri-component@https://registry.npmjs.org/decode-uri-component/-/decode-uri-component-0.2.2.tgz. Extracting by manifest.
1084 silly tarball no local data for decamelize@https://registry.npmjs.org/decamelize/-/decamelize-1.2.0.tgz. Extracting by manifest.
1085 silly tarball no local data for debug@https://registry.npmjs.org/debug/-/debug-4.4.3.tgz. Extracting by manifest.
1086 silly tarball no local data for css-what@https://registry.npmjs.org/css-what/-/css-what-6.2.2.tgz. Extracting by manifest.
1087 silly tarball no local data for css-tree@https://registry.npmjs.org/css-tree/-/css-tree-1.1.3.tgz. Extracting by manifest.
1088 silly tarball no local data for css-select@https://registry.npmjs.org/css-select/-/css-select-5.2.2.tgz. Extracting by manifest.
1089 silly tarball no local data for css-in-js-utils@https://registry.npmjs.org/css-in-js-utils/-/css-in-js-utils-3.1.0.tgz. Extracting by manifest.
1090 silly tarball no local data for css-line-break@https://registry.npmjs.org/css-line-break/-/css-line-break-2.1.0.tgz. Extracting by manifest.
1091 silly tarball no local data for cross-spawn@https://registry.npmjs.org/cross-spawn/-/cross-spawn-7.0.6.tgz. Extracting by manifest.
1092 silly tarball no local data for cross-fetch@https://registry.npmjs.org/cross-fetch/-/cross-fetch-3.2.0.tgz. Extracting by manifest.
1093 silly tarball no local data for core-js-compat@https://registry.npmjs.org/core-js-compat/-/core-js-compat-3.49.0.tgz. Extracting by manifest.
1094 silly tarball no local data for convert-source-map@https://registry.npmjs.org/convert-source-map/-/convert-source-map-2.0.0.tgz. Extracting by manifest.
1095 silly tarball no local data for concat-map@https://registry.npmjs.org/concat-map/-/concat-map-0.0.1.tgz. Extracting by manifest.
1096 silly tarball no local data for color-string@https://registry.npmjs.org/color-string/-/color-string-1.9.1.tgz. Extracting by manifest.
1097 silly tarball no local data for compression@https://registry.npmjs.org/compression/-/compression-1.8.1.tgz. Extracting by manifest.
1098 silly tarball no local data for hermes-parser@https://registry.npmjs.org/hermes-parser/-/hermes-parser-0.33.3.tgz. Extracting by manifest.
1099 silly tarball no local data for expo-speech@https://registry.npmjs.org/expo-speech/-/expo-speech-55.0.14.tgz. Extracting by manifest.
1100 silly tarball no local data for color-name@https://registry.npmjs.org/color-name/-/color-name-1.1.4.tgz. Extracting by manifest.
1101 silly tarball no local data for commander@https://registry.npmjs.org/commander/-/commander-7.2.0.tgz. Extracting by manifest.
1102 silly tarball no local data for color-convert@https://registry.npmjs.org/color-convert/-/color-convert-2.0.1.tgz. Extracting by manifest.
1103 silly tarball no local data for color@https://registry.npmjs.org/color/-/color-4.2.3.tgz. Extracting by manifest.
1104 silly tarball no local data for clone@https://registry.npmjs.org/clone/-/clone-1.0.4.tgz. Extracting by manifest.
1105 silly tarball no local data for cliui@https://registry.npmjs.org/cliui/-/cliui-8.0.1.tgz. Extracting by manifest.
1106 silly tarball no local data for cli-cursor@https://registry.npmjs.org/cli-cursor/-/cli-cursor-2.1.0.tgz. Extracting by manifest.
1107 silly tarball no local data for cli-spinners@https://registry.npmjs.org/cli-spinners/-/cli-spinners-2.9.2.tgz. Extracting by manifest.
1108 silly tarball no local data for ci-info@https://registry.npmjs.org/ci-info/-/ci-info-2.0.0.tgz. Extracting by manifest.
1109 silly tarball no local data for chrome-launcher@https://registry.npmjs.org/chrome-launcher/-/chrome-launcher-0.15.2.tgz. Extracting by manifest.
1110 silly tarball no local data for chromium-edge-launcher@https://registry.npmjs.org/chromium-edge-launcher/-/chromium-edge-launcher-0.2.0.tgz. Extracting by manifest.
1111 silly tarball no local data for chalk@https://registry.npmjs.org/chalk/-/chalk-4.1.2.tgz. Extracting by manifest.
1112 silly tarball no local data for caniuse-lite@https://registry.npmjs.org/caniuse-lite/-/caniuse-lite-1.0.30001788.tgz. Extracting by manifest.
1113 silly tarball no local data for bytes@https://registry.npmjs.org/bytes/-/bytes-3.1.2.tgz. Extracting by manifest.
1114 silly tarball no local data for camelcase@https://registry.npmjs.org/camelcase/-/camelcase-6.3.0.tgz. Extracting by manifest.
1115 silly tarball no local data for buffer-from@https://registry.npmjs.org/buffer-from/-/buffer-from-1.1.2.tgz. Extracting by manifest.
1116 silly tarball no local data for bser@https://registry.npmjs.org/bser/-/bser-2.1.1.tgz. Extracting by manifest.
1117 silly tarball no local data for braces@https://registry.npmjs.org/braces/-/braces-3.0.3.tgz. Extracting by manifest.
1118 silly tarball no local data for browserslist@https://registry.npmjs.org/browserslist/-/browserslist-4.28.2.tgz. Extracting by manifest.
1119 silly tarball no local data for bplist-creator@https://registry.npmjs.org/bplist-creator/-/bplist-creator-0.1.0.tgz. Extracting by manifest.
1120 silly tarball no local data for bplist-parser@https://registry.npmjs.org/bplist-parser/-/bplist-parser-0.3.1.tgz. Extracting by manifest.
1121 silly tarball no local data for brace-expansion@https://registry.npmjs.org/brace-expansion/-/brace-expansion-5.0.5.tgz. Extracting by manifest.
1122 silly tarball no local data for boolbase@https://registry.npmjs.org/boolbase/-/boolbase-1.0.0.tgz. Extracting by manifest.
1123 silly tarball no local data for big-integer@https://registry.npmjs.org/big-integer/-/big-integer-1.6.52.tgz. Extracting by manifest.
1124 silly tarball no local data for better-opn@https://registry.npmjs.org/better-opn/-/better-opn-3.0.2.tgz. Extracting by manifest.
1125 silly tarball no local data for baseline-browser-mapping@https://registry.npmjs.org/baseline-browser-mapping/-/baseline-browser-mapping-2.10.20.tgz. Extracting by manifest.
1126 silly tarball no local data for base64-js@https://registry.npmjs.org/base64-js/-/base64-js-1.5.1.tgz. Extracting by manifest.
1127 silly tarball no local data for base64-arraybuffer@https://registry.npmjs.org/base64-arraybuffer/-/base64-arraybuffer-1.0.2.tgz. Extracting by manifest.
1128 silly tarball no local data for balanced-match@https://registry.npmjs.org/balanced-match/-/balanced-match-1.0.2.tgz. Extracting by manifest.
1129 silly tarball no local data for barcode-detector@https://registry.npmjs.org/barcode-detector/-/barcode-detector-3.1.2.tgz. Extracting by manifest.
1130 silly tarball no local data for babel-preset-jest@https://registry.npmjs.org/babel-preset-jest/-/babel-preset-jest-29.6.3.tgz. Extracting by manifest.
1131 silly tarball no local data for babel-preset-current-node-syntax@https://registry.npmjs.org/babel-preset-current-node-syntax/-/babel-preset-current-node-syntax-1.2.0.tgz. Extracting by manifest.
1132 silly tarball no local data for babel-preset-expo@https://registry.npmjs.org/babel-preset-expo/-/babel-preset-expo-55.0.21.tgz. Extracting by manifest.
1133 silly tarball no local data for babel-plugin-syntax-hermes-parser@https://registry.npmjs.org/babel-plugin-syntax-hermes-parser/-/babel-plugin-syntax-hermes-parser-0.33.3.tgz. Extracting by manifest.
1134 silly tarball no local data for compressible@https://registry.npmjs.org/compressible/-/compressible-2.0.18.tgz. Extracting by manifest.
1135 silly tarball no local data for babel-plugin-react-compiler@https://registry.npmjs.org/babel-plugin-react-compiler/-/babel-plugin-react-compiler-1.0.0.tgz. Extracting by manifest.
1136 silly tarball no local data for babel-plugin-react-native-web@https://registry.npmjs.org/babel-plugin-react-native-web/-/babel-plugin-react-native-web-0.21.2.tgz. Extracting by manifest.
1137 silly tarball no local data for babel-plugin-polyfill-regenerator@https://registry.npmjs.org/babel-plugin-polyfill-regenerator/-/babel-plugin-polyfill-regenerator-0.6.8.tgz. Extracting by manifest.
1138 silly tarball no local data for babel-plugin-polyfill-corejs3@https://registry.npmjs.org/babel-plugin-polyfill-corejs3/-/babel-plugin-polyfill-corejs3-0.13.0.tgz. Extracting by manifest.
1139 silly tarball no local data for babel-plugin-istanbul@https://registry.npmjs.org/babel-plugin-istanbul/-/babel-plugin-istanbul-6.1.1.tgz. Extracting by manifest.
1140 silly tarball no local data for babel-plugin-jest-hoist@https://registry.npmjs.org/babel-plugin-jest-hoist/-/babel-plugin-jest-hoist-29.6.3.tgz. Extracting by manifest.
1141 silly tarball no local data for babel-plugin-polyfill-corejs2@https://registry.npmjs.org/babel-plugin-polyfill-corejs2/-/babel-plugin-polyfill-corejs2-0.4.17.tgz. Extracting by manifest.
1142 silly tarball no local data for babel-jest@https://registry.npmjs.org/babel-jest/-/babel-jest-29.7.0.tgz. Extracting by manifest.
1143 silly tarball no local data for asap@https://registry.npmjs.org/asap/-/asap-2.0.6.tgz. Extracting by manifest.
1144 silly tarball no local data for argparse@https://registry.npmjs.org/argparse/-/argparse-1.0.10.tgz. Extracting by manifest.
1145 silly tarball no local data for arg@https://registry.npmjs.org/arg/-/arg-5.0.2.tgz. Extracting by manifest.
1146 silly tarball no local data for anymatch@https://registry.npmjs.org/anymatch/-/anymatch-3.1.3.tgz. Extracting by manifest.
1147 silly tarball no local data for ansi-styles@https://registry.npmjs.org/ansi-styles/-/ansi-styles-4.3.0.tgz. Extracting by manifest.
1148 silly tarball no local data for anser@https://registry.npmjs.org/anser/-/anser-1.4.10.tgz. Extracting by manifest.
1149 silly tarball no local data for ansi-regex@https://registry.npmjs.org/ansi-regex/-/ansi-regex-5.0.1.tgz. Extracting by manifest.
1150 silly tarball no local data for agent-base@https://registry.npmjs.org/agent-base/-/agent-base-7.1.4.tgz. Extracting by manifest.
1151 silly tarball no local data for @xmldom/xmldom@https://registry.npmjs.org/@xmldom/xmldom/-/xmldom-0.8.13.tgz. Extracting by manifest.
1152 silly tarball no local data for acorn@https://registry.npmjs.org/acorn/-/acorn-8.16.0.tgz. Extracting by manifest.
1153 silly tarball no local data for @ungap/structured-clone@https://registry.npmjs.org/@ungap/structured-clone/-/structured-clone-1.3.0.tgz. Extracting by manifest.
1154 silly tarball no local data for accepts@https://registry.npmjs.org/accepts/-/accepts-2.0.0.tgz. Extracting by manifest.
1155 silly tarball no local data for abort-controller@https://registry.npmjs.org/abort-controller/-/abort-controller-3.0.0.tgz. Extracting by manifest.
1156 silly tarball no local data for @types/yargs-parser@https://registry.npmjs.org/@types/yargs-parser/-/yargs-parser-21.0.3.tgz. Extracting by manifest.
1157 silly tarball no local data for ansi-escapes@https://registry.npmjs.org/ansi-escapes/-/ansi-escapes-4.3.2.tgz. Extracting by manifest.
1158 silly tarball no local data for @types/yargs@https://registry.npmjs.org/@types/yargs/-/yargs-17.0.35.tgz. Extracting by manifest.
1159 silly tarball no local data for @types/stack-utils@https://registry.npmjs.org/@types/stack-utils/-/stack-utils-2.0.3.tgz. Extracting by manifest.
1160 silly tarball no local data for connect@https://registry.npmjs.org/connect/-/connect-3.7.0.tgz. Extracting by manifest.
1161 silly tarball no local data for @types/node@https://registry.npmjs.org/@types/node/-/node-25.6.0.tgz. Extracting by manifest.
1162 silly tarball no local data for @types/istanbul-reports@https://registry.npmjs.org/@types/istanbul-reports/-/istanbul-reports-3.0.4.tgz. Extracting by manifest.
1163 silly tarball no local data for @types/istanbul-lib-report@https://registry.npmjs.org/@types/istanbul-lib-report/-/istanbul-lib-report-3.0.3.tgz. Extracting by manifest.
1164 silly tarball no local data for @types/istanbul-lib-coverage@https://registry.npmjs.org/@types/istanbul-lib-coverage/-/istanbul-lib-coverage-2.0.6.tgz. Extracting by manifest.
1165 silly tarball no local data for @types/hammerjs@https://registry.npmjs.org/@types/hammerjs/-/hammerjs-2.0.46.tgz. Extracting by manifest.
1166 silly tarball no local data for @types/emscripten@https://registry.npmjs.org/@types/emscripten/-/emscripten-1.41.5.tgz. Extracting by manifest.
1167 silly tarball no local data for @types/babel__traverse@https://registry.npmjs.org/@types/babel__traverse/-/babel__traverse-7.28.0.tgz. Extracting by manifest.
1168 silly tarball no local data for @types/graceful-fs@https://registry.npmjs.org/@types/graceful-fs/-/graceful-fs-4.1.9.tgz. Extracting by manifest.
1169 silly tarball no local data for @types/babel__template@https://registry.npmjs.org/@types/babel__template/-/babel__template-7.4.4.tgz. Extracting by manifest.
1170 silly tarball no local data for @types/babel__generator@https://registry.npmjs.org/@types/babel__generator/-/babel__generator-7.27.0.tgz. Extracting by manifest.
1171 silly tarball no local data for @types/babel__core@https://registry.npmjs.org/@types/babel__core/-/babel__core-7.20.5.tgz. Extracting by manifest.
1172 silly tarball no local data for @sinonjs/commons@https://registry.npmjs.org/@sinonjs/commons/-/commons-3.0.1.tgz. Extracting by manifest.
1173 silly tarball no local data for @sinonjs/fake-timers@https://registry.npmjs.org/@sinonjs/fake-timers/-/fake-timers-10.3.0.tgz. Extracting by manifest.
1174 silly tarball no local data for @sinclair/typebox@https://registry.npmjs.org/@sinclair/typebox/-/typebox-0.27.10.tgz. Extracting by manifest.
1175 silly tarball no local data for @react-navigation/stack@https://registry.npmjs.org/@react-navigation/stack/-/stack-7.8.10.tgz. Extracting by manifest.
1176 silly tarball no local data for @react-navigation/routers@https://registry.npmjs.org/@react-navigation/routers/-/routers-7.5.3.tgz. Extracting by manifest.
1177 silly tarball no local data for @react-navigation/native-stack@https://registry.npmjs.org/@react-navigation/native-stack/-/native-stack-7.14.11.tgz. Extracting by manifest.
1178 silly tarball no local data for @react-navigation/native@https://registry.npmjs.org/@react-navigation/native/-/native-7.2.2.tgz. Extracting by manifest.
1179 silly tarball no local data for @react-navigation/elements@https://registry.npmjs.org/@react-navigation/elements/-/elements-2.9.14.tgz. Extracting by manifest.
1180 silly tarball no local data for @react-native/normalize-colors@https://registry.npmjs.org/@react-native/normalize-colors/-/normalize-colors-0.83.6.tgz. Extracting by manifest.
1181 silly tarball no local data for @react-native/metro-babel-transformer@https://registry.npmjs.org/@react-native/metro-babel-transformer/-/metro-babel-transformer-0.85.2.tgz. Extracting by manifest.
1182 silly tarball no local data for @react-native/metro-config@https://registry.npmjs.org/@react-native/metro-config/-/metro-config-0.85.2.tgz. Extracting by manifest.
1183 silly tarball no local data for babel-plugin-transform-flow-enums@https://registry.npmjs.org/babel-plugin-transform-flow-enums/-/babel-plugin-transform-flow-enums-0.0.2.tgz. Extracting by manifest.
1184 silly tarball no local data for @react-native/gradle-plugin@https://registry.npmjs.org/@react-native/gradle-plugin/-/gradle-plugin-0.83.6.tgz. Extracting by manifest.
1185 silly tarball no local data for @react-native/dev-middleware@https://registry.npmjs.org/@react-native/dev-middleware/-/dev-middleware-0.83.6.tgz. Extracting by manifest.
1186 silly tarball no local data for @react-navigation/core@https://registry.npmjs.org/@react-navigation/core/-/core-7.17.2.tgz. Extracting by manifest.
1187 silly tarball no local data for @react-native/debugger-shell@https://registry.npmjs.org/@react-native/debugger-shell/-/debugger-shell-0.83.6.tgz. Extracting by manifest.
1188 silly tarball no local data for @react-native/debugger-frontend@https://registry.npmjs.org/@react-native/debugger-frontend/-/debugger-frontend-0.83.6.tgz. Extracting by manifest.
1189 silly tarball no local data for @react-native/js-polyfills@https://registry.npmjs.org/@react-native/js-polyfills/-/js-polyfills-0.85.2.tgz. Extracting by manifest.
1190 silly tarball no local data for @react-native/codegen@https://registry.npmjs.org/@react-native/codegen/-/codegen-0.85.2.tgz. Extracting by manifest.
1191 silly tarball no local data for @react-native/community-cli-plugin@https://registry.npmjs.org/@react-native/community-cli-plugin/-/community-cli-plugin-0.83.6.tgz. Extracting by manifest.
1192 silly tarball no local data for @react-native/babel-plugin-codegen@https://registry.npmjs.org/@react-native/babel-plugin-codegen/-/babel-plugin-codegen-0.85.2.tgz. Extracting by manifest.
1193 silly tarball no local data for @jridgewell/trace-mapping@https://registry.npmjs.org/@jridgewell/trace-mapping/-/trace-mapping-0.3.31.tgz. Extracting by manifest.
1194 silly tarball no local data for @react-native-async-storage/async-storage@https://registry.npmjs.org/@react-native-async-storage/async-storage/-/async-storage-2.2.0.tgz. Extracting by manifest.
1195 silly tarball no local data for @jridgewell/sourcemap-codec@https://registry.npmjs.org/@jridgewell/sourcemap-codec/-/sourcemap-codec-1.5.5.tgz. Extracting by manifest.
1196 silly tarball no local data for @jridgewell/source-map@https://registry.npmjs.org/@jridgewell/source-map/-/source-map-0.3.11.tgz. Extracting by manifest.
1197 silly tarball no local data for @jridgewell/remapping@https://registry.npmjs.org/@jridgewell/remapping/-/remapping-2.3.5.tgz. Extracting by manifest.
1198 silly tarball no local data for @jridgewell/resolve-uri@https://registry.npmjs.org/@jridgewell/resolve-uri/-/resolve-uri-3.1.2.tgz. Extracting by manifest.
1199 silly tarball no local data for @jridgewell/gen-mapping@https://registry.npmjs.org/@jridgewell/gen-mapping/-/gen-mapping-0.3.13.tgz. Extracting by manifest.
1200 silly tarball no local data for @jest/types@https://registry.npmjs.org/@jest/types/-/types-29.6.3.tgz. Extracting by manifest.
1201 silly tarball no local data for @jest/schemas@https://registry.npmjs.org/@jest/schemas/-/schemas-29.6.3.tgz. Extracting by manifest.
1202 silly tarball no local data for @jest/fake-timers@https://registry.npmjs.org/@jest/fake-timers/-/fake-timers-29.7.0.tgz. Extracting by manifest.
1203 silly tarball no local data for @jest/transform@https://registry.npmjs.org/@jest/transform/-/transform-29.7.0.tgz. Extracting by manifest.
1204 silly tarball no local data for @jest/environment@https://registry.npmjs.org/@jest/environment/-/environment-29.7.0.tgz. Extracting by manifest.
1205 silly tarball no local data for @jest/create-cache-key-function@https://registry.npmjs.org/@jest/create-cache-key-function/-/create-cache-key-function-29.7.0.tgz. Extracting by manifest.
1206 silly tarball no local data for @isaacs/ttlcache@https://registry.npmjs.org/@isaacs/ttlcache/-/ttlcache-1.4.1.tgz. Extracting by manifest.
1207 silly tarball no local data for @expo/xcpretty@https://registry.npmjs.org/@expo/xcpretty/-/xcpretty-4.4.4.tgz. Extracting by manifest.
1208 silly tarball no local data for @istanbuljs/schema@https://registry.npmjs.org/@istanbuljs/schema/-/schema-0.1.6.tgz. Extracting by manifest.
1209 silly tarball no local data for @istanbuljs/load-nyc-config@https://registry.npmjs.org/@istanbuljs/load-nyc-config/-/load-nyc-config-1.1.0.tgz. Extracting by manifest.
1210 silly tarball no local data for @expo/vector-icons@https://registry.npmjs.org/@expo/vector-icons/-/vector-icons-15.1.1.tgz. Extracting by manifest.
1211 silly tarball no local data for @expo/ws-tunnel@https://registry.npmjs.org/@expo/ws-tunnel/-/ws-tunnel-1.0.6.tgz. Extracting by manifest.
1212 silly tarball no local data for @expo/sudo-prompt@https://registry.npmjs.org/@expo/sudo-prompt/-/sudo-prompt-9.3.2.tgz. Extracting by manifest.
1213 silly tarball no local data for @expo/spawn-async@https://registry.npmjs.org/@expo/spawn-async/-/spawn-async-1.7.2.tgz. Extracting by manifest.
1214 silly tarball no local data for @expo/sdk-runtime-versions@https://registry.npmjs.org/@expo/sdk-runtime-versions/-/sdk-runtime-versions-1.0.0.tgz. Extracting by manifest.
1215 silly tarball no local data for @expo/schema-utils@https://registry.npmjs.org/@expo/schema-utils/-/schema-utils-55.0.4.tgz. Extracting by manifest.
1216 silly tarball no local data for @expo/require-utils@https://registry.npmjs.org/@expo/require-utils/-/require-utils-55.0.5.tgz. Extracting by manifest.
1217 silly tarball no local data for @expo/prebuild-config@https://registry.npmjs.org/@expo/prebuild-config/-/prebuild-config-55.0.18.tgz. Extracting by manifest.
1218 silly tarball no local data for @expo/plist@https://registry.npmjs.org/@expo/plist/-/plist-0.5.3.tgz. Extracting by manifest.
1219 silly tarball no local data for @expo/osascript@https://registry.npmjs.org/@expo/osascript/-/osascript-2.4.3.tgz. Extracting by manifest.
1220 silly tarball no local data for @expo/package-manager@https://registry.npmjs.org/@expo/package-manager/-/package-manager-1.10.5.tgz. Extracting by manifest.
1221 silly tarball no local data for @expo/metro-config@https://registry.npmjs.org/@expo/metro-config/-/metro-config-55.0.21.tgz. Extracting by manifest.
1222 silly tarball no local data for @expo/log-box@https://registry.npmjs.org/@expo/log-box/-/log-box-55.0.12.tgz. Extracting by manifest.
1223 silly tarball no local data for @expo/metro@https://registry.npmjs.org/@expo/metro/-/metro-55.1.1.tgz. Extracting by manifest.
1224 silly tarball no local data for @expo/local-build-cache-provider@https://registry.npmjs.org/@expo/local-build-cache-provider/-/local-build-cache-provider-55.0.13.tgz. Extracting by manifest.
1225 silly tarball no local data for @expo/json-file@https://registry.npmjs.org/@expo/json-file/-/json-file-10.0.14.tgz. Extracting by manifest.
1226 silly tarball no local data for @expo/image-utils@https://registry.npmjs.org/@expo/image-utils/-/image-utils-0.8.14.tgz. Extracting by manifest.
1227 silly tarball no local data for @expo/fingerprint@https://registry.npmjs.org/@expo/fingerprint/-/fingerprint-0.16.7.tgz. Extracting by manifest.
1228 silly tarball no local data for @expo/env@https://registry.npmjs.org/@expo/env/-/env-2.1.2.tgz. Extracting by manifest.
1229 silly tarball no local data for @expo/dom-webview@https://registry.npmjs.org/@expo/dom-webview/-/dom-webview-55.0.6.tgz. Extracting by manifest.
1230 silly tarball no local data for @expo/devcert@https://registry.npmjs.org/@expo/devcert/-/devcert-1.2.1.tgz. Extracting by manifest.
1231 silly tarball no local data for @expo/devtools@https://registry.npmjs.org/@expo/devtools/-/devtools-55.0.3.tgz. Extracting by manifest.
1232 silly tarball no local data for @egjs/hammerjs@https://registry.npmjs.org/@egjs/hammerjs/-/hammerjs-2.0.17.tgz. Extracting by manifest.
1233 silly tarball no local data for @react-native/babel-preset@https://registry.npmjs.org/@react-native/babel-preset/-/babel-preset-0.85.2.tgz. Extracting by manifest.
1234 silly tarball no local data for @expo/config-plugins@https://registry.npmjs.org/@expo/config-plugins/-/config-plugins-55.0.9.tgz. Extracting by manifest.
1235 silly tarball no local data for @expo/config@https://registry.npmjs.org/@expo/config/-/config-55.0.17.tgz. Extracting by manifest.
1236 silly tarball no local data for @expo/code-signing-certificates@https://registry.npmjs.org/@expo/code-signing-certificates/-/code-signing-certificates-0.0.6.tgz. Extracting by manifest.
1237 silly tarball no local data for @babel/types@https://registry.npmjs.org/@babel/types/-/types-7.29.0.tgz. Extracting by manifest.
1238 silly tarball no local data for @expo/config-types@https://registry.npmjs.org/@expo/config-types/-/config-types-55.0.5.tgz. Extracting by manifest.
1239 silly tarball no local data for @babel/traverse@https://registry.npmjs.org/@babel/traverse/-/traverse-7.29.0.tgz. Extracting by manifest.
1240 silly tarball no local data for @babel/template@https://registry.npmjs.org/@babel/template/-/template-7.28.6.tgz. Extracting by manifest.
1241 silly tarball no local data for @babel/runtime@https://registry.npmjs.org/@babel/runtime/-/runtime-7.29.2.tgz. Extracting by manifest.
1242 silly tarball no local data for @babel/preset-typescript@https://registry.npmjs.org/@babel/preset-typescript/-/preset-typescript-7.28.5.tgz. Extracting by manifest.
1243 silly tarball no local data for @babel/plugin-transform-unicode-regex@https://registry.npmjs.org/@babel/plugin-transform-unicode-regex/-/plugin-transform-unicode-regex-7.27.1.tgz. Extracting by manifest.
1244 silly tarball no local data for @babel/preset-react@https://registry.npmjs.org/@babel/preset-react/-/preset-react-7.28.5.tgz. Extracting by manifest.
1245 silly tarball no local data for @babel/plugin-transform-typescript@https://registry.npmjs.org/@babel/plugin-transform-typescript/-/plugin-transform-typescript-7.28.6.tgz. Extracting by manifest.
1246 silly tarball no local data for @babel/plugin-transform-sticky-regex@https://registry.npmjs.org/@babel/plugin-transform-sticky-regex/-/plugin-transform-sticky-regex-7.27.1.tgz. Extracting by manifest.
1247 silly tarball no local data for @babel/plugin-transform-template-literals@https://registry.npmjs.org/@babel/plugin-transform-template-literals/-/plugin-transform-template-literals-7.27.1.tgz. Extracting by manifest.
1248 silly tarball no local data for @babel/plugin-transform-spread@https://registry.npmjs.org/@babel/plugin-transform-spread/-/plugin-transform-spread-7.28.6.tgz. Extracting by manifest.
1249 silly tarball no local data for @babel/plugin-transform-shorthand-properties@https://registry.npmjs.org/@babel/plugin-transform-shorthand-properties/-/plugin-transform-shorthand-properties-7.27.1.tgz. Extracting by manifest.
1250 silly tarball no local data for @babel/plugin-transform-regenerator@https://registry.npmjs.org/@babel/plugin-transform-regenerator/-/plugin-transform-regenerator-7.29.0.tgz. Extracting by manifest.
1251 silly tarball no local data for @babel/plugin-transform-react-pure-annotations@https://registry.npmjs.org/@babel/plugin-transform-react-pure-annotations/-/plugin-transform-react-pure-annotations-7.27.1.tgz. Extracting by manifest.
1252 silly tarball no local data for @babel/plugin-transform-react-jsx-source@https://registry.npmjs.org/@babel/plugin-transform-react-jsx-source/-/plugin-transform-react-jsx-source-7.27.1.tgz. Extracting by manifest.
1253 silly tarball no local data for @babel/plugin-transform-react-jsx-self@https://registry.npmjs.org/@babel/plugin-transform-react-jsx-self/-/plugin-transform-react-jsx-self-7.27.1.tgz. Extracting by manifest.
1254 silly tarball no local data for @babel/plugin-transform-react-jsx-development@https://registry.npmjs.org/@babel/plugin-transform-react-jsx-development/-/plugin-transform-react-jsx-development-7.27.1.tgz. Extracting by manifest.
1255 silly tarball no local data for @babel/plugin-transform-react-jsx@https://registry.npmjs.org/@babel/plugin-transform-react-jsx/-/plugin-transform-react-jsx-7.28.6.tgz. Extracting by manifest.
1256 silly tarball no local data for @babel/plugin-transform-react-display-name@https://registry.npmjs.org/@babel/plugin-transform-react-display-name/-/plugin-transform-react-display-name-7.28.0.tgz. Extracting by manifest.
1257 silly tarball no local data for @babel/plugin-transform-private-property-in-object@https://registry.npmjs.org/@babel/plugin-transform-private-property-in-object/-/plugin-transform-private-property-in-object-7.28.6.tgz. Extracting by manifest.
1258 silly tarball no local data for @babel/plugin-transform-private-methods@https://registry.npmjs.org/@babel/plugin-transform-private-methods/-/plugin-transform-private-methods-7.28.6.tgz. Extracting by manifest.
1259 silly tarball no local data for @babel/plugin-transform-parameters@https://registry.npmjs.org/@babel/plugin-transform-parameters/-/plugin-transform-parameters-7.27.7.tgz. Extracting by manifest.
1260 silly tarball no local data for @babel/plugin-transform-optional-chaining@https://registry.npmjs.org/@babel/plugin-transform-optional-chaining/-/plugin-transform-optional-chaining-7.28.6.tgz. Extracting by manifest.
1261 silly tarball no local data for @babel/plugin-transform-optional-catch-binding@https://registry.npmjs.org/@babel/plugin-transform-optional-catch-binding/-/plugin-transform-optional-catch-binding-7.28.6.tgz. Extracting by manifest.
1262 silly tarball no local data for @babel/plugin-transform-numeric-separator@https://registry.npmjs.org/@babel/plugin-transform-numeric-separator/-/plugin-transform-numeric-separator-7.28.6.tgz. Extracting by manifest.
1263 silly tarball no local data for @babel/plugin-transform-nullish-coalescing-operator@https://registry.npmjs.org/@babel/plugin-transform-nullish-coalescing-operator/-/plugin-transform-nullish-coalescing-operator-7.28.6.tgz. Extracting by manifest.
1264 silly tarball no local data for @react-native/assets-registry@https://registry.npmjs.org/@react-native/assets-registry/-/assets-registry-0.83.6.tgz. Extracting by manifest.
1265 silly tarball no local data for @babel/plugin-transform-modules-commonjs@https://registry.npmjs.org/@babel/plugin-transform-modules-commonjs/-/plugin-transform-modules-commonjs-7.28.6.tgz. Extracting by manifest.
1266 silly tarball no local data for @babel/plugin-transform-logical-assignment-operators@https://registry.npmjs.org/@babel/plugin-transform-logical-assignment-operators/-/plugin-transform-logical-assignment-operators-7.28.6.tgz. Extracting by manifest.
1267 silly tarball no local data for @babel/plugin-transform-named-capturing-groups-regex@https://registry.npmjs.org/@babel/plugin-transform-named-capturing-groups-regex/-/plugin-transform-named-capturing-groups-regex-7.29.0.tgz. Extracting by manifest.
1268 silly tarball no local data for @babel/plugin-transform-literals@https://registry.npmjs.org/@babel/plugin-transform-literals/-/plugin-transform-literals-7.27.1.tgz. Extracting by manifest.
1269 silly tarball no local data for @babel/plugin-transform-function-name@https://registry.npmjs.org/@babel/plugin-transform-function-name/-/plugin-transform-function-name-7.27.1.tgz. Extracting by manifest.
1270 silly tarball no local data for @babel/plugin-transform-for-of@https://registry.npmjs.org/@babel/plugin-transform-for-of/-/plugin-transform-for-of-7.27.1.tgz. Extracting by manifest.
1271 silly tarball no local data for @babel/plugin-transform-flow-strip-types@https://registry.npmjs.org/@babel/plugin-transform-flow-strip-types/-/plugin-transform-flow-strip-types-7.27.1.tgz. Extracting by manifest.
1272 silly tarball no local data for @babel/plugin-transform-export-namespace-from@https://registry.npmjs.org/@babel/plugin-transform-export-namespace-from/-/plugin-transform-export-namespace-from-7.27.1.tgz. Extracting by manifest.
1273 silly tarball no local data for @babel/plugin-transform-destructuring@https://registry.npmjs.org/@babel/plugin-transform-destructuring/-/plugin-transform-destructuring-7.28.5.tgz. Extracting by manifest.
1274 silly tarball no local data for @babel/plugin-transform-computed-properties@https://registry.npmjs.org/@babel/plugin-transform-computed-properties/-/plugin-transform-computed-properties-7.28.6.tgz. Extracting by manifest.
1275 silly tarball no local data for @babel/plugin-transform-classes@https://registry.npmjs.org/@babel/plugin-transform-classes/-/plugin-transform-classes-7.28.6.tgz. Extracting by manifest.
1276 silly tarball no local data for @babel/plugin-transform-class-properties@https://registry.npmjs.org/@babel/plugin-transform-class-properties/-/plugin-transform-class-properties-7.28.6.tgz. Extracting by manifest.
1277 silly tarball no local data for @babel/plugin-transform-block-scoping@https://registry.npmjs.org/@babel/plugin-transform-block-scoping/-/plugin-transform-block-scoping-7.28.6.tgz. Extracting by manifest.
1278 silly tarball no local data for @babel/plugin-transform-class-static-block@https://registry.npmjs.org/@babel/plugin-transform-class-static-block/-/plugin-transform-class-static-block-7.28.6.tgz. Extracting by manifest.
1279 silly tarball no local data for @babel/plugin-transform-async-to-generator@https://registry.npmjs.org/@babel/plugin-transform-async-to-generator/-/plugin-transform-async-to-generator-7.28.6.tgz. Extracting by manifest.
1280 silly tarball no local data for @babel/plugin-transform-async-generator-functions@https://registry.npmjs.org/@babel/plugin-transform-async-generator-functions/-/plugin-transform-async-generator-functions-7.29.0.tgz. Extracting by manifest.
1281 silly tarball no local data for @babel/plugin-transform-arrow-functions@https://registry.npmjs.org/@babel/plugin-transform-arrow-functions/-/plugin-transform-arrow-functions-7.27.1.tgz. Extracting by manifest.
1282 silly tarball no local data for @babel/plugin-syntax-typescript@https://registry.npmjs.org/@babel/plugin-syntax-typescript/-/plugin-syntax-typescript-7.28.6.tgz. Extracting by manifest.
1283 silly tarball no local data for @babel/plugin-syntax-top-level-await@https://registry.npmjs.org/@babel/plugin-syntax-top-level-await/-/plugin-syntax-top-level-await-7.14.5.tgz. Extracting by manifest.
1284 silly tarball no local data for @babel/plugin-transform-object-rest-spread@https://registry.npmjs.org/@babel/plugin-transform-object-rest-spread/-/plugin-transform-object-rest-spread-7.28.6.tgz. Extracting by manifest.
1285 silly tarball no local data for @babel/plugin-syntax-optional-chaining@https://registry.npmjs.org/@babel/plugin-syntax-optional-chaining/-/plugin-syntax-optional-chaining-7.8.3.tgz. Extracting by manifest.
1286 silly tarball no local data for @babel/plugin-syntax-private-property-in-object@https://registry.npmjs.org/@babel/plugin-syntax-private-property-in-object/-/plugin-syntax-private-property-in-object-7.14.5.tgz. Extracting by manifest.
1287 silly tarball no local data for @babel/plugin-syntax-numeric-separator@https://registry.npmjs.org/@babel/plugin-syntax-numeric-separator/-/plugin-syntax-numeric-separator-7.10.4.tgz. Extracting by manifest.
1288 silly tarball no local data for @babel/plugin-syntax-nullish-coalescing-operator@https://registry.npmjs.org/@babel/plugin-syntax-nullish-coalescing-operator/-/plugin-syntax-nullish-coalescing-operator-7.8.3.tgz. Extracting by manifest.
1289 silly tarball no local data for @babel/plugin-syntax-optional-catch-binding@https://registry.npmjs.org/@babel/plugin-syntax-optional-catch-binding/-/plugin-syntax-optional-catch-binding-7.8.3.tgz. Extracting by manifest.
1290 silly tarball no local data for @babel/plugin-syntax-logical-assignment-operators@https://registry.npmjs.org/@babel/plugin-syntax-logical-assignment-operators/-/plugin-syntax-logical-assignment-operators-7.10.4.tgz. Extracting by manifest.
1291 silly tarball no local data for @babel/plugin-syntax-object-rest-spread@https://registry.npmjs.org/@babel/plugin-syntax-object-rest-spread/-/plugin-syntax-object-rest-spread-7.8.3.tgz. Extracting by manifest.
1292 silly tarball no local data for @babel/plugin-syntax-jsx@https://registry.npmjs.org/@babel/plugin-syntax-jsx/-/plugin-syntax-jsx-7.28.6.tgz. Extracting by manifest.
1293 silly tarball no local data for @babel/plugin-syntax-json-strings@https://registry.npmjs.org/@babel/plugin-syntax-json-strings/-/plugin-syntax-json-strings-7.8.3.tgz. Extracting by manifest.
1294 silly tarball no local data for @babel/plugin-syntax-import-meta@https://registry.npmjs.org/@babel/plugin-syntax-import-meta/-/plugin-syntax-import-meta-7.10.4.tgz. Extracting by manifest.
1295 silly tarball no local data for @babel/plugin-syntax-import-attributes@https://registry.npmjs.org/@babel/plugin-syntax-import-attributes/-/plugin-syntax-import-attributes-7.28.6.tgz. Extracting by manifest.
1296 silly tarball no local data for @babel/plugin-syntax-flow@https://registry.npmjs.org/@babel/plugin-syntax-flow/-/plugin-syntax-flow-7.28.6.tgz. Extracting by manifest.
1297 silly tarball no local data for @babel/plugin-syntax-export-default-from@https://registry.npmjs.org/@babel/plugin-syntax-export-default-from/-/plugin-syntax-export-default-from-7.28.6.tgz. Extracting by manifest.
1298 silly tarball no local data for @babel/plugin-syntax-dynamic-import@https://registry.npmjs.org/@babel/plugin-syntax-dynamic-import/-/plugin-syntax-dynamic-import-7.8.3.tgz. Extracting by manifest.
1299 silly tarball no local data for @babel/plugin-syntax-decorators@https://registry.npmjs.org/@babel/plugin-syntax-decorators/-/plugin-syntax-decorators-7.28.6.tgz. Extracting by manifest.
1300 silly tarball no local data for @babel/plugin-syntax-class-static-block@https://registry.npmjs.org/@babel/plugin-syntax-class-static-block/-/plugin-syntax-class-static-block-7.14.5.tgz. Extracting by manifest.
1301 silly tarball no local data for @babel/plugin-syntax-class-properties@https://registry.npmjs.org/@babel/plugin-syntax-class-properties/-/plugin-syntax-class-properties-7.12.13.tgz. Extracting by manifest.
1302 silly tarball no local data for @babel/plugin-syntax-bigint@https://registry.npmjs.org/@babel/plugin-syntax-bigint/-/plugin-syntax-bigint-7.8.3.tgz. Extracting by manifest.
1303 silly tarball no local data for @babel/plugin-syntax-async-generators@https://registry.npmjs.org/@babel/plugin-syntax-async-generators/-/plugin-syntax-async-generators-7.8.4.tgz. Extracting by manifest.
1304 silly tarball no local data for @babel/plugin-proposal-export-default-from@https://registry.npmjs.org/@babel/plugin-proposal-export-default-from/-/plugin-proposal-export-default-from-7.27.1.tgz. Extracting by manifest.
1305 silly tarball no local data for @babel/plugin-proposal-decorators@https://registry.npmjs.org/@babel/plugin-proposal-decorators/-/plugin-proposal-decorators-7.29.0.tgz. Extracting by manifest.
1306 silly tarball no local data for @babel/parser@https://registry.npmjs.org/@babel/parser/-/parser-7.29.2.tgz. Extracting by manifest.
1307 silly tarball no local data for @babel/helper-validator-option@https://registry.npmjs.org/@babel/helper-validator-option/-/helper-validator-option-7.27.1.tgz. Extracting by manifest.
1308 silly tarball no local data for @babel/helpers@https://registry.npmjs.org/@babel/helpers/-/helpers-7.29.2.tgz. Extracting by manifest.
1309 silly tarball no local data for @babel/helper-skip-transparent-expression-wrappers@https://registry.npmjs.org/@babel/helper-skip-transparent-expression-wrappers/-/helper-skip-transparent-expression-wrappers-7.27.1.tgz. Extracting by manifest.
1310 silly tarball no local data for @babel/helper-wrap-function@https://registry.npmjs.org/@babel/helper-wrap-function/-/helper-wrap-function-7.28.6.tgz. Extracting by manifest.
1311 silly tarball no local data for @babel/helper-string-parser@https://registry.npmjs.org/@babel/helper-string-parser/-/helper-string-parser-7.27.1.tgz. Extracting by manifest.
1312 silly tarball no local data for @babel/helper-validator-identifier@https://registry.npmjs.org/@babel/helper-validator-identifier/-/helper-validator-identifier-7.28.5.tgz. Extracting by manifest.
1313 silly tarball no local data for @babel/plugin-transform-runtime@https://registry.npmjs.org/@babel/plugin-transform-runtime/-/plugin-transform-runtime-7.29.0.tgz. Extracting by manifest.
1314 silly tarball no local data for @babel/helper-replace-supers@https://registry.npmjs.org/@babel/helper-replace-supers/-/helper-replace-supers-7.28.6.tgz. Extracting by manifest.
1315 silly tarball no local data for @babel/helper-plugin-utils@https://registry.npmjs.org/@babel/helper-plugin-utils/-/helper-plugin-utils-7.28.6.tgz. Extracting by manifest.
1316 silly tarball no local data for @babel/helper-remap-async-to-generator@https://registry.npmjs.org/@babel/helper-remap-async-to-generator/-/helper-remap-async-to-generator-7.27.1.tgz. Extracting by manifest.
1317 silly tarball no local data for @babel/helper-optimise-call-expression@https://registry.npmjs.org/@babel/helper-optimise-call-expression/-/helper-optimise-call-expression-7.27.1.tgz. Extracting by manifest.
1318 silly tarball no local data for @babel/helper-module-transforms@https://registry.npmjs.org/@babel/helper-module-transforms/-/helper-module-transforms-7.28.6.tgz. Extracting by manifest.
1319 silly tarball no local data for @babel/helper-module-imports@https://registry.npmjs.org/@babel/helper-module-imports/-/helper-module-imports-7.28.6.tgz. Extracting by manifest.
1320 silly tarball no local data for @babel/helper-member-expression-to-functions@https://registry.npmjs.org/@babel/helper-member-expression-to-functions/-/helper-member-expression-to-functions-7.28.5.tgz. Extracting by manifest.
1321 silly tarball no local data for @babel/helper-globals@https://registry.npmjs.org/@babel/helper-globals/-/helper-globals-7.28.0.tgz. Extracting by manifest.
1322 silly tarball no local data for @babel/helper-define-polyfill-provider@https://registry.npmjs.org/@babel/helper-define-polyfill-provider/-/helper-define-polyfill-provider-0.6.8.tgz. Extracting by manifest.
1323 silly tarball no local data for @babel/helper-create-regexp-features-plugin@https://registry.npmjs.org/@babel/helper-create-regexp-features-plugin/-/helper-create-regexp-features-plugin-7.28.5.tgz. Extracting by manifest.
1324 silly tarball no local data for @babel/helper-create-class-features-plugin@https://registry.npmjs.org/@babel/helper-create-class-features-plugin/-/helper-create-class-features-plugin-7.28.6.tgz. Extracting by manifest.
1325 silly tarball no local data for @babel/helper-compilation-targets@https://registry.npmjs.org/@babel/helper-compilation-targets/-/helper-compilation-targets-7.28.6.tgz. Extracting by manifest.
1326 silly tarball no local data for @babel/helper-annotate-as-pure@https://registry.npmjs.org/@babel/helper-annotate-as-pure/-/helper-annotate-as-pure-7.27.3.tgz. Extracting by manifest.
1327 silly tarball no local data for @babel/generator@https://registry.npmjs.org/@babel/generator/-/generator-7.29.1.tgz. Extracting by manifest.
1328 silly tarball no local data for @babel/core@https://registry.npmjs.org/@babel/core/-/core-7.29.0.tgz. Extracting by manifest.
1329 silly tarball no local data for @babel/code-frame@https://registry.npmjs.org/@babel/code-frame/-/code-frame-7.29.0.tgz. Extracting by manifest.
1330 silly tarball no local data for yargs-parser@https://registry.npmjs.org/yargs-parser/-/yargs-parser-18.1.3.tgz. Extracting by manifest.
1331 silly tarball no local data for @babel/compat-data@https://registry.npmjs.org/@babel/compat-data/-/compat-data-7.29.0.tgz. Extracting by manifest.
1332 silly tarball no local data for yargs@https://registry.npmjs.org/yargs/-/yargs-15.4.1.tgz. Extracting by manifest.
1333 silly tarball no local data for y18n@https://registry.npmjs.org/y18n/-/y18n-4.0.3.tgz. Extracting by manifest.
1334 silly tarball no local data for wrap-ansi@https://registry.npmjs.org/wrap-ansi/-/wrap-ansi-6.2.0.tgz. Extracting by manifest.
1335 silly tarball no local data for pngjs@https://registry.npmjs.org/pngjs/-/pngjs-5.0.0.tgz. Extracting by manifest.
1336 silly tarball no local data for cliui@https://registry.npmjs.org/cliui/-/cliui-6.0.0.tgz. Extracting by manifest.
1337 silly tarball no local data for camelcase@https://registry.npmjs.org/camelcase/-/camelcase-5.3.1.tgz. Extracting by manifest.
1338 silly tarball no local data for type-fest@https://registry.npmjs.org/type-fest/-/type-fest-5.6.0.tgz. Extracting by manifest.
1339 silly tarball no local data for xmlbuilder@https://registry.npmjs.org/xmlbuilder/-/xmlbuilder-11.0.1.tgz. Extracting by manifest.
1340 silly tarball no local data for fdir@https://registry.npmjs.org/fdir/-/fdir-6.5.0.tgz. Extracting by manifest.
1341 silly tarball no local data for picomatch@https://registry.npmjs.org/picomatch/-/picomatch-4.0.4.tgz. Extracting by manifest.
1342 silly tarball no local data for commander@https://registry.npmjs.org/commander/-/commander-2.20.3.tgz. Extracting by manifest.
1343 silly tarball no local data for minimatch@https://registry.npmjs.org/minimatch/-/minimatch-3.1.5.tgz. Extracting by manifest.
1344 silly tarball no local data for glob@https://registry.npmjs.org/glob/-/glob-7.2.3.tgz. Extracting by manifest.
1345 silly tarball no local data for brace-expansion@https://registry.npmjs.org/brace-expansion/-/brace-expansion-1.1.14.tgz. Extracting by manifest.
1346 silly tarball no local data for escape-string-regexp@https://registry.npmjs.org/escape-string-regexp/-/escape-string-regexp-2.0.0.tgz. Extracting by manifest.
1347 silly tarball no local data for statuses@https://registry.npmjs.org/statuses/-/statuses-2.0.2.tgz. Extracting by manifest.
1348 silly tarball no local data for source-map@https://registry.npmjs.org/source-map/-/source-map-0.6.1.tgz. Extracting by manifest.
1349 silly tarball no local data for encodeurl@https://registry.npmjs.org/encodeurl/-/encodeurl-2.0.0.tgz. Extracting by manifest.
1350 silly tarball no local data for encodeurl@https://registry.npmjs.org/encodeurl/-/encodeurl-2.0.0.tgz. Extracting by manifest.
1351 silly tarball no local data for debug@https://registry.npmjs.org/debug/-/debug-2.6.9.tgz. Extracting by manifest.
1352 silly tarball no local data for ms@https://registry.npmjs.org/ms/-/ms-2.0.0.tgz. Extracting by manifest.
1353 silly tarball no local data for semver@https://registry.npmjs.org/semver/-/semver-7.7.4.tgz. Extracting by manifest.
1354 silly tarball no local data for on-finished@https://registry.npmjs.org/on-finished/-/on-finished-2.4.1.tgz. Extracting by manifest.
1355 silly tarball no local data for brace-expansion@https://registry.npmjs.org/brace-expansion/-/brace-expansion-1.1.14.tgz. Extracting by manifest.
1356 silly tarball no local data for minimatch@https://registry.npmjs.org/minimatch/-/minimatch-3.1.5.tgz. Extracting by manifest.
1357 silly tarball no local data for memoize-one@https://registry.npmjs.org/memoize-one/-/memoize-one-6.0.0.tgz. Extracting by manifest.
1358 silly tarball no local data for @react-native/normalize-colors@https://registry.npmjs.org/@react-native/normalize-colors/-/normalize-colors-0.74.89.tgz. Extracting by manifest.
1359 silly tarball no local data for semver@https://registry.npmjs.org/semver/-/semver-7.7.3.tgz. Extracting by manifest.
1360 silly tarball no local data for react-refresh@https://registry.npmjs.org/react-refresh/-/react-refresh-0.14.2.tgz. Extracting by manifest.
1361 silly tarball no local data for react-native-is-edge-to-edge@https://registry.npmjs.org/react-native-is-edge-to-edge/-/react-native-is-edge-to-edge-1.2.1.tgz. Extracting by manifest.
1362 silly tarball no local data for glob@https://registry.npmjs.org/glob/-/glob-7.2.3.tgz. Extracting by manifest.
1363 silly tarball no local data for semver@https://registry.npmjs.org/semver/-/semver-7.7.4.tgz. Extracting by manifest.
1364 silly tarball no local data for metro-runtime@https://registry.npmjs.org/metro-runtime/-/metro-runtime-0.83.6.tgz. Extracting by manifest.
1365 silly tarball no local data for minimatch@https://registry.npmjs.org/minimatch/-/minimatch-3.1.5.tgz. Extracting by manifest.
1366 silly tarball no local data for glob@https://registry.npmjs.org/glob/-/glob-7.2.3.tgz. Extracting by manifest.
1367 silly tarball no local data for hermes-parser@https://registry.npmjs.org/hermes-parser/-/hermes-parser-0.32.0.tgz. Extracting by manifest.
1368 silly tarball no local data for hermes-estree@https://registry.npmjs.org/hermes-estree/-/hermes-estree-0.32.0.tgz. Extracting by manifest.
1369 silly tarball no local data for commander@https://registry.npmjs.org/commander/-/commander-12.1.0.tgz. Extracting by manifest.
1370 silly tarball no local data for brace-expansion@https://registry.npmjs.org/brace-expansion/-/brace-expansion-1.1.14.tgz. Extracting by manifest.
1371 silly tarball no local data for babel-plugin-syntax-hermes-parser@https://registry.npmjs.org/babel-plugin-syntax-hermes-parser/-/babel-plugin-syntax-hermes-parser-0.32.0.tgz. Extracting by manifest.
1372 silly tarball no local data for @react-native/virtualized-lists@https://registry.npmjs.org/@react-native/virtualized-lists/-/virtualized-lists-0.83.6.tgz. Extracting by manifest.
1373 silly tarball no local data for @react-native/js-polyfills@https://registry.npmjs.org/@react-native/js-polyfills/-/js-polyfills-0.83.6.tgz. Extracting by manifest.
1374 silly tarball no local data for react-is@https://registry.npmjs.org/react-is/-/react-is-16.13.1.tgz. Extracting by manifest.
1375 silly tarball no local data for @react-native/codegen@https://registry.npmjs.org/@react-native/codegen/-/codegen-0.83.6.tgz. Extracting by manifest.
1376 silly tarball no local data for react-is@https://registry.npmjs.org/react-is/-/react-is-18.3.1.tgz. Extracting by manifest.
1377 silly tarball no local data for ansi-styles@https://registry.npmjs.org/ansi-styles/-/ansi-styles-5.2.0.tgz. Extracting by manifest.
1378 silly tarball no local data for p-limit@https://registry.npmjs.org/p-limit/-/p-limit-2.3.0.tgz. Extracting by manifest.
1379 silly tarball no local data for lru-cache@https://registry.npmjs.org/lru-cache/-/lru-cache-11.3.5.tgz. Extracting by manifest.
1380 silly tarball no local data for supports-color@https://registry.npmjs.org/supports-color/-/supports-color-5.5.0.tgz. Extracting by manifest.
1381 silly tarball no local data for strip-ansi@https://registry.npmjs.org/strip-ansi/-/strip-ansi-5.2.0.tgz. Extracting by manifest.
1382 silly tarball no local data for has-flag@https://registry.npmjs.org/has-flag/-/has-flag-3.0.0.tgz. Extracting by manifest.
1383 silly tarball no local data for color-convert@https://registry.npmjs.org/color-convert/-/color-convert-1.9.3.tgz. Extracting by manifest.
1384 silly tarball no local data for ansi-styles@https://registry.npmjs.org/ansi-styles/-/ansi-styles-3.2.1.tgz. Extracting by manifest.
1385 silly tarball no local data for ansi-regex@https://registry.npmjs.org/ansi-regex/-/ansi-regex-4.1.1.tgz. Extracting by manifest.
1386 silly tarball no local data for escape-string-regexp@https://registry.npmjs.org/escape-string-regexp/-/escape-string-regexp-1.0.5.tgz. Extracting by manifest.
1387 silly tarball no local data for color-name@https://registry.npmjs.org/color-name/-/color-name-1.1.3.tgz. Extracting by manifest.
1388 silly tarball no local data for chalk@https://registry.npmjs.org/chalk/-/chalk-2.4.2.tgz. Extracting by manifest.
1389 silly tarball no local data for ob1@https://registry.npmjs.org/ob1/-/ob1-0.84.3.tgz. Extracting by manifest.
1390 silly tarball no local data for metro-transform-plugins@https://registry.npmjs.org/metro-transform-plugins/-/metro-transform-plugins-0.84.3.tgz. Extracting by manifest.
1391 silly tarball no local data for metro-symbolicate@https://registry.npmjs.org/metro-symbolicate/-/metro-symbolicate-0.84.3.tgz. Extracting by manifest.
1392 silly tarball no local data for semver@https://registry.npmjs.org/semver/-/semver-7.8.0.tgz. Extracting by manifest.
1393 silly tarball no local data for metro-transform-worker@https://registry.npmjs.org/metro-transform-worker/-/metro-transform-worker-0.84.3.tgz. Extracting by manifest.
1394 silly tarball no local data for metro-resolver@https://registry.npmjs.org/metro-resolver/-/metro-resolver-0.84.3.tgz. Extracting by manifest.
1395 silly tarball no local data for metro-source-map@https://registry.npmjs.org/metro-source-map/-/metro-source-map-0.84.3.tgz. Extracting by manifest.
1396 silly tarball no local data for metro-file-map@https://registry.npmjs.org/metro-file-map/-/metro-file-map-0.84.3.tgz. Extracting by manifest.
1397 silly tarball no local data for metro-core@https://registry.npmjs.org/metro-core/-/metro-core-0.84.3.tgz. Extracting by manifest.
1398 silly tarball no local data for metro-minify-terser@https://registry.npmjs.org/metro-minify-terser/-/metro-minify-terser-0.84.3.tgz. Extracting by manifest.
1399 silly tarball no local data for metro-cache-key@https://registry.npmjs.org/metro-cache-key/-/metro-cache-key-0.84.3.tgz. Extracting by manifest.
1400 silly tarball no local data for metro-babel-transformer@https://registry.npmjs.org/metro-babel-transformer/-/metro-babel-transformer-0.84.3.tgz. Extracting by manifest.
1401 silly tarball no local data for hermes-parser@https://registry.npmjs.org/hermes-parser/-/hermes-parser-0.35.0.tgz. Extracting by manifest.
1402 silly tarball no local data for metro-cache@https://registry.npmjs.org/metro-cache/-/metro-cache-0.84.3.tgz. Extracting by manifest.
1403 silly tarball no local data for metro@https://registry.npmjs.org/metro/-/metro-0.84.3.tgz. Extracting by manifest.
1404 silly tarball no local data for hermes-parser@https://registry.npmjs.org/hermes-parser/-/hermes-parser-0.35.0.tgz. Extracting by manifest.
1405 silly tarball no local data for hermes-estree@https://registry.npmjs.org/hermes-estree/-/hermes-estree-0.35.0.tgz. Extracting by manifest.
1406 silly tarball no local data for metro-runtime@https://registry.npmjs.org/metro-runtime/-/metro-runtime-0.83.6.tgz. Extracting by manifest.
1407 silly tarball no local data for metro-config@https://registry.npmjs.org/metro-config/-/metro-config-0.83.6.tgz. Extracting by manifest.
1408 silly tarball no local data for hermes-estree@https://registry.npmjs.org/hermes-estree/-/hermes-estree-0.35.0.tgz. Extracting by manifest.
1409 silly tarball no local data for hermes-estree@https://registry.npmjs.org/hermes-estree/-/hermes-estree-0.35.0.tgz. Extracting by manifest.
1410 silly tarball no local data for hermes-parser@https://registry.npmjs.org/hermes-parser/-/hermes-parser-0.35.0.tgz. Extracting by manifest.
1411 silly tarball no local data for supports-color@https://registry.npmjs.org/supports-color/-/supports-color-5.5.0.tgz. Extracting by manifest.
1412 silly tarball no local data for escape-string-regexp@https://registry.npmjs.org/escape-string-regexp/-/escape-string-regexp-1.0.5.tgz. Extracting by manifest.
1413 silly tarball no local data for color-name@https://registry.npmjs.org/color-name/-/color-name-1.1.3.tgz. Extracting by manifest.
1414 silly tarball no local data for color-convert@https://registry.npmjs.org/color-convert/-/color-convert-1.9.3.tgz. Extracting by manifest.
1415 silly tarball no local data for ansi-styles@https://registry.npmjs.org/ansi-styles/-/ansi-styles-3.2.1.tgz. Extracting by manifest.
1416 silly tarball no local data for ms@https://registry.npmjs.org/ms/-/ms-2.0.0.tgz. Extracting by manifest.
1417 silly tarball no local data for supports-color@https://registry.npmjs.org/supports-color/-/supports-color-8.1.1.tgz. Extracting by manifest.
1418 silly tarball no local data for debug@https://registry.npmjs.org/debug/-/debug-2.6.9.tgz. Extracting by manifest.
1419 silly tarball no local data for ci-info@https://registry.npmjs.org/ci-info/-/ci-info-3.9.0.tgz. Extracting by manifest.
1420 silly tarball no local data for statuses@https://registry.npmjs.org/statuses/-/statuses-2.0.2.tgz. Extracting by manifest.
1421 silly tarball no local data for has-flag@https://registry.npmjs.org/has-flag/-/has-flag-3.0.0.tgz. Extracting by manifest.
1422 silly tarball no local data for react-is@https://registry.npmjs.org/react-is/-/react-is-16.13.1.tgz. Extracting by manifest.
1423 silly tarball no local data for lru-cache@https://registry.npmjs.org/lru-cache/-/lru-cache-10.4.3.tgz. Extracting by manifest.
1424 silly tarball no local data for ms@https://registry.npmjs.org/ms/-/ms-2.0.0.tgz. Extracting by manifest.
1425 silly tarball no local data for promise@https://registry.npmjs.org/promise/-/promise-7.3.1.tgz. Extracting by manifest.
1426 silly tarball no local data for ws@https://registry.npmjs.org/ws/-/ws-8.20.1.tgz. Extracting by manifest.
1427 silly tarball no local data for debug@https://registry.npmjs.org/debug/-/debug-2.6.9.tgz. Extracting by manifest.
1428 silly tarball no local data for picomatch@https://registry.npmjs.org/picomatch/-/picomatch-4.0.4.tgz. Extracting by manifest.
1429 silly tarball no local data for react-refresh@https://registry.npmjs.org/react-refresh/-/react-refresh-0.14.2.tgz. Extracting by manifest.
1430 silly tarball no local data for semver@https://registry.npmjs.org/semver/-/semver-7.8.0.tgz. Extracting by manifest.
1431 silly tarball no local data for mime-types@https://registry.npmjs.org/mime-types/-/mime-types-2.1.35.tgz. Extracting by manifest.
1432 silly tarball no local data for negotiator@https://registry.npmjs.org/negotiator/-/negotiator-0.6.3.tgz. Extracting by manifest.
1433 silly tarball no local data for mime-db@https://registry.npmjs.org/mime-db/-/mime-db-1.52.0.tgz. Extracting by manifest.
1434 silly tarball no local data for @expo/cli@https://registry.npmjs.org/@expo/cli/-/cli-55.0.30.tgz. Extracting by manifest.
1435 silly tarball no local data for ci-info@https://registry.npmjs.org/ci-info/-/ci-info-3.9.0.tgz. Extracting by manifest.
1436 silly tarball no local data for accepts@https://registry.npmjs.org/accepts/-/accepts-1.3.8.tgz. Extracting by manifest.
1437 silly tarball no local data for @expo/router-server@https://registry.npmjs.org/@expo/router-server/-/router-server-55.0.16.tgz. Extracting by manifest.
1438 silly tarball no local data for source-map@https://registry.npmjs.org/source-map/-/source-map-0.6.1.tgz. Extracting by manifest.
1439 silly tarball no local data for debug@https://registry.npmjs.org/debug/-/debug-2.6.9.tgz. Extracting by manifest.
1440 silly tarball no local data for negotiator@https://registry.npmjs.org/negotiator/-/negotiator-0.6.4.tgz. Extracting by manifest.
1441 silly tarball no local data for ms@https://registry.npmjs.org/ms/-/ms-2.0.0.tgz. Extracting by manifest.
1442 silly tarball no local data for ms@https://registry.npmjs.org/ms/-/ms-2.0.0.tgz. Extracting by manifest.
1443 silly tarball no local data for balanced-match@https://registry.npmjs.org/balanced-match/-/balanced-match-4.0.4.tgz. Extracting by manifest.
1444 silly tarball no local data for open@https://registry.npmjs.org/open/-/open-8.4.2.tgz. Extracting by manifest.
1445 silly tarball no local data for minimatch@https://registry.npmjs.org/minimatch/-/minimatch-3.1.5.tgz. Extracting by manifest.
1446 silly tarball no local data for hermes-parser@https://registry.npmjs.org/hermes-parser/-/hermes-parser-0.32.0.tgz. Extracting by manifest.
1447 silly tarball no local data for glob@https://registry.npmjs.org/glob/-/glob-7.2.3.tgz. Extracting by manifest.
1448 silly tarball no local data for chalk@https://registry.npmjs.org/chalk/-/chalk-2.4.2.tgz. Extracting by manifest.
1449 silly tarball no local data for brace-expansion@https://registry.npmjs.org/brace-expansion/-/brace-expansion-1.1.14.tgz. Extracting by manifest.
1450 silly tarball no local data for hermes-parser@https://registry.npmjs.org/hermes-parser/-/hermes-parser-0.32.1.tgz. Extracting by manifest.
1451 silly tarball no local data for hermes-estree@https://registry.npmjs.org/hermes-estree/-/hermes-estree-0.32.0.tgz. Extracting by manifest.
1452 silly tarball no local data for babel-plugin-syntax-hermes-parser@https://registry.npmjs.org/babel-plugin-syntax-hermes-parser/-/babel-plugin-syntax-hermes-parser-0.32.1.tgz. Extracting by manifest.
1453 silly tarball no local data for @react-native/codegen@https://registry.npmjs.org/@react-native/codegen/-/codegen-0.83.6.tgz. Extracting by manifest.
1454 silly tarball no local data for hermes-estree@https://registry.npmjs.org/hermes-estree/-/hermes-estree-0.32.1.tgz. Extracting by manifest.
1455 silly tarball no local data for @react-native/babel-preset@https://registry.npmjs.org/@react-native/babel-preset/-/babel-preset-0.83.6.tgz. Extracting by manifest.
1456 silly tarball no local data for @react-native/babel-plugin-codegen@https://registry.npmjs.org/@react-native/babel-plugin-codegen/-/babel-plugin-codegen-0.83.6.tgz. Extracting by manifest.
1457 silly tarball no local data for debug@https://registry.npmjs.org/debug/-/debug-2.6.9.tgz. Extracting by manifest.
1458 silly tarball no local data for babel-plugin-syntax-hermes-parser@https://registry.npmjs.org/babel-plugin-syntax-hermes-parser/-/babel-plugin-syntax-hermes-parser-0.32.0.tgz. Extracting by manifest.
1459 silly tarball no local data for type-fest@https://registry.npmjs.org/type-fest/-/type-fest-0.21.3.tgz. Extracting by manifest.
1460 silly tarball no local data for react-refresh@https://registry.npmjs.org/react-refresh/-/react-refresh-0.14.2.tgz. Extracting by manifest.
1461 silly tarball no local data for metro-config@https://registry.npmjs.org/metro-config/-/metro-config-0.83.6.tgz. Extracting by manifest.
1462 silly tarball no local data for semver@https://registry.npmjs.org/semver/-/semver-7.7.4.tgz. Extracting by manifest.
1463 silly tarball no local data for react-refresh@https://registry.npmjs.org/react-refresh/-/react-refresh-0.14.2.tgz. Extracting by manifest.
1464 silly tarball no local data for camelcase@https://registry.npmjs.org/camelcase/-/camelcase-5.3.1.tgz. Extracting by manifest.
1465 silly tarball no local data for js-yaml@https://registry.npmjs.org/js-yaml/-/js-yaml-4.1.1.tgz. Extracting by manifest.
1466 silly tarball no local data for argparse@https://registry.npmjs.org/argparse/-/argparse-2.0.1.tgz. Extracting by manifest.
1467 silly tarball no local data for semver@https://registry.npmjs.org/semver/-/semver-7.8.0.tgz. Extracting by manifest.
1468 silly tarball no local data for picomatch@https://registry.npmjs.org/picomatch/-/picomatch-4.0.4.tgz. Extracting by manifest.
1469 silly tarball no local data for metro-runtime@https://registry.npmjs.org/metro-runtime/-/metro-runtime-0.83.6.tgz. Extracting by manifest.
1470 silly tarball no local data for ob1@https://registry.npmjs.org/ob1/-/ob1-0.83.7.tgz. Extracting by manifest.
1471 silly tarball no local data for metro-symbolicate@https://registry.npmjs.org/metro-symbolicate/-/metro-symbolicate-0.83.7.tgz. Extracting by manifest.
1472 silly tarball no local data for metro-transform-worker@https://registry.npmjs.org/metro-transform-worker/-/metro-transform-worker-0.83.7.tgz. Extracting by manifest.
1473 silly tarball no local data for hermes-estree@https://registry.npmjs.org/hermes-estree/-/hermes-estree-0.32.1.tgz. Extracting by manifest.
1474 silly tarball no local data for metro-transform-plugins@https://registry.npmjs.org/metro-transform-plugins/-/metro-transform-plugins-0.83.7.tgz. Extracting by manifest.
1475 silly tarball no local data for metro-source-map@https://registry.npmjs.org/metro-source-map/-/metro-source-map-0.83.7.tgz. Extracting by manifest.
1476 silly tarball no local data for hermes-parser@https://registry.npmjs.org/hermes-parser/-/hermes-parser-0.32.1.tgz. Extracting by manifest.
1477 silly tarball no local data for metro-runtime@https://registry.npmjs.org/metro-runtime/-/metro-runtime-0.83.7.tgz. Extracting by manifest.
1478 silly tarball no local data for metro-resolver@https://registry.npmjs.org/metro-resolver/-/metro-resolver-0.83.7.tgz. Extracting by manifest.
1479 silly tarball no local data for metro-minify-terser@https://registry.npmjs.org/metro-minify-terser/-/metro-minify-terser-0.83.7.tgz. Extracting by manifest.
1480 silly tarball no local data for metro-file-map@https://registry.npmjs.org/metro-file-map/-/metro-file-map-0.83.7.tgz. Extracting by manifest.
1481 silly tarball no local data for metro-core@https://registry.npmjs.org/metro-core/-/metro-core-0.83.7.tgz. Extracting by manifest.
1482 silly tarball no local data for metro-config@https://registry.npmjs.org/metro-config/-/metro-config-0.83.7.tgz. Extracting by manifest.
1483 silly tarball no local data for metro-cache-key@https://registry.npmjs.org/metro-cache-key/-/metro-cache-key-0.83.7.tgz. Extracting by manifest.
1484 silly tarball no local data for metro-babel-transformer@https://registry.npmjs.org/metro-babel-transformer/-/metro-babel-transformer-0.83.7.tgz. Extracting by manifest.
1485 silly tarball no local data for metro@https://registry.npmjs.org/metro/-/metro-0.83.7.tgz. Extracting by manifest.
1486 silly tarball no local data for hermes-parser@https://registry.npmjs.org/hermes-parser/-/hermes-parser-0.35.0.tgz. Extracting by manifest.
1487 silly tarball no local data for semver@https://registry.npmjs.org/semver/-/semver-7.8.0.tgz. Extracting by manifest.
1488 silly tarball no local data for hermes-estree@https://registry.npmjs.org/hermes-estree/-/hermes-estree-0.35.0.tgz. Extracting by manifest.
1489 silly tarball no local data for semver@https://registry.npmjs.org/semver/-/semver-7.8.0.tgz. Extracting by manifest.
1490 silly tarball no local data for debug@https://registry.npmjs.org/debug/-/debug-3.2.7.tgz. Extracting by manifest.
1491 silly tarball no local data for metro-cache@https://registry.npmjs.org/metro-cache/-/metro-cache-0.83.7.tgz. Extracting by manifest.
1492 silly tarball no local data for semver@https://registry.npmjs.org/semver/-/semver-7.7.4.tgz. Extracting by manifest.
1493 silly tarball no local data for semver@https://registry.npmjs.org/semver/-/semver-7.8.0.tgz. Extracting by manifest.
1494 http fetch GET 200 https://registry.npmjs.org/which-module/-/which-module-2.0.1.tgz 3007ms (cache miss)
1495 http fetch GET 200 https://registry.npmjs.org/which/-/which-2.0.2.tgz 3302ms (cache miss)
1496 http fetch GET 200 https://registry.npmjs.org/whatwg-url-minimum/-/whatwg-url-minimum-0.1.2.tgz 3675ms (cache miss)
1497 http fetch GET 200 https://registry.npmjs.org/yargs-parser/-/yargs-parser-21.1.1.tgz 3730ms (cache miss)
1498 http fetch GET 200 https://registry.npmjs.org/yallist/-/yallist-3.1.1.tgz 3785ms (cache miss)
1499 http fetch GET 200 https://registry.npmjs.org/whatwg-url/-/whatwg-url-5.0.0.tgz 3899ms (cache miss)
1500 http fetch GET 200 https://registry.npmjs.org/wrappy/-/wrappy-1.0.2.tgz 4008ms (cache miss)
1501 http fetch GET 200 https://registry.npmjs.org/qrcode/-/qrcode-1.5.4.tgz 4055ms (cache miss)
1502 http fetch GET 200 https://registry.npmjs.org/ws/-/ws-7.5.10.tgz 4287ms (cache miss)
1503 http fetch GET 200 https://registry.npmjs.org/y18n/-/y18n-5.0.8.tgz 4506ms (cache miss)
1504 http fetch GET 200 https://registry.npmjs.org/yargs/-/yargs-17.7.2.tgz 4595ms (cache miss)
1505 http fetch GET 200 https://registry.npmjs.org/validate-npm-package-name/-/validate-npm-package-name-5.0.1.tgz 4643ms (cache miss)
1506 http fetch GET 200 https://registry.npmjs.org/xml2js/-/xml2js-0.6.0.tgz 4916ms (cache miss)
1507 http fetch GET 200 https://registry.npmjs.org/xmlbuilder/-/xmlbuilder-15.1.1.tgz 4940ms (cache miss)
1508 http fetch GET 200 https://registry.npmjs.org/whatwg-fetch/-/whatwg-fetch-3.6.20.tgz 4960ms (cache miss)
1509 http fetch GET 200 https://registry.npmjs.org/xcode/-/xcode-3.0.1.tgz 4991ms (cache miss)
1510 http fetch GET 200 https://registry.npmjs.org/utils-merge/-/utils-merge-1.0.1.tgz 5092ms (cache miss)
1511 http fetch GET 200 https://registry.npmjs.org/write-file-atomic/-/write-file-atomic-4.0.2.tgz 5275ms (cache miss)
1512 http fetch GET 200 https://registry.npmjs.org/use-sync-external-store/-/use-sync-external-store-1.6.0.tgz 5691ms (cache miss)
1513 http fetch GET 200 https://registry.npmjs.org/warn-once/-/warn-once-0.1.1.tgz 5760ms (cache miss)
1514 http fetch GET 200 https://registry.npmjs.org/use-latest-callback/-/use-latest-callback-0.2.6.tgz 5876ms (cache miss)
1515 http fetch GET 200 https://registry.npmjs.org/vlq/-/vlq-1.0.1.tgz 5886ms (cache miss)
1516 http fetch GET 200 https://registry.npmjs.org/wcwidth/-/wcwidth-1.0.1.tgz 6051ms (cache miss)
1517 http fetch GET 200 https://registry.npmjs.org/update-browserslist-db/-/update-browserslist-db-1.2.3.tgz 6228ms (cache miss)
1518 http fetch GET 200 https://registry.npmjs.org/unicode-match-property-ecmascript/-/unicode-match-property-ecmascript-2.0.0.tgz 6221ms (cache miss)
1519 http fetch GET 200 https://registry.npmjs.org/yaml/-/yaml-2.8.3.tgz 6290ms (cache miss)
1520 http fetch GET 200 https://registry.npmjs.org/webidl-conversions/-/webidl-conversions-3.0.1.tgz 6289ms (cache miss)
1521 http fetch GET 200 https://registry.npmjs.org/unpipe/-/unpipe-1.0.0.tgz 6298ms (cache miss)
1522 http fetch GET 200 https://registry.npmjs.org/uuid/-/uuid-7.0.3.tgz 6330ms (cache miss)
1523 http fetch GET 200 https://registry.npmjs.org/type-detect/-/type-detect-4.0.8.tgz 6428ms (cache miss)
1524 http fetch GET 200 https://registry.npmjs.org/toidentifier/-/toidentifier-1.0.1.tgz 6508ms (cache miss)
1525 http fetch GET 200 https://registry.npmjs.org/tmpl/-/tmpl-1.0.5.tgz 6908ms (cache miss)
1526 http fetch GET 200 https://registry.npmjs.org/tr46/-/tr46-0.0.3.tgz 6936ms (cache miss)
1527 http fetch GET 200 https://registry.npmjs.org/unicode-match-property-value-ecmascript/-/unicode-match-property-value-ecmascript-2.2.1.tgz 6982ms (cache miss)
1528 http fetch GET 200 https://registry.npmjs.org/vary/-/vary-1.1.2.tgz 6997ms (cache miss)
1529 http fetch GET 200 https://registry.npmjs.org/throat/-/throat-5.0.0.tgz 6973ms (cache miss)
1530 http fetch GET 200 https://registry.npmjs.org/unicode-canonical-property-names-ecmascript/-/unicode-canonical-property-names-ecmascript-2.0.1.tgz 7234ms (cache miss)
1531 http fetch GET 200 https://registry.npmjs.org/terminal-link/-/terminal-link-2.1.1.tgz 7242ms (cache miss)
1532 http fetch GET 200 https://registry.npmjs.org/type-fest/-/type-fest-0.7.1.tgz 7277ms (cache miss)
1533 http fetch GET 200 https://registry.npmjs.org/tinyglobby/-/tinyglobby-0.2.16.tgz 7267ms (cache miss)
1534 http fetch GET 200 https://registry.npmjs.org/toqr/-/toqr-0.1.1.tgz 7278ms (cache miss)
1535 http fetch GET 200 https://registry.npmjs.org/ua-parser-js/-/ua-parser-js-1.0.41.tgz 7308ms (cache miss)
1536 http fetch GET 200 https://registry.npmjs.org/supports-hyperlinks/-/supports-hyperlinks-2.3.0.tgz 7286ms (cache miss)
1537 http fetch GET 200 https://registry.npmjs.org/supports-color/-/supports-color-7.2.0.tgz 7285ms (cache miss)
1538 http fetch GET 200 https://registry.npmjs.org/walker/-/walker-1.0.8.tgz 7344ms (cache miss)
1539 http fetch GET 200 https://registry.npmjs.org/test-exclude/-/test-exclude-6.0.0.tgz 7310ms (cache miss)
1540 http fetch GET 200 https://registry.npmjs.org/string-width/-/string-width-4.2.3.tgz 7303ms (cache miss)
1541 http fetch GET 200 https://registry.npmjs.org/to-regex-range/-/to-regex-range-5.0.1.tgz 7330ms (cache miss)
1542 http fetch GET 200 https://registry.npmjs.org/strip-ansi/-/strip-ansi-6.0.1.tgz 7330ms (cache miss)
1543 http fetch GET 200 https://registry.npmjs.org/strict-uri-encode/-/strict-uri-encode-2.0.0.tgz 7328ms (cache miss)
1544 http fetch GET 200 https://registry.npmjs.org/supports-preserve-symlinks-flag/-/supports-preserve-symlinks-flag-1.0.0.tgz 7369ms (cache miss)
1545 http fetch GET 200 https://registry.npmjs.org/styleq/-/styleq-0.1.3.tgz 7414ms (cache miss)
1546 http fetch GET 200 https://registry.npmjs.org/undici-types/-/undici-types-7.19.2.tgz 7507ms (cache miss)
1547 http fetch GET 200 https://registry.npmjs.org/structured-headers/-/structured-headers-0.4.1.tgz 7556ms (cache miss)
1548 http fetch GET 200 https://registry.npmjs.org/source-map-support/-/source-map-support-0.5.21.tgz 7785ms (cache miss)
1549 http fetch GET 200 https://registry.npmjs.org/unicode-property-aliases-ecmascript/-/unicode-property-aliases-ecmascript-2.2.0.tgz 7841ms (cache miss)
1550 http fetch GET 200 https://registry.npmjs.org/stack-utils/-/stack-utils-2.0.6.tgz 7850ms (cache miss)
1551 http fetch GET 200 https://registry.npmjs.org/text-segmentation/-/text-segmentation-1.0.3.tgz 7886ms (cache miss)
1552 http fetch GET 200 https://registry.npmjs.org/tagged-tag/-/tagged-tag-1.0.0.tgz 7975ms (cache miss)
1553 http fetch GET 200 https://registry.npmjs.org/sprintf-js/-/sprintf-js-1.0.3.tgz 8339ms (cache miss)
1554 http fetch GET 200 https://registry.npmjs.org/sisteransi/-/sisteransi-1.0.5.tgz 8452ms (cache miss)
1555 http fetch GET 200 https://registry.npmjs.org/slugify/-/slugify-1.6.9.tgz 8902ms (cache miss)
1556 http fetch GET 200 https://registry.npmjs.org/statuses/-/statuses-1.5.0.tgz 8973ms (cache miss)
1557 http fetch GET 200 https://registry.npmjs.org/text-encoding/-/text-encoding-0.7.0.tgz 9057ms (cache miss)
1558 warn deprecated text-encoding@0.7.0: no longer maintained
1559 http fetch GET 200 https://registry.npmjs.org/zod/-/zod-3.25.76.tgz 9151ms (cache miss)
1560 http fetch GET 200 https://registry.npmjs.org/shebang-regex/-/shebang-regex-3.0.0.tgz 9147ms (cache miss)
1561 http fetch GET 200 https://registry.npmjs.org/source-map-js/-/source-map-js-1.2.1.tgz 9264ms (cache miss)
1562 http fetch GET 200 https://registry.npmjs.org/slash/-/slash-3.0.0.tgz 9353ms (cache miss)
1563 http fetch GET 200 https://registry.npmjs.org/stacktrace-parser/-/stacktrace-parser-0.1.11.tgz 9422ms (cache miss)
1564 http fetch GET 200 https://registry.npmjs.org/signal-exit/-/signal-exit-3.0.7.tgz 9597ms (cache miss)
1565 http fetch GET 200 https://registry.npmjs.org/stackframe/-/stackframe-1.3.4.tgz 9797ms (cache miss)
1566 http fetch GET 200 https://registry.npmjs.org/utrie/-/utrie-1.0.2.tgz 9857ms (cache miss)
1567 http fetch GET 200 https://registry.npmjs.org/sf-symbols-typescript/-/sf-symbols-typescript-2.2.0.tgz 9794ms (cache miss)
1568 http fetch GET 200 https://registry.npmjs.org/shebang-command/-/shebang-command-2.0.0.tgz 9826ms (cache miss)
1569 http fetch GET 200 https://registry.npmjs.org/setprototypeof/-/setprototypeof-1.2.0.tgz 10014ms (cache miss)
1570 http fetch GET 200 https://registry.npmjs.org/send/-/send-0.19.2.tgz 10141ms (cache miss)
1571 http fetch GET 200 https://registry.npmjs.org/shell-quote/-/shell-quote-1.8.3.tgz 10205ms (cache miss)
1572 http fetch GET 200 https://registry.npmjs.org/serve-static/-/serve-static-1.16.3.tgz 10278ms (cache miss)
1573 http fetch GET 200 https://registry.npmjs.org/setimmediate/-/setimmediate-1.0.5.tgz 10342ms (cache miss)
1574 http fetch GET 200 https://registry.npmjs.org/set-blocking/-/set-blocking-2.0.0.tgz 10358ms (cache miss)
1575 http fetch GET 200 https://registry.npmjs.org/restore-cursor/-/restore-cursor-2.0.0.tgz 10431ms (cache miss)
1576 http fetch GET 200 https://registry.npmjs.org/rimraf/-/rimraf-3.0.2.tgz 10636ms (cache miss)
1577 http fetch GET 200 https://registry.npmjs.org/terser/-/terser-5.46.1.tgz 10715ms (cache miss)
1578 warn deprecated rimraf@3.0.2: Rimraf versions prior to v4 are no longer supported
1579 http fetch GET 200 https://registry.npmjs.org/semver/-/semver-6.3.1.tgz 10693ms (cache miss)
1580 http fetch GET 200 https://registry.npmjs.org/simple-swizzle/-/simple-swizzle-0.2.4.tgz 10856ms (cache miss)
1581 http fetch GET 200 https://registry.npmjs.org/require-directory/-/require-directory-2.1.1.tgz 10905ms (cache miss)
1582 http fetch GET 200 https://registry.npmjs.org/resolve-from/-/resolve-from-5.0.0.tgz 10955ms (cache miss)
1583 http fetch GET 200 https://registry.npmjs.org/safe-buffer/-/safe-buffer-5.2.1.tgz 10986ms (cache miss)
1584 http fetch GET 200 https://registry.npmjs.org/regjsparser/-/regjsparser-0.13.1.tgz 11062ms (cache miss)
1585 http fetch GET 200 https://registry.npmjs.org/resolve-workspace-root/-/resolve-workspace-root-2.0.1.tgz 11096ms (cache miss)
1586 http fetch GET 200 https://registry.npmjs.org/source-map/-/source-map-0.5.7.tgz 11137ms (cache miss)
1587 http fetch GET 200 https://registry.npmjs.org/require-main-filename/-/require-main-filename-2.0.0.tgz 11229ms (cache miss)
1588 http fetch GET 200 https://registry.npmjs.org/regenerate/-/regenerate-1.4.2.tgz 11259ms (cache miss)
1589 http fetch GET 200 https://registry.npmjs.org/regjsgen/-/regjsgen-0.8.0.tgz 11281ms (cache miss)
1590 http fetch GET 200 https://registry.npmjs.org/regexpu-core/-/regexpu-core-6.4.0.tgz 11429ms (cache miss)
1591 http fetch GET 200 https://registry.npmjs.org/simple-plist/-/simple-plist-1.3.1.tgz 11520ms (cache miss)
1592 http fetch GET 200 https://registry.npmjs.org/resolve/-/resolve-1.22.12.tgz 11531ms (cache miss)
1593 http fetch GET 200 https://registry.npmjs.org/react-refresh/-/react-refresh-0.18.0.tgz 11673ms (cache miss)
1594 http fetch GET 200 https://registry.npmjs.org/wrap-ansi/-/wrap-ansi-7.0.0.tgz 12377ms (cache miss)
1595 http fetch GET 200 https://registry.npmjs.org/react-native-is-edge-to-edge/-/react-native-is-edge-to-edge-1.3.1.tgz 13201ms (cache miss)
1596 http fetch GET 200 https://registry.npmjs.org/regenerator-runtime/-/regenerator-runtime-0.13.11.tgz 13225ms (cache miss)
1597 http fetch GET 200 https://registry.npmjs.org/zxing-wasm/-/zxing-wasm-3.0.2.tgz 13474ms (cache miss)
1598 http fetch GET 200 https://registry.npmjs.org/scheduler/-/scheduler-0.27.0.tgz 13406ms (cache miss)
1599 http fetch GET 200 https://registry.npmjs.org/sax/-/sax-1.6.0.tgz 13688ms (cache miss)
1600 http fetch GET 200 https://registry.npmjs.org/regenerate-unicode-properties/-/regenerate-unicode-properties-10.2.2.tgz 14877ms (cache miss)
1601 http fetch GET 200 https://registry.npmjs.org/react-is/-/react-is-19.2.5.tgz 15186ms (cache miss)
1602 http fetch GET 200 https://registry.npmjs.org/stream-buffers/-/stream-buffers-2.2.0.tgz 15673ms (cache miss)
1603 http fetch GET 200 https://registry.npmjs.org/react-native-worklets/-/react-native-worklets-0.8.1.tgz 16966ms (cache miss)
1604 http fetch GET 200 https://registry.npmjs.org/react/-/react-19.2.0.tgz 17249ms (cache miss)
1605 http fetch GET 200 https://registry.npmjs.org/serialize-error/-/serialize-error-2.1.0.tgz 19726ms (cache miss)
1606 http fetch GET 200 https://registry.npmjs.org/queue/-/queue-6.0.2.tgz 19886ms (cache miss)
1607 http fetch GET 200 https://registry.npmjs.org/split-on-first/-/split-on-first-1.1.0.tgz 20878ms (cache miss)
1608 http fetch GET 200 https://registry.npmjs.org/range-parser/-/range-parser-1.2.1.tgz 20944ms (cache miss)
1609 http fetch GET 200 https://registry.npmjs.org/promise/-/promise-8.3.0.tgz 21462ms (cache miss)
1610 http fetch GET 200 https://registry.npmjs.org/progress/-/progress-2.0.3.tgz 22062ms (cache miss)
1611 http fetch GET 200 https://registry.npmjs.org/pretty-format/-/pretty-format-29.7.0.tgz 22281ms (cache miss)
1612 http fetch GET 200 https://registry.npmjs.org/query-string/-/query-string-7.1.3.tgz 22308ms (cache miss)
1613 http fetch GET 200 https://registry.npmjs.org/prop-types/-/prop-types-15.8.1.tgz 22347ms (cache miss)
1614 http fetch GET 200 https://registry.npmjs.org/proc-log/-/proc-log-4.2.0.tgz 22549ms (cache miss)
1615 http fetch GET 200 https://registry.npmjs.org/react-native-safe-area-context/-/react-native-safe-area-context-5.6.2.tgz 22870ms (cache miss)
1616 http fetch GET 200 https://registry.npmjs.org/postcss/-/postcss-8.4.49.tgz 22939ms (cache miss)
1617 http fetch GET 200 https://registry.npmjs.org/pirates/-/pirates-4.0.7.tgz 23081ms (cache miss)
1618 http fetch GET 200 https://registry.npmjs.org/picomatch/-/picomatch-2.3.2.tgz 23449ms (cache miss)
1619 http fetch GET 200 https://registry.npmjs.org/react-native-screens/-/react-native-screens-4.23.0.tgz 24507ms (cache miss)
1620 http fetch GET 200 https://registry.npmjs.org/prompts/-/prompts-2.4.2.tgz 24752ms (cache miss)
1621 http fetch GET 200 https://registry.npmjs.org/path-scurry/-/path-scurry-2.0.2.tgz 25308ms (cache miss)
1622 http fetch GET 200 https://registry.npmjs.org/path-is-absolute/-/path-is-absolute-1.0.1.tgz 25447ms (cache miss)
1623 http fetch GET 200 https://registry.npmjs.org/react-native-gesture-handler/-/react-native-gesture-handler-2.30.1.tgz 25555ms (cache miss)
1624 http fetch GET 200 https://registry.npmjs.org/path-exists/-/path-exists-4.0.0.tgz 25510ms (cache miss)
1625 http fetch GET 200 https://registry.npmjs.org/path-key/-/path-key-3.1.1.tgz 25570ms (cache miss)
1626 http fetch GET 200 https://registry.npmjs.org/parse-png/-/parse-png-2.1.0.tgz 25615ms (cache miss)
1627 http fetch GET 200 https://registry.npmjs.org/postcss-value-parser/-/postcss-value-parser-4.2.0.tgz 25703ms (cache miss)
1628 http fetch GET 200 https://registry.npmjs.org/p-try/-/p-try-2.2.0.tgz 25768ms (cache miss)
1629 http fetch GET 200 https://registry.npmjs.org/path-parse/-/path-parse-1.0.7.tgz 26130ms (cache miss)
1630 http fetch GET 200 https://registry.npmjs.org/plist/-/plist-3.1.0.tgz 26319ms (cache miss)
1631 http fetch GET 200 https://registry.npmjs.org/parseurl/-/parseurl-1.3.3.tgz 26308ms (cache miss)
1632 http fetch GET 200 https://registry.npmjs.org/ora/-/ora-3.4.0.tgz 26389ms (cache miss)
1633 http fetch GET 200 https://registry.npmjs.org/p-locate/-/p-locate-4.1.0.tgz 26607ms (cache miss)
1634 http fetch GET 200 https://registry.npmjs.org/on-headers/-/on-headers-1.1.0.tgz 26605ms (cache miss)
1635 http fetch GET 200 https://registry.npmjs.org/onetime/-/onetime-2.0.1.tgz 26625ms (cache miss)
1636 http fetch GET 200 https://registry.npmjs.org/ob1/-/ob1-0.83.6.tgz 26755ms (cache miss)
1637 http fetch GET 200 https://registry.npmjs.org/object-assign/-/object-assign-4.1.1.tgz 26758ms (cache miss)
1638 http fetch GET 200 https://registry.npmjs.org/once/-/once-1.4.0.tgz 26828ms (cache miss)
1639 http fetch GET 200 https://registry.npmjs.org/open/-/open-7.4.2.tgz 26959ms (cache miss)
1640 http fetch GET 200 https://registry.npmjs.org/pngjs/-/pngjs-3.4.0.tgz 26995ms (cache miss)
1641 http fetch GET 200 https://registry.npmjs.org/nth-check/-/nth-check-2.1.1.tgz 26974ms (cache miss)
1642 http fetch GET 200 https://registry.npmjs.org/node-int64/-/node-int64-0.4.0.tgz 27156ms (cache miss)
1643 http fetch GET 200 https://registry.npmjs.org/normalize-path/-/normalize-path-3.0.0.tgz 27249ms (cache miss)
1644 http fetch GET 200 https://registry.npmjs.org/npm-package-arg/-/npm-package-arg-11.0.3.tgz 27341ms (cache miss)
1645 http fetch GET 200 https://registry.npmjs.org/nullthrows/-/nullthrows-1.1.1.tgz 27516ms (cache miss)
1646 http fetch GET 200 https://registry.npmjs.org/negotiator/-/negotiator-1.0.0.tgz 27549ms (cache miss)
1647 http fetch GET 200 https://registry.npmjs.org/nanoid/-/nanoid-3.3.11.tgz 27563ms (cache miss)
1648 http fetch GET 200 https://registry.npmjs.org/node-fetch/-/node-fetch-2.7.0.tgz 27701ms (cache miss)
1649 http fetch GET 200 https://registry.npmjs.org/ms/-/ms-2.1.3.tgz 27714ms (cache miss)
1650 http fetch GET 200 https://registry.npmjs.org/node-releases/-/node-releases-2.0.37.tgz 27766ms (cache miss)
1651 http fetch GET 200 https://registry.npmjs.org/mimic-fn/-/mimic-fn-1.2.0.tgz 27876ms (cache miss)
1652 http fetch GET 200 https://registry.npmjs.org/multitars/-/multitars-1.0.0.tgz 28372ms (cache miss)
1653 http fetch GET 200 https://registry.npmjs.org/mkdirp/-/mkdirp-1.0.4.tgz 28687ms (cache miss)
1654 http fetch GET 200 https://registry.npmjs.org/mime-types/-/mime-types-3.0.2.tgz 28870ms (cache miss)
1655 http fetch GET 200 https://registry.npmjs.org/micromatch/-/micromatch-4.0.8.tgz 29255ms (cache miss)
1656 http fetch GET 200 https://registry.npmjs.org/mime-db/-/mime-db-1.54.0.tgz 29657ms (cache miss)
1657 http fetch GET 200 https://registry.npmjs.org/minipass/-/minipass-7.1.3.tgz 29983ms (cache miss)
1658 http fetch GET 200 https://registry.npmjs.org/minimatch/-/minimatch-10.2.5.tgz 30124ms (cache miss)
1659 http fetch GET 200 https://registry.npmjs.org/picocolors/-/picocolors-1.1.1.tgz 30822ms (cache miss)
1660 http fetch GET 200 https://registry.npmjs.org/metro-source-map/-/metro-source-map-0.83.6.tgz 30767ms (cache miss)
1661 http fetch GET 200 https://registry.npmjs.org/metro-transform-worker/-/metro-transform-worker-0.83.6.tgz 30857ms (cache miss)
1662 http fetch GET 200 https://registry.npmjs.org/react-dom/-/react-dom-19.2.0.tgz 31021ms (cache miss)
1663 http fetch GET 200 https://registry.npmjs.org/metro-core/-/metro-core-0.83.6.tgz 31013ms (cache miss)
1664 http fetch GET 200 https://registry.npmjs.org/metro-cache-key/-/metro-cache-key-0.83.6.tgz 31016ms (cache miss)
1665 http fetch GET 200 https://registry.npmjs.org/metro-minify-terser/-/metro-minify-terser-0.83.6.tgz 31034ms (cache miss)
1666 http fetch GET 200 https://registry.npmjs.org/metro-runtime/-/metro-runtime-0.84.3.tgz 31086ms (cache miss)
1667 http fetch GET 200 https://registry.npmjs.org/metro-symbolicate/-/metro-symbolicate-0.83.6.tgz 31144ms (cache miss)
1668 http fetch GET 200 https://registry.npmjs.org/metro-resolver/-/metro-resolver-0.83.6.tgz 31327ms (cache miss)
1669 http fetch GET 200 https://registry.npmjs.org/metro-cache/-/metro-cache-0.83.6.tgz 31374ms (cache miss)
1670 http fetch GET 200 https://registry.npmjs.org/memoize-one/-/memoize-one-5.2.1.tgz 31406ms (cache miss)
1671 http fetch GET 200 https://registry.npmjs.org/merge-options/-/merge-options-3.0.4.tgz 31476ms (cache miss)
1672 http fetch GET 200 https://registry.npmjs.org/metro-babel-transformer/-/metro-babel-transformer-0.83.6.tgz 31617ms (cache miss)
1673 http fetch GET 200 https://registry.npmjs.org/mime/-/mime-1.6.0.tgz 31818ms (cache miss)
1674 http fetch GET 200 https://registry.npmjs.org/makeerror/-/makeerror-1.0.12.tgz 32077ms (cache miss)
1675 http fetch GET 200 https://registry.npmjs.org/on-finished/-/on-finished-2.3.0.tgz 32115ms (cache miss)
1676 http fetch GET 200 https://registry.npmjs.org/merge-stream/-/merge-stream-2.0.0.tgz 32183ms (cache miss)
1677 http fetch GET 200 https://registry.npmjs.org/marky/-/marky-1.3.0.tgz 32185ms (cache miss)
1678 http fetch GET 200 https://registry.npmjs.org/metro-config/-/metro-config-0.84.3.tgz 32265ms (cache miss)
1679 http fetch GET 200 https://registry.npmjs.org/log-symbols/-/log-symbols-2.2.0.tgz 32291ms (cache miss)
1680 http fetch GET 200 https://registry.npmjs.org/lodash.throttle/-/lodash.throttle-4.1.1.tgz 32304ms (cache miss)
1681 http fetch GET 200 https://registry.npmjs.org/metro-file-map/-/metro-file-map-0.83.6.tgz 32419ms (cache miss)
1682 http fetch GET 200 https://registry.npmjs.org/locate-path/-/locate-path-5.0.0.tgz 32451ms (cache miss)
1683 http fetch GET 200 https://registry.npmjs.org/metro-transform-plugins/-/metro-transform-plugins-0.83.6.tgz 32561ms (cache miss)
1684 http fetch GET 200 https://registry.npmjs.org/react-native-reanimated/-/react-native-reanimated-4.2.1.tgz 32674ms (cache miss)
1685 http fetch GET 200 https://registry.npmjs.org/loose-envify/-/loose-envify-1.4.0.tgz 32593ms (cache miss)
1686 http fetch GET 200 https://registry.npmjs.org/lru-cache/-/lru-cache-5.1.1.tgz 32754ms (cache miss)
1687 http fetch GET 200 https://registry.npmjs.org/lighthouse-logger/-/lighthouse-logger-1.4.2.tgz 33159ms (cache miss)
1688 http fetch GET 200 https://registry.npmjs.org/lightningcss/-/lightningcss-1.32.0.tgz 33598ms (cache miss)
1689 http fetch GET 200 https://registry.npmjs.org/lan-network/-/lan-network-0.2.1.tgz 33669ms (cache miss)
1690 http fetch GET 200 https://registry.npmjs.org/kleur/-/kleur-3.0.3.tgz 33735ms (cache miss)
1691 http fetch GET 200 https://registry.npmjs.org/mdn-data/-/mdn-data-2.0.14.tgz 33943ms (cache miss)
1692 http fetch GET 200 https://registry.npmjs.org/jsc-safe-url/-/jsc-safe-url-0.2.4.tgz 33971ms (cache miss)
1693 http fetch GET 200 https://registry.npmjs.org/jsesc/-/jsesc-3.1.0.tgz 34650ms (cache miss)
1694 http fetch GET 200 https://registry.npmjs.org/lodash.debounce/-/lodash.debounce-4.0.8.tgz 34701ms (cache miss)
1695 http fetch GET 200 https://registry.npmjs.org/leven/-/leven-3.1.0.tgz 34810ms (cache miss)
1696 http fetch GET 200 https://registry.npmjs.org/node-forge/-/node-forge-1.4.0.tgz 35142ms (cache miss)
1697 http fetch GET 200 https://registry.npmjs.org/js-tokens/-/js-tokens-4.0.0.tgz 35079ms (cache miss)
1698 http fetch GET 200 https://registry.npmjs.org/jest-util/-/jest-util-29.7.0.tgz 35705ms (cache miss)
1699 http fetch GET 200 https://registry.npmjs.org/js-yaml/-/js-yaml-3.14.2.tgz 35836ms (cache miss)
1700 http fetch GET 200 https://registry.npmjs.org/jest-regex-util/-/jest-regex-util-29.6.3.tgz 35850ms (cache miss)
1701 http fetch GET 200 https://registry.npmjs.org/jest-message-util/-/jest-message-util-29.7.0.tgz 35946ms (cache miss)
1702 http fetch GET 200 https://registry.npmjs.org/jest-worker/-/jest-worker-29.7.0.tgz 36007ms (cache miss)
1703 http fetch GET 200 https://registry.npmjs.org/jest-environment-node/-/jest-environment-node-29.7.0.tgz 36091ms (cache miss)
1704 http fetch GET 200 https://registry.npmjs.org/react-native-svg/-/react-native-svg-15.15.3.tgz 36262ms (cache miss)
1705 http fetch GET 200 https://registry.npmjs.org/jest-get-type/-/jest-get-type-29.6.3.tgz 36224ms (cache miss)
1706 http fetch GET 200 https://registry.npmjs.org/jest-mock/-/jest-mock-29.7.0.tgz 36423ms (cache miss)
1707 http fetch GET 200 https://registry.npmjs.org/istanbul-lib-coverage/-/istanbul-lib-coverage-3.2.2.tgz 36446ms (cache miss)
1708 http fetch GET 200 https://registry.npmjs.org/jest-haste-map/-/jest-haste-map-29.7.0.tgz 36524ms (cache miss)
1709 http fetch GET 200 https://registry.npmjs.org/is-wsl/-/is-wsl-2.2.0.tgz 36540ms (cache miss)
1710 http fetch GET 200 https://registry.npmjs.org/isexe/-/isexe-2.0.0.tgz 36552ms (cache miss)
1711 http fetch GET 200 https://registry.npmjs.org/is-fullwidth-code-point/-/is-fullwidth-code-point-3.0.0.tgz 36567ms (cache miss)
1712 http fetch GET 200 https://registry.npmjs.org/is-plain-obj/-/is-plain-obj-2.1.0.tgz 36595ms (cache miss)
1713 http fetch GET 200 https://registry.npmjs.org/is-docker/-/is-docker-2.2.1.tgz 36711ms (cache miss)
1714 http fetch GET 200 https://registry.npmjs.org/is-number/-/is-number-7.0.0.tgz 36714ms (cache miss)
1715 http fetch GET 200 https://registry.npmjs.org/is-core-module/-/is-core-module-2.16.1.tgz 36915ms (cache miss)
1716 http fetch GET 200 https://registry.npmjs.org/jest-validate/-/jest-validate-29.7.0.tgz 36949ms (cache miss)
1717 http fetch GET 200 https://registry.npmjs.org/invariant/-/invariant-2.2.4.tgz 37005ms (cache miss)
1718 http fetch GET 200 https://registry.npmjs.org/is-arrayish/-/is-arrayish-0.3.4.tgz 37010ms (cache miss)
1719 http fetch GET 200 https://registry.npmjs.org/inherits/-/inherits-2.0.4.tgz 37009ms (cache miss)
1720 http fetch GET 200 https://registry.npmjs.org/inflight/-/inflight-1.0.6.tgz 37136ms (cache miss)
1721 warn deprecated inflight@1.0.6: This module is not supported, and leaks memory. Do not use it. Check out lru-cache if you want a good and tested way to coalesce async requests by a key value, which is much more comprehensive and powerful.
1722 http fetch GET 200 https://registry.npmjs.org/react-freeze/-/react-freeze-1.0.4.tgz 37469ms (cache miss)
1723 http fetch GET 200 https://registry.npmjs.org/imurmurhash/-/imurmurhash-0.1.4.tgz 37323ms (cache miss)
1724 http fetch GET 200 https://registry.npmjs.org/istanbul-lib-instrument/-/istanbul-lib-instrument-5.2.1.tgz 37423ms (cache miss)
1725 http fetch GET 200 https://registry.npmjs.org/hyphenate-style-name/-/hyphenate-style-name-1.1.0.tgz 37558ms (cache miss)
1726 http fetch GET 200 https://registry.npmjs.org/http-errors/-/http-errors-2.0.1.tgz 37680ms (cache miss)
1727 http fetch GET 200 https://registry.npmjs.org/inline-style-prefixer/-/inline-style-prefixer-7.0.1.tgz 37830ms (cache miss)
1728 http fetch GET 200 https://registry.npmjs.org/ignore/-/ignore-5.3.2.tgz 37824ms (cache miss)
1729 http fetch GET 200 https://registry.npmjs.org/jimp-compact/-/jimp-compact-0.16.1.tgz 38052ms (cache miss)
1730 http fetch GET 200 https://registry.npmjs.org/hoist-non-react-statics/-/hoist-non-react-statics-3.3.2.tgz 38017ms (cache miss)
1731 http fetch GET 200 https://registry.npmjs.org/https-proxy-agent/-/https-proxy-agent-7.0.6.tgz 38103ms (cache miss)
1732 http fetch GET 200 https://registry.npmjs.org/has-flag/-/has-flag-4.0.0.tgz 38161ms (cache miss)
1733 http fetch GET 200 https://registry.npmjs.org/graceful-fs/-/graceful-fs-4.2.11.tgz 38322ms (cache miss)
1734 http fetch GET 200 https://registry.npmjs.org/image-size/-/image-size-1.2.1.tgz 38345ms (cache miss)
1735 http fetch GET 200 https://registry.npmjs.org/hasown/-/hasown-2.0.3.tgz 38539ms (cache miss)
1736 http fetch GET 200 https://registry.npmjs.org/json5/-/json5-2.2.3.tgz 38722ms (cache miss)
1737 http fetch GET 200 https://registry.npmjs.org/get-package-type/-/get-package-type-0.1.0.tgz 38717ms (cache miss)
1738 http fetch GET 200 https://registry.npmjs.org/get-caller-file/-/get-caller-file-2.0.5.tgz 38856ms (cache miss)
1739 http fetch GET 200 https://registry.npmjs.org/hermes-estree/-/hermes-estree-0.33.3.tgz 38964ms (cache miss)
1740 http fetch GET 200 https://registry.npmjs.org/getenv/-/getenv-2.0.0.tgz 39160ms (cache miss)
1741 http fetch GET 200 https://registry.npmjs.org/react-native-web/-/react-native-web-0.21.2.tgz 39388ms (cache miss)
1742 http fetch GET 200 https://registry.npmjs.org/function-bind/-/function-bind-1.1.2.tgz 39222ms (cache miss)
1743 http fetch GET 200 https://registry.npmjs.org/gensync/-/gensync-1.0.0-beta.2.tgz 39268ms (cache miss)
1744 http fetch GET 200 https://registry.npmjs.org/hosted-git-info/-/hosted-git-info-7.0.2.tgz 39533ms (cache miss)
1745 http fetch GET 200 https://registry.npmjs.org/find-up/-/find-up-4.1.0.tgz 39556ms (cache miss)
1746 http fetch GET 200 https://registry.npmjs.org/flow-enums-runtime/-/flow-enums-runtime-0.0.6.tgz 39722ms (cache miss)
1747 http fetch GET 200 https://registry.npmjs.org/filter-obj/-/filter-obj-1.1.0.tgz 39732ms (cache miss)
1748 http fetch GET 200 https://registry.npmjs.org/fbjs-css-vars/-/fbjs-css-vars-1.0.2.tgz 39829ms (cache miss)
1749 http fetch GET 200 https://registry.npmjs.org/metro/-/metro-0.83.6.tgz 39955ms (cache miss)
1750 http fetch GET 200 https://registry.npmjs.org/finalhandler/-/finalhandler-1.1.2.tgz 39910ms (cache miss)
1751 http fetch GET 200 https://registry.npmjs.org/fontfaceobserver/-/fontfaceobserver-2.3.0.tgz 39946ms (cache miss)
1752 http fetch GET 200 https://registry.npmjs.org/fill-range/-/fill-range-7.1.1.tgz 40072ms (cache miss)
1753 http fetch GET 200 https://registry.npmjs.org/fs.realpath/-/fs.realpath-1.0.0.tgz 40226ms (cache miss)
1754 http fetch GET 200 https://registry.npmjs.org/fb-watchman/-/fb-watchman-2.0.2.tgz 40339ms (cache miss)
1755 http fetch GET 200 https://registry.npmjs.org/fast-json-stable-stringify/-/fast-json-stable-stringify-2.1.0.tgz 40718ms (cache miss)
1756 http fetch GET 200 https://registry.npmjs.org/fast-deep-equal/-/fast-deep-equal-3.1.3.tgz 41340ms (cache miss)
1757 http fetch GET 200 https://registry.npmjs.org/exponential-backoff/-/exponential-backoff-3.1.3.tgz 41444ms (cache miss)
1758 http fetch GET 200 https://registry.npmjs.org/fresh/-/fresh-0.5.2.tgz 41590ms (cache miss)
1759 http fetch GET 200 https://registry.npmjs.org/fbjs/-/fbjs-3.0.5.tgz 41650ms (cache miss)
1760 http fetch GET 200 https://registry.npmjs.org/react-native-qrcode-svg/-/react-native-qrcode-svg-6.3.21.tgz 42570ms (cache miss)
1761 http fetch GET 200 https://registry.npmjs.org/expo-server/-/expo-server-55.0.9.tgz 42676ms (cache miss)
1762 http fetch GET 200 https://registry.npmjs.org/fetch-nodeshim/-/fetch-nodeshim-0.4.10.tgz 43101ms (cache miss)
1763 http fetch GET 200 https://registry.npmjs.org/expo-linear-gradient/-/expo-linear-gradient-55.0.14.tgz 43911ms (cache miss)
1764 http fetch GET 200 https://registry.npmjs.org/expo-status-bar/-/expo-status-bar-55.0.6.tgz 44441ms (cache miss)
1765 http fetch GET 200 https://registry.npmjs.org/expo-keep-awake/-/expo-keep-awake-55.0.8.tgz 46021ms (cache miss)
1766 http fetch GET 200 https://registry.npmjs.org/react-native-view-shot/-/react-native-view-shot-4.0.3.tgz 47222ms (cache miss)
1767 http fetch GET 200 https://registry.npmjs.org/glob/-/glob-13.0.6.tgz 47335ms (cache miss)
1768 http fetch GET 200 https://registry.npmjs.org/expo-sharing/-/expo-sharing-55.0.19.tgz 48122ms (cache miss)
1769 http fetch GET 200 https://registry.npmjs.org/expo-font/-/expo-font-55.0.7.tgz 63376ms (cache miss)
1770 http fetch GET 200 https://registry.npmjs.org/html2canvas/-/html2canvas-1.4.1.tgz 65659ms (cache miss)
1771 http fetch GET 200 https://registry.npmjs.org/expo-clipboard/-/expo-clipboard-55.0.13.tgz 70113ms (cache miss)
1772 http fetch GET 200 https://registry.npmjs.org/expo-sensors/-/expo-sensors-55.0.15.tgz 74194ms (cache miss)
1773 http fetch GET 200 https://registry.npmjs.org/event-target-shim/-/event-target-shim-5.0.1.tgz 74534ms (cache miss)
1774 http fetch GET 200 https://registry.npmjs.org/expo-modules-autolinking/-/expo-modules-autolinking-55.0.22.tgz 75048ms (cache miss)
1775 http fetch GET 200 https://registry.npmjs.org/etag/-/etag-1.8.1.tgz 75860ms (cache miss)
1776 http fetch GET 200 https://registry.npmjs.org/esprima/-/esprima-4.0.1.tgz 76617ms (cache miss)
1777 http fetch GET 200 https://registry.npmjs.org/escape-html/-/escape-html-1.0.3.tgz 77822ms (cache miss)
1778 http fetch GET 200 https://registry.npmjs.org/expo-asset/-/expo-asset-55.0.17.tgz 78161ms (cache miss)
1779 http fetch GET 200 https://registry.npmjs.org/expo-print/-/expo-print-55.0.15.tgz 78272ms (cache miss)
1780 http fetch GET 200 https://registry.npmjs.org/error-stack-parser/-/error-stack-parser-2.1.4.tgz 78361ms (cache miss)
1781 http fetch GET 200 https://registry.npmjs.org/es-errors/-/es-errors-1.3.0.tgz 78397ms (cache miss)
1782 http fetch GET 200 https://registry.npmjs.org/escalade/-/escalade-3.2.0.tgz 78477ms (cache miss)
1783 http fetch GET 200 https://registry.npmjs.org/encodeurl/-/encodeurl-1.0.2.tgz 78633ms (cache miss)
1784 http fetch GET 200 https://registry.npmjs.org/emoji-regex/-/emoji-regex-8.0.0.tgz 78913ms (cache miss)
1785 http fetch GET 200 https://registry.npmjs.org/ee-first/-/ee-first-1.1.1.tgz 79116ms (cache miss)
1786 http fetch GET 200 https://registry.npmjs.org/electron-to-chromium/-/electron-to-chromium-1.5.341.tgz 79169ms (cache miss)
1787 http fetch GET 200 https://registry.npmjs.org/domutils/-/domutils-3.2.2.tgz 79643ms (cache miss)
1788 http fetch GET 200 https://registry.npmjs.org/domhandler/-/domhandler-5.0.3.tgz 79838ms (cache miss)
1789 http fetch GET 200 https://registry.npmjs.org/domelementtype/-/domelementtype-2.3.0.tgz 79931ms (cache miss)
1790 http fetch GET 200 https://registry.npmjs.org/dom-serializer/-/dom-serializer-2.0.0.tgz 80089ms (cache miss)
1791 http fetch GET 200 https://registry.npmjs.org/dijkstrajs/-/dijkstrajs-1.0.3.tgz 80343ms (cache miss)
1792 http fetch GET 200 https://registry.npmjs.org/escape-string-regexp/-/escape-string-regexp-4.0.0.tgz 80381ms (cache miss)
1793 http fetch GET 200 https://registry.npmjs.org/destroy/-/destroy-1.2.0.tgz 80492ms (cache miss)
1794 http fetch GET 200 https://registry.npmjs.org/detect-libc/-/detect-libc-2.1.2.tgz 80581ms (cache miss)
1795 http fetch GET 200 https://registry.npmjs.org/dnssd-advertise/-/dnssd-advertise-1.1.4.tgz 80904ms (cache miss)
1796 http fetch GET 200 https://registry.npmjs.org/depd/-/depd-2.0.0.tgz 81091ms (cache miss)
1797 http fetch GET 200 https://registry.npmjs.org/deepmerge/-/deepmerge-4.3.1.tgz 81350ms (cache miss)
1798 http fetch GET 200 https://registry.npmjs.org/decode-uri-component/-/decode-uri-component-0.2.2.tgz 81514ms (cache miss)
1799 http fetch GET 200 https://registry.npmjs.org/defaults/-/defaults-1.0.4.tgz 81664ms (cache miss)
1800 http fetch GET 200 https://registry.npmjs.org/decamelize/-/decamelize-1.2.0.tgz 81677ms (cache miss)
1801 http fetch GET 200 https://registry.npmjs.org/define-lazy-prop/-/define-lazy-prop-2.0.0.tgz 81785ms (cache miss)
1802 http fetch GET 200 https://registry.npmjs.org/css-what/-/css-what-6.2.2.tgz 82065ms (cache miss)
1803 http fetch GET 200 https://registry.npmjs.org/entities/-/entities-4.5.0.tgz 82161ms (cache miss)
1804 http fetch GET 200 https://registry.npmjs.org/debug/-/debug-4.4.3.tgz 82968ms (cache miss)
1805 http fetch GET 200 https://registry.npmjs.org/expo/-/expo-55.0.24.tgz 83758ms (cache miss)
1806 http fetch GET 200 https://registry.npmjs.org/css-select/-/css-select-5.2.2.tgz 83742ms (cache miss)
1807 http fetch GET 200 https://registry.npmjs.org/cross-spawn/-/cross-spawn-7.0.6.tgz 84106ms (cache miss)
1808 http fetch GET 200 https://registry.npmjs.org/css-tree/-/css-tree-1.1.3.tgz 84138ms (cache miss)
1809 http fetch GET 200 https://registry.npmjs.org/cross-fetch/-/cross-fetch-3.2.0.tgz 84672ms (cache miss)
1810 http fetch GET 200 https://registry.npmjs.org/convert-source-map/-/convert-source-map-2.0.0.tgz 84830ms (cache miss)
1811 http fetch GET 200 https://registry.npmjs.org/core-js-compat/-/core-js-compat-3.49.0.tgz 84910ms (cache miss)
1812 http fetch GET 200 https://registry.npmjs.org/color-string/-/color-string-1.9.1.tgz 85006ms (cache miss)
1813 http fetch GET 200 https://registry.npmjs.org/compression/-/compression-1.8.1.tgz 85083ms (cache miss)
1814 http fetch GET 200 https://registry.npmjs.org/css-in-js-utils/-/css-in-js-utils-3.1.0.tgz 85170ms (cache miss)
1815 http fetch GET 200 https://registry.npmjs.org/concat-map/-/concat-map-0.0.1.tgz 85214ms (cache miss)
1816 http fetch GET 200 https://registry.npmjs.org/color-name/-/color-name-1.1.4.tgz 85330ms (cache miss)
1817 http fetch GET 200 https://registry.npmjs.org/color-convert/-/color-convert-2.0.1.tgz 85532ms (cache miss)
1818 http fetch GET 200 https://registry.npmjs.org/color/-/color-4.2.3.tgz 85791ms (cache miss)
1819 http fetch GET 200 https://registry.npmjs.org/clone/-/clone-1.0.4.tgz 86051ms (cache miss)
1820 http fetch GET 200 https://registry.npmjs.org/commander/-/commander-7.2.0.tgz 86719ms (cache miss)
1821 http fetch GET 200 https://registry.npmjs.org/cli-cursor/-/cli-cursor-2.1.0.tgz 86858ms (cache miss)
1822 http fetch GET 200 https://registry.npmjs.org/cliui/-/cliui-8.0.1.tgz 87027ms (cache miss)
1823 http fetch GET 200 https://registry.npmjs.org/cli-spinners/-/cli-spinners-2.9.2.tgz 87152ms (cache miss)
1824 http fetch GET 200 https://registry.npmjs.org/ci-info/-/ci-info-2.0.0.tgz 87337ms (cache miss)
1825 http fetch GET 200 https://registry.npmjs.org/chrome-launcher/-/chrome-launcher-0.15.2.tgz 88564ms (cache miss)
1826 http fetch GET 200 https://registry.npmjs.org/expo-speech/-/expo-speech-55.0.14.tgz 88729ms (cache miss)
1827 http fetch GET 200 https://registry.npmjs.org/chalk/-/chalk-4.1.2.tgz 88925ms (cache miss)
1828 http fetch GET 200 https://registry.npmjs.org/bytes/-/bytes-3.1.2.tgz 89105ms (cache miss)
1829 http fetch GET 200 https://registry.npmjs.org/camelcase/-/camelcase-6.3.0.tgz 89350ms (cache miss)
1830 http fetch GET 200 https://registry.npmjs.org/buffer-from/-/buffer-from-1.1.2.tgz 89581ms (cache miss)
1831 http fetch GET 200 https://registry.npmjs.org/bser/-/bser-2.1.1.tgz 89799ms (cache miss)
1832 http fetch GET 200 https://registry.npmjs.org/braces/-/braces-3.0.3.tgz 90400ms (cache miss)
1833 http fetch GET 200 https://registry.npmjs.org/chromium-edge-launcher/-/chromium-edge-launcher-0.2.0.tgz 90472ms (cache miss)
1834 http fetch GET 200 https://registry.npmjs.org/bplist-parser/-/bplist-parser-0.3.1.tgz 91543ms (cache miss)
1835 http fetch GET 200 https://registry.npmjs.org/bplist-creator/-/bplist-creator-0.1.0.tgz 91621ms (cache miss)
1836 http fetch GET 200 https://registry.npmjs.org/brace-expansion/-/brace-expansion-5.0.5.tgz 91674ms (cache miss)
1837 http fetch GET 200 https://registry.npmjs.org/boolbase/-/boolbase-1.0.0.tgz 92019ms (cache miss)
1838 http fetch GET 200 https://registry.npmjs.org/browserslist/-/browserslist-4.28.2.tgz 92303ms (cache miss)
1839 http fetch GET 200 https://registry.npmjs.org/big-integer/-/big-integer-1.6.52.tgz 93062ms (cache miss)
1840 http fetch GET 200 https://registry.npmjs.org/hermes-parser/-/hermes-parser-0.33.3.tgz 93427ms (cache miss)
1841 http fetch GET 200 https://registry.npmjs.org/baseline-browser-mapping/-/baseline-browser-mapping-2.10.20.tgz 94093ms (cache miss)
1842 http fetch GET 200 https://registry.npmjs.org/base64-js/-/base64-js-1.5.1.tgz 94349ms (cache miss)
1843 http fetch GET 200 https://registry.npmjs.org/balanced-match/-/balanced-match-1.0.2.tgz 94483ms (cache miss)
1844 http fetch GET 200 https://registry.npmjs.org/base64-arraybuffer/-/base64-arraybuffer-1.0.2.tgz 94642ms (cache miss)
1845 http fetch GET 200 https://registry.npmjs.org/babel-preset-jest/-/babel-preset-jest-29.6.3.tgz 94918ms (cache miss)
1846 http fetch GET 200 https://registry.npmjs.org/babel-preset-current-node-syntax/-/babel-preset-current-node-syntax-1.2.0.tgz 95069ms (cache miss)
1847 http fetch GET 200 https://registry.npmjs.org/babel-preset-expo/-/babel-preset-expo-55.0.21.tgz 96077ms (cache miss)
1848 http fetch GET 200 https://registry.npmjs.org/better-opn/-/better-opn-3.0.2.tgz 96459ms (cache miss)
1849 http fetch GET 200 https://registry.npmjs.org/babel-plugin-syntax-hermes-parser/-/babel-plugin-syntax-hermes-parser-0.33.3.tgz 96478ms (cache miss)
1850 http fetch GET 200 https://registry.npmjs.org/compressible/-/compressible-2.0.18.tgz 96599ms (cache miss)
1851 http fetch GET 200 https://registry.npmjs.org/babel-plugin-react-native-web/-/babel-plugin-react-native-web-0.21.2.tgz 96811ms (cache miss)
1852 http fetch GET 200 https://registry.npmjs.org/babel-plugin-polyfill-regenerator/-/babel-plugin-polyfill-regenerator-0.6.8.tgz 97025ms (cache miss)
1853 http fetch GET 200 https://registry.npmjs.org/barcode-detector/-/barcode-detector-3.1.2.tgz 97242ms (cache miss)
1854 http fetch GET 200 https://registry.npmjs.org/babel-plugin-istanbul/-/babel-plugin-istanbul-6.1.1.tgz 97526ms (cache miss)
1855 http fetch GET 200 https://registry.npmjs.org/babel-plugin-jest-hoist/-/babel-plugin-jest-hoist-29.6.3.tgz 97703ms (cache miss)
1856 http fetch GET 200 https://registry.npmjs.org/babel-plugin-polyfill-corejs2/-/babel-plugin-polyfill-corejs2-0.4.17.tgz 98707ms (cache miss)
1857 http fetch GET 200 https://registry.npmjs.org/babel-jest/-/babel-jest-29.7.0.tgz 98845ms (cache miss)
1858 http fetch GET 200 https://registry.npmjs.org/babel-plugin-polyfill-corejs3/-/babel-plugin-polyfill-corejs3-0.13.0.tgz 98947ms (cache miss)
1859 http fetch GET 200 https://registry.npmjs.org/asap/-/asap-2.0.6.tgz 99914ms (cache miss)
1860 http fetch GET 200 https://registry.npmjs.org/arg/-/arg-5.0.2.tgz 100081ms (cache miss)
1861 http fetch GET 200 https://registry.npmjs.org/anymatch/-/anymatch-3.1.3.tgz 100569ms (cache miss)
1862 http fetch GET 200 https://registry.npmjs.org/ansi-styles/-/ansi-styles-4.3.0.tgz 100768ms (cache miss)
1863 http fetch GET 200 https://registry.npmjs.org/argparse/-/argparse-1.0.10.tgz 100996ms (cache miss)
1864 http fetch GET 200 https://registry.npmjs.org/anser/-/anser-1.4.10.tgz 101129ms (cache miss)
1865 http fetch GET 200 https://registry.npmjs.org/agent-base/-/agent-base-7.1.4.tgz 101462ms (cache miss)
1866 http fetch GET 200 https://registry.npmjs.org/ansi-regex/-/ansi-regex-5.0.1.tgz 101793ms (cache miss)
1867 http fetch GET 200 https://registry.npmjs.org/caniuse-lite/-/caniuse-lite-1.0.30001788.tgz 102239ms (cache miss)
1868 http fetch GET 200 https://registry.npmjs.org/@ungap/structured-clone/-/structured-clone-1.3.0.tgz 102359ms (cache miss)
1869 http fetch GET 200 https://registry.npmjs.org/@xmldom/xmldom/-/xmldom-0.8.13.tgz 102805ms (cache miss)
1870 http fetch GET 200 https://registry.npmjs.org/css-line-break/-/css-line-break-2.1.0.tgz 103150ms (cache miss)
1871 http fetch GET 200 https://registry.npmjs.org/accepts/-/accepts-2.0.0.tgz 103048ms (cache miss)
1872 http fetch GET 200 https://registry.npmjs.org/ansi-escapes/-/ansi-escapes-4.3.2.tgz 103271ms (cache miss)
1873 http fetch GET 200 https://registry.npmjs.org/@types/yargs-parser/-/yargs-parser-21.0.3.tgz 103336ms (cache miss)
1874 http fetch GET 200 https://registry.npmjs.org/abort-controller/-/abort-controller-3.0.0.tgz 103612ms (cache miss)
1875 http fetch GET 200 https://registry.npmjs.org/@types/yargs/-/yargs-17.0.35.tgz 103701ms (cache miss)
1876 http fetch GET 200 https://registry.npmjs.org/@types/stack-utils/-/stack-utils-2.0.3.tgz 104065ms (cache miss)
1877 http fetch GET 200 https://registry.npmjs.org/connect/-/connect-3.7.0.tgz 104147ms (cache miss)
1878 http fetch GET 200 https://registry.npmjs.org/@types/istanbul-reports/-/istanbul-reports-3.0.4.tgz 104555ms (cache miss)
1879 http fetch GET 200 https://registry.npmjs.org/@types/istanbul-lib-report/-/istanbul-lib-report-3.0.3.tgz 104587ms (cache miss)
1880 http fetch GET 200 https://registry.npmjs.org/@types/istanbul-lib-coverage/-/istanbul-lib-coverage-2.0.6.tgz 104920ms (cache miss)
1881 http fetch GET 200 https://registry.npmjs.org/@types/hammerjs/-/hammerjs-2.0.46.tgz 105346ms (cache miss)
1882 http fetch GET 200 https://registry.npmjs.org/acorn/-/acorn-8.16.0.tgz 105768ms (cache miss)
1883 http fetch GET 200 https://registry.npmjs.org/@types/emscripten/-/emscripten-1.41.5.tgz 105796ms (cache miss)
1884 http fetch GET 200 https://registry.npmjs.org/@types/graceful-fs/-/graceful-fs-4.1.9.tgz 105883ms (cache miss)
1885 http fetch GET 200 https://registry.npmjs.org/@types/babel__template/-/babel__template-7.4.4.tgz 106084ms (cache miss)
1886 http fetch GET 200 https://registry.npmjs.org/@types/babel__generator/-/babel__generator-7.27.0.tgz 106852ms (cache miss)
1887 http fetch GET 200 https://registry.npmjs.org/@types/babel__core/-/babel__core-7.20.5.tgz 106868ms (cache miss)
1888 http fetch GET 200 https://registry.npmjs.org/@types/babel__traverse/-/babel__traverse-7.28.0.tgz 106980ms (cache miss)
1889 http fetch GET 200 https://registry.npmjs.org/@sinonjs/fake-timers/-/fake-timers-10.3.0.tgz 107757ms (cache miss)
1890 http fetch GET 200 https://registry.npmjs.org/react-devtools-core/-/react-devtools-core-6.1.5.tgz 108615ms (cache miss)
1891 http fetch GET 200 https://registry.npmjs.org/@sinclair/typebox/-/typebox-0.27.10.tgz 108254ms (cache miss)
1892 http fetch GET 200 https://registry.npmjs.org/@react-navigation/native-stack/-/native-stack-7.14.11.tgz 109426ms (cache miss)
1893 http fetch GET 200 https://registry.npmjs.org/@react-navigation/routers/-/routers-7.5.3.tgz 110769ms (cache miss)
1894 http fetch GET 200 https://registry.npmjs.org/@sinonjs/commons/-/commons-3.0.1.tgz 110887ms (cache miss)
1895 http fetch GET 200 https://registry.npmjs.org/@react-native/normalize-colors/-/normalize-colors-0.83.6.tgz 111498ms (cache miss)
1896 http fetch GET 200 https://registry.npmjs.org/@react-navigation/native/-/native-7.2.2.tgz 111712ms (cache miss)
1897 http fetch GET 200 https://registry.npmjs.org/@react-native/metro-config/-/metro-config-0.85.2.tgz 111917ms (cache miss)
1898 http fetch GET 200 https://registry.npmjs.org/babel-plugin-react-compiler/-/babel-plugin-react-compiler-1.0.0.tgz 112055ms (cache miss)
1899 http fetch GET 200 https://registry.npmjs.org/babel-plugin-transform-flow-enums/-/babel-plugin-transform-flow-enums-0.0.2.tgz 112051ms (cache miss)
1900 http fetch GET 200 https://registry.npmjs.org/@react-native/metro-babel-transformer/-/metro-babel-transformer-0.85.2.tgz 112536ms (cache miss)
1901 http fetch GET 200 https://registry.npmjs.org/@react-navigation/stack/-/stack-7.8.10.tgz 112766ms (cache miss)
1902 http fetch GET 200 https://registry.npmjs.org/@react-native/dev-middleware/-/dev-middleware-0.83.6.tgz 113346ms (cache miss)
1903 http fetch GET 200 https://registry.npmjs.org/@react-navigation/elements/-/elements-2.9.14.tgz 113766ms (cache miss)
1904 http fetch GET 200 https://registry.npmjs.org/@react-native/js-polyfills/-/js-polyfills-0.85.2.tgz 114309ms (cache miss)
1905 http fetch GET 200 https://registry.npmjs.org/lightningcss-win32-x64-msvc/-/lightningcss-win32-x64-msvc-1.32.0.tgz 115446ms (cache miss)
1906 http fetch GET 200 https://registry.npmjs.org/@types/node/-/node-25.6.0.tgz 115199ms (cache miss)
1907 http fetch GET 200 https://registry.npmjs.org/@react-native/gradle-plugin/-/gradle-plugin-0.83.6.tgz 116296ms (cache miss)
1908 http fetch GET 200 https://registry.npmjs.org/@react-native/community-cli-plugin/-/community-cli-plugin-0.83.6.tgz 116288ms (cache miss)
1909 http fetch GET 200 https://registry.npmjs.org/@jridgewell/trace-mapping/-/trace-mapping-0.3.31.tgz 116679ms (cache miss)
1910 http fetch GET 200 https://registry.npmjs.org/@react-native/babel-plugin-codegen/-/babel-plugin-codegen-0.85.2.tgz 116903ms (cache miss)
1911 http fetch GET 200 https://registry.npmjs.org/@jridgewell/sourcemap-codec/-/sourcemap-codec-1.5.5.tgz 117220ms (cache miss)
1912 http fetch GET 200 https://registry.npmjs.org/@jridgewell/remapping/-/remapping-2.3.5.tgz 117622ms (cache miss)
1913 http fetch GET 200 https://registry.npmjs.org/@jridgewell/source-map/-/source-map-0.3.11.tgz 117923ms (cache miss)
1914 http fetch GET 200 https://registry.npmjs.org/@jest/types/-/types-29.6.3.tgz 127159ms (cache miss)
1915 http fetch GET 200 https://registry.npmjs.org/@jest/schemas/-/schemas-29.6.3.tgz 128147ms (cache miss)
1916 http fetch GET 200 https://registry.npmjs.org/@jest/fake-timers/-/fake-timers-29.7.0.tgz 128278ms (cache miss)
1917 http fetch GET 200 https://registry.npmjs.org/@jest/environment/-/environment-29.7.0.tgz 128287ms (cache miss)
1918 http fetch GET 200 https://registry.npmjs.org/@jest/create-cache-key-function/-/create-cache-key-function-29.7.0.tgz 129009ms (cache miss)
1919 http fetch GET 200 https://registry.npmjs.org/@isaacs/ttlcache/-/ttlcache-1.4.1.tgz 129017ms (cache miss)
1920 http fetch GET 200 https://registry.npmjs.org/@jridgewell/resolve-uri/-/resolve-uri-3.1.2.tgz 129047ms (cache miss)
1921 http fetch GET 200 https://registry.npmjs.org/@istanbuljs/load-nyc-config/-/load-nyc-config-1.1.0.tgz 129046ms (cache miss)
1922 http fetch GET 200 https://registry.npmjs.org/@istanbuljs/schema/-/schema-0.1.6.tgz 129064ms (cache miss)
1923 http fetch GET 200 https://registry.npmjs.org/@jest/transform/-/transform-29.7.0.tgz 129148ms (cache miss)
1924 http fetch GET 200 https://registry.npmjs.org/@expo/sudo-prompt/-/sudo-prompt-9.3.2.tgz 129179ms (cache miss)
1925 http fetch GET 200 https://registry.npmjs.org/@expo/spawn-async/-/spawn-async-1.7.2.tgz 129283ms (cache miss)
1926 http fetch GET 200 https://registry.npmjs.org/@jridgewell/gen-mapping/-/gen-mapping-0.3.13.tgz 129483ms (cache miss)
1927 http fetch GET 200 https://registry.npmjs.org/@react-native-async-storage/async-storage/-/async-storage-2.2.0.tgz 129563ms (cache miss)
1928 http fetch GET 200 https://registry.npmjs.org/@expo/sdk-runtime-versions/-/sdk-runtime-versions-1.0.0.tgz 129612ms (cache miss)
1929 http fetch GET 200 https://registry.npmjs.org/@expo/ws-tunnel/-/ws-tunnel-1.0.6.tgz 129757ms (cache miss)
1930 http fetch GET 200 https://registry.npmjs.org/@expo/xcpretty/-/xcpretty-4.4.4.tgz 129788ms (cache miss)
1931 http fetch GET 200 https://registry.npmjs.org/@expo/require-utils/-/require-utils-55.0.5.tgz 130590ms (cache miss)
1932 http fetch GET 200 https://registry.npmjs.org/@react-navigation/core/-/core-7.17.2.tgz 130947ms (cache miss)
1933 http fetch GET https://registry.npmjs.org/@expo/prebuild-config/-/prebuild-config-55.0.18.tgz attempt 1 failed with ECONNRESET
1934 http fetch GET https://registry.npmjs.org/@expo/schema-utils/-/schema-utils-55.0.4.tgz attempt 1 failed with ECONNRESET
1935 http fetch GET https://registry.npmjs.org/@expo/plist/-/plist-0.5.3.tgz attempt 1 failed with ECONNRESET
1936 http fetch GET https://registry.npmjs.org/@expo/osascript/-/osascript-2.4.3.tgz attempt 1 failed with ETIMEDOUT
1937 http fetch GET https://registry.npmjs.org/@expo/prebuild-config/-/prebuild-config-55.0.18.tgz attempt 2 failed with ECONNABORTED
1938 http fetch GET https://registry.npmjs.org/@expo/schema-utils/-/schema-utils-55.0.4.tgz attempt 2 failed with ENETUNREACH
1939 http fetch GET https://registry.npmjs.org/@expo/plist/-/plist-0.5.3.tgz attempt 2 failed with ETIMEDOUT
1940 http fetch GET https://registry.npmjs.org/@expo/osascript/-/osascript-2.4.3.tgz attempt 2 failed with ETIMEDOUT
1941 http fetch GET https://registry.npmjs.org/@expo/prebuild-config/-/prebuild-config-55.0.18.tgz attempt 3 failed with ETIMEDOUT
1942 http fetch GET https://registry.npmjs.org/@expo/schema-utils/-/schema-utils-55.0.4.tgz attempt 3 failed with ETIMEDOUT
1943 http fetch GET https://registry.npmjs.org/@expo/plist/-/plist-0.5.3.tgz attempt 3 failed with ETIMEDOUT
1944 http fetch GET https://registry.npmjs.org/@expo/osascript/-/osascript-2.4.3.tgz attempt 3 failed with ETIMEDOUT
1945 verbose cwd C:\Users\USUARIO\OneDrive - Unicamacho-academico\Documentos\New project\ProyectoIA
1946 verbose os Windows_NT 10.0.26100
1947 verbose node v22.22.0
1948 verbose npm  v10.9.4
1949 error Exit handler never called!
1950 error This is an error with npm itself. Please report this error at:
1951 error   <https://github.com/npm/cli/issues>
1952 verbose exit 1
1953 verbose code 1
1954 error A complete log of this run can be found in: C:\Users\USUARIO\OneDrive - Unicamacho-academico\Documentos\New project\ProyectoIA\.npm-cache\_logs\2026-05-17T04_27_48_976Z-debug-0.log
